#
# A fatal error has been detected by the Java Runtime Environment:
#
#  EXCEPTION_ACCESS_VIOLATION (0xc0000005) at pc=0x00007ffd4f009f29, pid=16000, tid=19224
#
# JRE version: OpenJDK Runtime Environment Temurin-21.0.5+11 (21.0.5+11) (build 21.0.5+11-LTS)
# Java VM: OpenJDK 64-Bit Server VM Temurin-21.0.5+11 (21.0.5+11-LTS, mixed mode, emulated-client, sharing, tiered, compressed oops, compressed class ptrs, g1 gc, windows-amd64)
# Problematic frame:
# V  [jvm.dll+0x319f29]
#
# No core dump will be written. Minidumps are not enabled by default on client versions of Windows
#
# If you would like to submit a bug report, please visit:
#   https://github.com/adoptium/adoptium-support/issues
#

---------------  S U M M A R Y ------------

Command Line: -XX:+ShowCodeDetailsInExceptionMessages -agentlib:jdwp=transport=dt_socket,suspend=y,address=localhost:53140 -Dcom.sun.management.jmxremote -Dcom.sun.management.jmxremote.port=53124 -Dcom.sun.management.jmxremote.authenticate=false -Dcom.sun.management.jmxremote.ssl=false -Djava.rmi.server.hostname=localhost -Dspring.jmx.enabled=true -Dmanagement.endpoints.jmx.exposure.include=* -Dspring.application.admin.enabled=true -XX:TieredStopAtLevel=1 -Dspring.boot.project.name=MAHASBR -javaagent:E:\spring-tool-suite\sts-4.27.0.RELEASE\configuration\org.eclipse.osgi\275\0\.cp\lib\javaagent-shaded.jar -Dfile.encoding=UTF-8 -Dstdout.encoding=UTF-8 -Dstderr.encoding=UTF-8 com.mahasbr.SbrBackEndProjectApplication --spring.output.ansi.enabled=always

Host: Intel(R) Core(TM) i5-9500 CPU @ 3.00GHz, 6 cores, 15G,  Windows 10 , 64 bit Build 19041 (10.0.19041.5915)
Time: Sat Dec 13 14:53:12 2025 India Standard Time elapsed time: 549.207006 seconds (0d 0h 9m 9s)

---------------  T H R E A D  ---------------

Current thread (0x000001956f813ec0):  WorkerThread "GC Thread#0"    [id=19224, stack(0x0000009215b00000,0x0000009215c00000) (1024K)]

Stack: [0x0000009215b00000,0x0000009215c00000],  sp=0x0000009215bfdfb0,  free space=1015k
Native frames: (J=compiled Java code, j=interpreted, Vv=VM code, C=native code)
V  [jvm.dll+0x319f29]
V  [jvm.dll+0x36610e]
V  [jvm.dll+0x314b1b]
V  [jvm.dll+0x31456d]
V  [jvm.dll+0x3eec75]
V  [jvm.dll+0x851846]
V  [jvm.dll+0x85b6a1]
V  [jvm.dll+0x36699a]
V  [jvm.dll+0x36682a]
V  [jvm.dll+0x36e0e4]
V  [jvm.dll+0x36e25b]
V  [jvm.dll+0x8d5807]
V  [jvm.dll+0x8514fb]
V  [jvm.dll+0x6cbbed]
C  [ucrtbase.dll+0x21bb2]
C  [KERNEL32.DLL+0x17374]
C  [ntdll.dll+0x4cc91]

JavaThread 0x000001954ca6f8f0 (nid = 19580) was being processed
Java frames: (J=compiled Java code, j=interpreted, Vv=VM code)
j  java.lang.invoke.DirectMethodHandle$Holder.newInvokeSpecial(Ljava/lang/Object;)Ljava/lang/Object;+15 java.base@21.0.5
J 997 c1 jdk.internal.reflect.DirectConstructorHandleAccessor.newInstance([Ljava/lang/Object;)Ljava/lang/Object; java.base@21.0.5 (130 bytes) @ 0x000001957366c96c [0x000001957366c760+0x000000000000020c]
J 996 c1 java.lang.reflect.Constructor.newInstanceWithCaller([Ljava/lang/Object;ZLjava/lang/Class;)Ljava/lang/Object; java.base@21.0.5 (51 bytes) @ 0x00000195736684bc [0x00000195736683e0+0x00000000000000dc]
J 3934 c1 org.springframework.beans.BeanUtils.instantiateClass(Ljava/lang/reflect/Constructor;[Ljava/lang/Object;)Ljava/lang/Object; (208 bytes) @ 0x0000019573b9a504 [0x0000019573b99f80+0x0000000000000584]
J 10981 c1 org.springframework.beans.factory.support.SimpleInstantiationStrategy.instantiate(Lorg/springframework/beans/factory/support/RootBeanDefinition;Ljava/lang/String;Lorg/springframework/beans/factory/BeanFactory;)Ljava/lang/Object; (123 bytes) @ 0x00000195734e3edc [0x00000195734e3a20+0x00000000000004bc]
J 10980 c1 org.springframework.beans.factory.support.AbstractAutowireCapableBeanFactory.instantiateBean(Ljava/lang/String;Lorg/springframework/beans/factory/support/RootBeanDefinition;)Lorg/springframework/beans/BeanWrapper; (51 bytes) @ 0x0000019573f5c3f4 [0x0000019573f5c340+0x00000000000000b4]
J 9980 c1 org.springframework.beans.factory.support.AbstractAutowireCapableBeanFactory.createBeanInstance(Ljava/lang/String;Lorg/springframework/beans/factory/support/RootBeanDefinition;[Ljava/lang/Object;)Lorg/springframework/beans/BeanWrapper; (245 bytes) @ 0x0000019573e5eb04 [0x0000019573e5e4c0+0x0000000000000644]
J 10247 c1 org.springframework.beans.factory.support.AbstractAutowireCapableBeanFactory.doCreateBean(Ljava/lang/String;Lorg/springframework/beans/factory/support/RootBeanDefinition;[Ljava/lang/Object;)Ljava/lang/Object; (469 bytes) @ 0x00000195735dc5cc [0x00000195735dc420+0x00000000000001ac]
J 10246 c1 org.springframework.beans.factory.support.AbstractAutowireCapableBeanFactory.createBean(Ljava/lang/String;Lorg/springframework/beans/factory/support/RootBeanDefinition;[Ljava/lang/Object;)Ljava/lang/Object; (214 bytes) @ 0x0000019573fdd22c [0x0000019573fdcd40+0x00000000000004ec]
J 10279 c1 org.springframework.beans.factory.support.AbstractBeanFactory$$Lambda+0x0000019501261890.getObject()Ljava/lang/Object; (20 bytes) @ 0x0000019573a36e3c [0x0000019573a36da0+0x000000000000009c]
J 10278 c1 org.springframework.beans.factory.support.DefaultSingletonBeanRegistry.getSingleton(Ljava/lang/String;Lorg/springframework/beans/factory/ObjectFactory;)Ljava/lang/Object; (279 bytes) @ 0x00000195735a283c [0x00000195735a24e0+0x000000000000035c]
J 3834 c1 org.springframework.beans.factory.support.AbstractBeanFactory.doGetBean(Ljava/lang/String;Ljava/lang/Class;[Ljava/lang/Object;Z)Ljava/lang/Object; (787 bytes) @ 0x0000019573b67734 [0x0000019573b670c0+0x0000000000000674]
J 10059 c1 org.springframework.beans.factory.support.AbstractBeanFactory.getBean(Ljava/lang/String;)Ljava/lang/Object; (9 bytes) @ 0x000001957431c9b4 [0x000001957431c940+0x0000000000000074]
j  org.springframework.beans.factory.support.DefaultListableBeanFactory.preInstantiateSingletons()V+152
j  org.springframework.context.support.AbstractApplicationContext.finishBeanFactoryInitialization(Lorg/springframework/beans/factory/config/ConfigurableListableBeanFactory;)V+173
j  org.springframework.context.support.AbstractApplicationContext.refresh()V+94
j  org.springframework.boot.web.servlet.context.ServletWebServerApplicationContext.refresh()V+1
j  org.springframework.boot.SpringApplication.refresh(Lorg/springframework/context/ConfigurableApplicationContext;)V+1
j  org.springframework.boot.SpringApplication.refreshContext(Lorg/springframework/context/ConfigurableApplicationContext;)V+16
j  org.springframework.boot.SpringApplication.run([Ljava/lang/String;)Lorg/springframework/context/ConfigurableApplicationContext;+110
j  org.springframework.boot.SpringApplication.run([Ljava/lang/Class;[Ljava/lang/String;)Lorg/springframework/context/ConfigurableApplicationContext;+9
j  org.springframework.boot.SpringApplication.run(Ljava/lang/Class;[Ljava/lang/String;)Lorg/springframework/context/ConfigurableApplicationContext;+9
j  com.mahasbr.SbrBackEndProjectApplication.main([Ljava/lang/String;)V+12
j  java.lang.invoke.LambdaForm$DMH+0x0000019501004c00.invokeStatic(Ljava/lang/Object;Ljava/lang/Object;)V+10 java.base@21.0.5
j  java.lang.invoke.LambdaForm$MH+0x0000019501180800.invoke(Ljava/lang/Object;Ljava/lang/Object;Ljava/lang/Object;)Ljava/lang/Object;+33 java.base@21.0.5
J 5018 c1 jdk.internal.reflect.DirectMethodHandleAccessor.invoke(Ljava/lang/Object;[Ljava/lang/Object;)Ljava/lang/Object; java.base@21.0.5 (92 bytes) @ 0x0000019573d89584 [0x0000019573d89220+0x0000000000000364]
J 5175 c1 java.lang.reflect.Method.invoke(Ljava/lang/Object;[Ljava/lang/Object;)Ljava/lang/Object; java.base@21.0.5 (108 bytes) @ 0x000001957357ddf4 [0x000001957357dc00+0x00000000000001f4]
j  org.springframework.boot.devtools.restart.RestartLauncher.run()V+47
v  ~StubRoutines::call_stub 0x00000195732a100d

siginfo: EXCEPTION_ACCESS_VIOLATION (0xc0000005), reading address 0xffffffffffffffff


Registers:
RAX=0xbb69d4a323c3b7cf, RBX=0x000001954c779688, RCX=0x0000000000000015, RDX=0x0000000000000004
RSP=0x0000009215bfdfb0, RBP=0x0000000000000004, RSI=0x000001956f8145b0, RDI=0x0000009217dfdbf0
R8 =0x0000009217dfdbf0, R9 =0x00000000000458a2, R10=0x000001956f7be560, R11=0x0000009215bfe188
R12=0x0000019500543bf8, R13=0x000001956f7bdfe0, R14=0x000001956d668460, R15=0x0000000000000000
RIP=0x00007ffd4f009f29, EFLAGS=0x0000000000010203


Register to memory mapping:

RAX=0xbb69d4a323c3b7cf is an unknown value
RBX=0x000001954c779688 points into unknown readable memory: 0x00007ffd4f71c928 | 28 c9 71 4f fd 7f 00 00
RCX=0x0000000000000015 is an unknown value
RDX=0x0000000000000004 is an unknown value
RSP=0x0000009215bfdfb0 points into unknown readable memory: 0x0000000000000000 | 00 00 00 00 00 00 00 00
RBP=0x0000000000000004 is an unknown value
RSI=0x000001956f8145b0 points into unknown readable memory: 0x000001956f824b20 | 20 4b 82 6f 95 01 00 00
RDI=0x0000009217dfdbf0 is pointing into the stack for thread: 0x000001954ca6f8f0
R8 =0x0000009217dfdbf0 is pointing into the stack for thread: 0x000001954ca6f8f0
R9 =0x00000000000458a2 is an unknown value
R10=0x000001956f7be560 points into unknown readable memory: 0x00007ffd4f7138a0 | a0 38 71 4f fd 7f 00 00
R11=0x0000009215bfe188 points into unknown readable memory: 0x00007ffd4f00456d | 6d 45 00 4f fd 7f 00 00
R12=0x0000019500543bf8 is pointing into metadata
R13=0x000001956f7bdfe0 points into unknown readable memory: 0x0000000000000000 | 00 00 00 00 00 00 00 00
R14=0x000001956d668460 points into unknown readable memory: 0x0000000000000002 | 02 00 00 00 00 00 00 00
R15=0x0 is null

Top of Stack: (sp=0x0000009215bfdfb0)
0x0000009215bfdfb0:   0000000000000000 0000009215bfe2e0
0x0000009215bfdfc0:   0000000000000002 00007ffd4f3abd19
0x0000009215bfdfd0:   0000009217dfdbf0 00007ffd4f05610e
0x0000009215bfdfe0:   0000009215bfe0a0 0000009215bfe110
0x0000009215bfdff0:   0000009217dfdbf0 0000000000000000
0x0000009215bfe000:   000001954c779688 00007ffd4f004b1b
0x0000009215bfe010:   0000000000000001 0000009215bfe2e0
0x0000009215bfe020:   000001954c779688 0000009215bfe2e0
0x0000009215bfe030:   0000000f4c779701 00000195000b5b20
0x0000009215bfe040:   000001956f813ec0 0000019500000003
0x0000009215bfe050:   00000000000003d8 000001956f7bdff0
0x0000009215bfe060:   000001956f7be3c8 000001950072be1f
0x0000009215bfe070:   00000195000000b8 00000195000b5b20
0x0000009215bfe080:   00007ffd4f712140 0000009215bfe2e0
0x0000009215bfe090:   000001954c779688 0000000500000002
0x0000009215bfe0a0:   0000019500543bf8 0000001300000001
0x0000009215bfe0b0:   0000000000000032 000000010000000c
0x0000009215bfe0c0:   0000019500480090 0000000000000000
0x0000009215bfe0d0:   000001954c91a854 0000c9bd00000002
0x0000009215bfe0e0:   0000000300000001 0000ffff09609600
0x0000009215bfe0f0:   00007ffd4f54a690 00007ffd4f009f56
0x0000009215bfe100:   0000019541922e68 000000066f7b001c
0x0000009215bfe110:   0000009200000001 0000000000000019
0x0000009215bfe120:   000001954c779688 00007ffd4f056117
0x0000009215bfe130:   000001954c779688 000001954c779688
0x0000009215bfe140:   0000c9bd1ae73b7c 00007ffd4f015207
0x0000009215bfe150:   000001954c779688 00000000000003d8
0x0000009215bfe160:   000001956f7be3c8 0000009215bfe2e0
0x0000009215bfe170:   000001954c779730 00007ffd4f54a690
0x0000009215bfe180:   000001954c779688 00007ffd4f00456d
0x0000009215bfe190:   0000000000000000 000001954c779730
0x0000009215bfe1a0:   0000000000000000 00007ffd4f0e0b06 

Instructions: (pc=0x00007ffd4f009f29)
0x00007ffd4f009e29:   8b 83 a8 00 00 00 48 39 83 a0 00 00 00 73 10 48
0x00007ffd4f009e39:   8b 83 c0 00 00 00 48 39 83 b8 00 00 00 72 7f 48
0x00007ffd4f009e49:   8b cb e8 70 c1 01 00 b0 01 48 8b 5c 24 30 48 83
0x00007ffd4f009e59:   c4 20 5f c3 48 8b 53 30 44 8b 82 80 00 00 00 8b
0x00007ffd4f009e69:   82 00 01 00 00 41 8b c8 2b c8 81 e1 ff ff 01 00
0x00007ffd4f009e79:   81 f9 fe ff 01 00 72 2c 48 8b cb e8 37 b5 01 00
0x00007ffd4f009e89:   48 8b 53 30 44 8b 82 80 00 00 00 8b 82 00 01 00
0x00007ffd4f009e99:   00 41 8b c8 2b c8 81 e1 ff ff 01 00 81 f9 fe ff
0x00007ffd4f009ea9:   01 00 73 1a 48 8b 82 80 01 00 00 4a 89 3c c0 41
0x00007ffd4f009eb9:   8d 40 01 25 ff ff 01 00 89 82 80 00 00 00 48 8b
0x00007ffd4f009ec9:   5c 24 30 b0 01 48 83 c4 20 5f c3 cc cc cc cc cc
0x00007ffd4f009ed9:   cc cc cc cc cc cc cc 48 89 6c 24 10 48 89 74 24
0x00007ffd4f009ee9:   18 57 48 83 ec 20 4c 8b 51 08 48 8b f1 4d 8b c8
0x00007ffd4f009ef9:   8b ea 49 8b f8 41 8b 8a 18 02 00 00 49 8b 82 10
0x00007ffd4f009f09:   02 00 00 48 d3 e0 8b 0d 3b b4 97 00 4c 2b c8 49
0x00007ffd4f009f19:   8b 82 f8 01 00 00 49 d3 e9 45 8b c9 4a 8b 04 c8
0x00007ffd4f009f29:   48 8b 40 60 4c 3b c0 72 12 32 c0 48 8b 6c 24 38
0x00007ffd4f009f39:   48 8b 74 24 40 48 83 c4 20 5f c3 48 8b 46 10 48
0x00007ffd4f009f49:   8d 4e 10 48 8b d7 48 89 5c 24 30 ff 10 8b 4e 28
0x00007ffd4f009f59:   48 8b d7 48 2b 56 18 48 8b 46 30 48 c1 ea 03 48
0x00007ffd4f009f69:   d3 ea 48 8b ca 48 c1 e9 06 4c 8d 04 c8 0f b6 ca
0x00007ffd4f009f79:   49 8b 00 80 e1 3f ba 01 00 00 00 48 d3 e2 48 8b
0x00007ffd4f009f89:   c8 48 0b ca 48 3b c8 74 12 f0 49 0f b1 08 74 25
0x00007ffd4f009f99:   48 8b c8 48 0b ca 48 3b c8 75 ee 32 db 48 8b 6c
0x00007ffd4f009fa9:   24 38 0f b6 c3 48 8b 5c 24 30 48 8b 74 24 40 48
0x00007ffd4f009fb9:   83 c4 20 5f c3 80 3d 55 f6 90 00 00 b3 01 74 15
0x00007ffd4f009fc9:   8b 57 08 8b 0d e6 df 90 00 48 d3 e2 48 03 15 d4
0x00007ffd4f009fd9:   df 90 00 eb 04 48 8b 57 08 48 8b cf e8 06 25 cf
0x00007ffd4f009fe9:   ff 48 8b 8e b8 02 00 00 4c 8b d8 4c 8b 0c e9 49
0x00007ffd4f009ff9:   8b 51 18 8b 8a 18 02 00 00 4c 8b 82 10 02 00 00
0x00007ffd4f00a009:   41 8b 51 60 49 d3 e0 8b 0d 3a b3 97 00 49 2b f8
0x00007ffd4f00a019:   48 d3 ef 44 8b d7 49 23 d2 48 c1 e2 04 49 03 51 


Stack slot to memory mapping:

stack at sp + 0 slots: 0x0 is null
stack at sp + 1 slots: 0x0000009215bfe2e0 points into unknown readable memory: 0x0000009217dfdbe8 | e8 db df 17 92 00 00 00
stack at sp + 2 slots: 0x0000000000000002 is an unknown value
stack at sp + 3 slots: 0x00007ffd4f3abd19 jvm.dll
stack at sp + 4 slots: 0x0000009217dfdbf0 is pointing into the stack for thread: 0x000001954ca6f8f0
stack at sp + 5 slots: 0x00007ffd4f05610e jvm.dll
stack at sp + 6 slots: 0x0000009215bfe0a0 points into unknown readable memory: 0x0000019500543bf8 | f8 3b 54 00 95 01 00 00
stack at sp + 7 slots: 0x0000009215bfe110 points into unknown readable memory: 0x0000009200000001 | 01 00 00 00 92 00 00 00


---------------  P R O C E S S  ---------------

Threads class SMR info:
_java_thread_list=0x000001954c181fc0, length=33, elements={
0x000001957d9d5200, 0x000001957d9d6110, 0x000001957d9d7f60, 0x000001957d9dbf90,
0x000001957d9dd180, 0x000001957d9e0380, 0x000001957d9e4a70, 0x000001957d9a8ae0,
0x000001957dc8e4f0, 0x000001957dcaf650, 0x000001957dcb1c50, 0x000001957e9c2790,
0x000001957ebcac50, 0x000001957ebd2820, 0x000001957ebe6890, 0x000001957ec5de20,
0x000001957ec0ada0, 0x000001957f09ed20, 0x000001957f0a0760, 0x000001954687b200,
0x000001954687a4e0, 0x0000019547a70700, 0x0000019546877d80, 0x000001954ca6ebd0,
0x000001954687dff0, 0x000001954687e680, 0x00000195468797c0, 0x000001954ca69680,
0x000001954ca6f8f0, 0x0000019546878410, 0x000001954ca6d820, 0x0000019547a71ab0,
0x0000019547a70d90
}

Java Threads: ( => current thread )
  0x000001957d9d5200 JavaThread "Reference Handler"          daemon [_thread_blocked, id=11268, stack(0x0000009216200000,0x0000009216300000) (1024K)]
  0x000001957d9d6110 JavaThread "Finalizer"                  daemon [_thread_blocked, id=15636, stack(0x0000009216300000,0x0000009216400000) (1024K)]
  0x000001957d9d7f60 JavaThread "Signal Dispatcher"          daemon [_thread_blocked, id=10088, stack(0x0000009216400000,0x0000009216500000) (1024K)]
  0x000001957d9dbf90 JavaThread "Attach Listener"            daemon [_thread_blocked, id=22980, stack(0x0000009216500000,0x0000009216600000) (1024K)]
  0x000001957d9dd180 JavaThread "Service Thread"             daemon [_thread_blocked, id=19568, stack(0x0000009216600000,0x0000009216700000) (1024K)]
  0x000001957d9e0380 JavaThread "Monitor Deflation Thread"   daemon [_thread_blocked, id=23344, stack(0x0000009216700000,0x0000009216800000) (1024K)]
  0x000001957d9e4a70 JavaThread "C1 CompilerThread0"         daemon [_thread_blocked, id=16244, stack(0x0000009216800000,0x0000009216900000) (1024K)]
  0x000001957d9a8ae0 JavaThread "Common-Cleaner"             daemon [_thread_blocked, id=16968, stack(0x0000009216900000,0x0000009216a00000) (1024K)]
  0x000001957dc8e4f0 JavaThread "JDWP Transport Listener: dt_socket" daemon [_thread_blocked, id=17956, stack(0x0000009216b00000,0x0000009216c00000) (1024K)]
  0x000001957dcaf650 JavaThread "JDWP Event Helper Thread"   daemon [_thread_blocked, id=15340, stack(0x0000009216c00000,0x0000009216d00000) (1024K)]
  0x000001957dcb1c50 JavaThread "JDWP Command Reader"        daemon [_thread_in_native, id=14128, stack(0x0000009216d00000,0x0000009216e00000) (1024K)]
  0x000001957e9c2790 JavaThread "Notification Thread"        daemon [_thread_blocked, id=21096, stack(0x0000009217400000,0x0000009217500000) (1024K)]
  0x000001957ebcac50 JavaThread "RMI TCP Accept-0"           daemon [_thread_in_native, id=16660, stack(0x0000009217500000,0x0000009217600000) (1024K)]
  0x000001957ebd2820 JavaThread "RMI TCP Accept-53124"       daemon [_thread_in_native, id=21472, stack(0x0000009217600000,0x0000009217700000) (1024K)]
  0x000001957ebe6890 JavaThread "RMI Scheduler(0)"           daemon [_thread_blocked, id=20856, stack(0x0000009217800000,0x0000009217900000) (1024K)]
  0x000001957ec5de20 JavaThread "JMX server connection timeout 34" daemon [_thread_blocked, id=19196, stack(0x0000009217a00000,0x0000009217b00000) (1024K)]
  0x000001957ec0ada0 JavaThread "RMI TCP Accept-0"           daemon [_thread_in_native, id=14552, stack(0x0000009217b00000,0x0000009217c00000) (1024K)]
  0x000001957f09ed20 JavaThread "oracle.jdbc.driver.BlockSource.ThreadedCachingBlockSource.BlockReleaser" daemon [_thread_blocked, id=5448, stack(0x0000009216e00000,0x0000009216f00000) (1024K)]
  0x000001957f0a0760 JavaThread "InterruptTimer"             daemon [_thread_blocked, id=22044, stack(0x0000009217e00000,0x0000009217f00000) (1024K)]
  0x000001954687b200 JavaThread "boundedElastic-evictor-1"   daemon [_thread_blocked, id=4224, stack(0x0000009218200000,0x0000009218300000) (1024K)]
  0x000001954687a4e0 JavaThread "Live Reload Server"         daemon [_thread_in_native, id=23092, stack(0x0000009218800000,0x0000009218900000) (1024K)]
  0x0000019547a70700 JavaThread "DestroyJavaVM"                     [_thread_blocked, id=21892, stack(0x0000009215a00000,0x0000009215b00000) (1024K)]
  0x0000019546877d80 JavaThread "RMI TCP Connection(20)-127.0.0.1" daemon [_thread_in_native, id=20152, stack(0x0000009219600000,0x0000009219700000) (1024K)]
  0x000001954ca6ebd0 JavaThread "Thread-26"                         [_thread_blocked, id=16356, stack(0x0000009215700000,0x0000009215800000) (1024K)]
  0x000001954687dff0 JavaThread "File Watcher"               daemon [_thread_blocked, id=16716, stack(0x0000009216a00000,0x0000009216b00000) (1024K)]
  0x000001954687e680 JavaThread "File Watcher"               daemon [_thread_blocked, id=15240, stack(0x0000009215900000,0x0000009215a00000) (1024K)]
  0x00000195468797c0 JavaThread "File Watcher"               daemon [_thread_blocked, id=9184, stack(0x0000009217700000,0x0000009217800000) (1024K)]
  0x000001954ca69680 JavaThread "File Watcher"               daemon [_thread_blocked, id=13376, stack(0x0000009217900000,0x0000009217a00000) (1024K)]
  0x000001954ca6f8f0 JavaThread "restartedMain"                     [_thread_blocked, id=19580, stack(0x0000009217d00000,0x0000009217e00000) (1024K)]
  0x0000019546878410 JavaThread "HikariPool-9 housekeeper"   daemon [_thread_blocked, id=10696, stack(0x0000009218000000,0x0000009218100000) (1024K)]
  0x000001954ca6d820 JavaThread "Catalina-utility-1"                [_thread_blocked, id=16432, stack(0x0000009218500000,0x0000009218600000) (1024K)]
  0x0000019547a71ab0 JavaThread "Catalina-utility-2"                [_thread_blocked, id=21856, stack(0x0000009218600000,0x0000009218700000) (1024K)]
  0x0000019547a70d90 JavaThread "container-4"                       [_thread_blocked, id=11004, stack(0x0000009218700000,0x0000009218800000) (1024K)]
Total: 33

Other Threads:
  0x000001957d9ba7a0 VMThread "VM Thread"                           [id=6036, stack(0x0000009216100000,0x0000009216200000) (1024K)]
  0x000001957d9a7f00 WatcherThread "VM Periodic Task Thread"        [id=18532, stack(0x0000009216000000,0x0000009216100000) (1024K)]
=>0x000001956f813ec0 WorkerThread "GC Thread#0"                     [id=19224, stack(0x0000009215b00000,0x0000009215c00000) (1024K)]
  0x000001957e98abe0 WorkerThread "GC Thread#1"                     [id=16664, stack(0x0000009216f00000,0x0000009217000000) (1024K)]
  0x000001957e98af80 WorkerThread "GC Thread#2"                     [id=21808, stack(0x0000009217000000,0x0000009217100000) (1024K)]
  0x000001957e98b320 WorkerThread "GC Thread#3"                     [id=11888, stack(0x0000009217100000,0x0000009217200000) (1024K)]
  0x000001957e98b6c0 WorkerThread "GC Thread#4"                     [id=22872, stack(0x0000009217200000,0x0000009217300000) (1024K)]
  0x000001957e9967c0 WorkerThread "GC Thread#5"                     [id=15476, stack(0x0000009217300000,0x0000009217400000) (1024K)]
  0x000001956f824b20 ConcurrentGCThread "G1 Main Marker"            [id=18124, stack(0x0000009215c00000,0x0000009215d00000) (1024K)]
  0x000001956f825f70 WorkerThread "G1 Conc#0"                       [id=11496, stack(0x0000009215d00000,0x0000009215e00000) (1024K)]
  0x000001957ea424e0 WorkerThread "G1 Conc#1"                       [id=18600, stack(0x0000009217f00000,0x0000009218000000) (1024K)]
  0x000001957d87be80 ConcurrentGCThread "G1 Refine#0"               [id=17796, stack(0x0000009215e00000,0x0000009215f00000) (1024K)]
  0x000001957d87c800 ConcurrentGCThread "G1 Service"                [id=18316, stack(0x0000009215f00000,0x0000009216000000) (1024K)]
Total: 13

Threads with active compile tasks:
Total: 0

VM state: at safepoint (normal execution)

VM Mutex/Monitor currently owned by a thread:  ([mutex/lock_event])
[0x00007ffd4f99d380] Threads_lock - owner thread: 0x000001957d9ba7a0
[0x00007ffd4f99d480] Heap_lock - owner thread: 0x00000195468797c0

Heap address: 0x0000000703800000, size: 4040 MB, Compressed Oops mode: Zero based, Oop shift amount: 3

CDS archive(s) mapped at: [0x0000019500000000-0x0000019500c80000-0x0000019500c80000), size 13107200, SharedBaseAddress: 0x0000019500000000, ArchiveRelocationMode: 1.
Compressed class space mapped at: 0x0000019501000000-0x0000019541000000, reserved size: 1073741824
Narrow klass base: 0x0000019500000000, Narrow klass shift: 0, Narrow klass range: 0x100000000

GC Precious Log:
 CardTable entry size: 512
 Card Set container configuration: InlinePtr #cards 4 size 8 Array Of Cards #cards 16 size 48 Howl #buckets 8 coarsen threshold 3686 Howl Bitmap #cards 512 size 80 coarsen threshold 460 Card regions per heap region 1 cards per card region 4096
 CPUs: 6 total, 6 available
 Memory: 16158M
 Large Page Support: Disabled
 NUMA Support: Disabled
 Compressed Oops: Enabled (Zero based)
 Heap Region Size: 2M
 Heap Min Capacity: 8M
 Heap Initial Capacity: 254M
 Heap Max Capacity: 4040M
 Pre-touch: Disabled
 Parallel Workers: 6
 Concurrent Workers: 2
 Concurrent Refinement Workers: 6
 Periodic GC: Disabled

Heap:
 garbage-first heap   total 253952K, used 235303K [0x0000000703800000, 0x0000000800000000)
  region size 2048K, 45 young (92160K), 3 survivors (6144K)
 Metaspace       used 133892K, committed 134912K, reserved 1179648K
  class space    used 17133K, committed 17600K, reserved 1048576K

Heap Regions: E=young(eden), S=young(survivor), O=old, HS=humongous(starts), HC=humongous(continues), CS=collection set, F=free, TAMS=top-at-mark-start, PB=parsable bottom
|   0|0x0000000703800000, 0x0000000703a00000, 0x0000000703a00000|100%| O|  |TAMS 0x0000000703a00000| PB 0x0000000703800000| Untracked 
|   1|0x0000000703a00000, 0x0000000703bfffe8, 0x0000000703c00000| 99%| O|  |TAMS 0x0000000703bfffe8| PB 0x0000000703a00000| Untracked 
|   2|0x0000000703c00000, 0x0000000703e00000, 0x0000000703e00000|100%| O|  |TAMS 0x0000000703e00000| PB 0x0000000703c00000| Untracked 
|   3|0x0000000703e00000, 0x0000000703fffff0, 0x0000000704000000| 99%| O|  |TAMS 0x0000000703fffff0| PB 0x0000000703e00000| Untracked 
|   4|0x0000000704000000, 0x0000000704200000, 0x0000000704200000|100%| O|  |TAMS 0x0000000704200000| PB 0x0000000704000000| Untracked 
|   5|0x0000000704200000, 0x00000007043fffe8, 0x0000000704400000| 99%| O|  |TAMS 0x00000007043fffe8| PB 0x0000000704200000| Untracked 
|   6|0x0000000704400000, 0x00000007045ffff8, 0x0000000704600000| 99%| O|  |TAMS 0x00000007045ffff8| PB 0x0000000704400000| Untracked 
|   7|0x0000000704600000, 0x00000007047ffff8, 0x0000000704800000| 99%| O|  |TAMS 0x00000007047ffff8| PB 0x0000000704600000| Untracked 
|   8|0x0000000704800000, 0x00000007049fffe8, 0x0000000704a00000| 99%| O|  |TAMS 0x00000007049fffe8| PB 0x0000000704800000| Untracked 
|   9|0x0000000704a00000, 0x0000000704bfffb8, 0x0000000704c00000| 99%| O|  |TAMS 0x0000000704bfffb8| PB 0x0000000704a00000| Untracked 
|  10|0x0000000704c00000, 0x0000000704dffff8, 0x0000000704e00000| 99%| O|  |TAMS 0x0000000704dffff8| PB 0x0000000704c00000| Untracked 
|  11|0x0000000704e00000, 0x0000000705000000, 0x0000000705000000|100%| O|  |TAMS 0x0000000705000000| PB 0x0000000704e00000| Untracked 
|  12|0x0000000705000000, 0x00000007051ffff0, 0x0000000705200000| 99%| O|  |TAMS 0x00000007051ffff0| PB 0x0000000705000000| Untracked 
|  13|0x0000000705200000, 0x00000007053ffff0, 0x0000000705400000| 99%| O|  |TAMS 0x00000007053ffff0| PB 0x0000000705200000| Untracked 
|  14|0x0000000705400000, 0x00000007055fffc8, 0x0000000705600000| 99%| O|  |TAMS 0x00000007055fffc8| PB 0x0000000705400000| Untracked 
|  15|0x0000000705600000, 0x00000007057ffdc8, 0x0000000705800000| 99%| O|  |TAMS 0x00000007057ffdc8| PB 0x0000000705600000| Untracked 
|  16|0x0000000705800000, 0x00000007059ffff8, 0x0000000705a00000| 99%| O|  |TAMS 0x00000007059ffff8| PB 0x0000000705800000| Untracked 
|  17|0x0000000705a00000, 0x0000000705bfffc8, 0x0000000705c00000| 99%| O|  |TAMS 0x0000000705bfffc8| PB 0x0000000705a00000| Untracked 
|  18|0x0000000705c00000, 0x0000000705e00000, 0x0000000705e00000|100%| O|  |TAMS 0x0000000705e00000| PB 0x0000000705c00000| Untracked 
|  19|0x0000000705e00000, 0x0000000705ffffb8, 0x0000000706000000| 99%| O|  |TAMS 0x0000000705ffffb8| PB 0x0000000705e00000| Untracked 
|  20|0x0000000706000000, 0x00000007061fffe0, 0x0000000706200000| 99%| O|  |TAMS 0x00000007061fffe0| PB 0x0000000706000000| Untracked 
|  21|0x0000000706200000, 0x00000007063ffff0, 0x0000000706400000| 99%| O|  |TAMS 0x00000007063ffff0| PB 0x0000000706200000| Untracked 
|  22|0x0000000706400000, 0x0000000706600000, 0x0000000706600000|100%| O|  |TAMS 0x0000000706600000| PB 0x0000000706400000| Untracked 
|  23|0x0000000706600000, 0x0000000706800000, 0x0000000706800000|100%| O|  |TAMS 0x0000000706800000| PB 0x0000000706600000| Untracked 
|  24|0x0000000706800000, 0x00000007069fffd0, 0x0000000706a00000| 99%| O|  |TAMS 0x00000007069fffd0| PB 0x0000000706800000| Untracked 
|  25|0x0000000706a00000, 0x0000000706bffff8, 0x0000000706c00000| 99%| O|  |TAMS 0x0000000706bffff8| PB 0x0000000706a00000| Untracked 
|  26|0x0000000706c00000, 0x0000000706dffff8, 0x0000000706e00000| 99%| O|  |TAMS 0x0000000706dffff8| PB 0x0000000706c00000| Untracked 
|  27|0x0000000706e00000, 0x0000000707000000, 0x0000000707000000|100%| O|  |TAMS 0x0000000707000000| PB 0x0000000706e00000| Untracked 
|  28|0x0000000707000000, 0x0000000707000000, 0x0000000707200000|  0%| F|  |TAMS 0x0000000707000000| PB 0x0000000707000000| Untracked 
|  29|0x0000000707200000, 0x0000000707400000, 0x0000000707400000|100%| O|  |TAMS 0x0000000707400000| PB 0x0000000707200000| Untracked 
|  30|0x0000000707400000, 0x00000007075fffc0, 0x0000000707600000| 99%| O|  |TAMS 0x00000007075fffc0| PB 0x0000000707400000| Untracked 
|  31|0x0000000707600000, 0x00000007077ca338, 0x0000000707800000| 89%| O|  |TAMS 0x00000007077ca338| PB 0x0000000707600000| Untracked 
|  32|0x0000000707800000, 0x0000000707a00000, 0x0000000707a00000|100%| O|  |TAMS 0x0000000707a00000| PB 0x0000000707800000| Untracked 
|  33|0x0000000707a00000, 0x0000000707bfffe8, 0x0000000707c00000| 99%| O|  |TAMS 0x0000000707bfffe8| PB 0x0000000707a00000| Untracked 
|  34|0x0000000707c00000, 0x0000000707e00000, 0x0000000707e00000|100%| O|  |TAMS 0x0000000707e00000| PB 0x0000000707c00000| Untracked 
|  35|0x0000000707e00000, 0x0000000708000000, 0x0000000708000000|100%| O|  |TAMS 0x0000000708000000| PB 0x0000000707e00000| Untracked 
|  36|0x0000000708000000, 0x0000000708200000, 0x0000000708200000|100%| O|  |TAMS 0x0000000708200000| PB 0x0000000708000000| Untracked 
|  37|0x0000000708200000, 0x0000000708400000, 0x0000000708400000|100%| O|  |TAMS 0x0000000708400000| PB 0x0000000708200000| Untracked 
|  38|0x0000000708400000, 0x0000000708600000, 0x0000000708600000|100%| O|  |TAMS 0x0000000708600000| PB 0x0000000708400000| Untracked 
|  39|0x0000000708600000, 0x0000000708800000, 0x0000000708800000|100%| O|  |TAMS 0x0000000708800000| PB 0x0000000708600000| Untracked 
|  40|0x0000000708800000, 0x0000000708a00000, 0x0000000708a00000|100%| O|  |TAMS 0x0000000708a00000| PB 0x0000000708800000| Untracked 
|  41|0x0000000708a00000, 0x0000000708c00000, 0x0000000708c00000|100%| O|  |TAMS 0x0000000708c00000| PB 0x0000000708a00000| Untracked 
|  42|0x0000000708c00000, 0x0000000708e00000, 0x0000000708e00000|100%| O|  |TAMS 0x0000000708e00000| PB 0x0000000708c00000| Untracked 
|  43|0x0000000708e00000, 0x0000000709000000, 0x0000000709000000|100%| O|  |TAMS 0x0000000709000000| PB 0x0000000708e00000| Untracked 
|  44|0x0000000709000000, 0x0000000709200000, 0x0000000709200000|100%| O|  |TAMS 0x0000000709200000| PB 0x0000000709000000| Untracked 
|  45|0x0000000709200000, 0x0000000709400000, 0x0000000709400000|100%| O|  |TAMS 0x0000000709400000| PB 0x0000000709200000| Untracked 
|  46|0x0000000709400000, 0x0000000709600000, 0x0000000709600000|100%| O|  |TAMS 0x0000000709600000| PB 0x0000000709400000| Untracked 
|  47|0x0000000709600000, 0x0000000709800000, 0x0000000709800000|100%| O|  |TAMS 0x0000000709800000| PB 0x0000000709600000| Untracked 
|  48|0x0000000709800000, 0x0000000709a00000, 0x0000000709a00000|100%| O|  |TAMS 0x0000000709a00000| PB 0x0000000709800000| Untracked 
|  49|0x0000000709a00000, 0x0000000709c00000, 0x0000000709c00000|100%| O|  |TAMS 0x0000000709c00000| PB 0x0000000709a00000| Untracked 
|  50|0x0000000709c00000, 0x0000000709e00000, 0x0000000709e00000|100%| O|  |TAMS 0x0000000709e00000| PB 0x0000000709c00000| Untracked 
|  51|0x0000000709e00000, 0x000000070a000000, 0x000000070a000000|100%| O|  |TAMS 0x000000070a000000| PB 0x0000000709e00000| Untracked 
|  52|0x000000070a000000, 0x000000070a200000, 0x000000070a200000|100%| O|  |TAMS 0x000000070a200000| PB 0x000000070a000000| Untracked 
|  53|0x000000070a200000, 0x000000070a400000, 0x000000070a400000|100%| O|  |TAMS 0x000000070a400000| PB 0x000000070a200000| Untracked 
|  54|0x000000070a400000, 0x000000070a600000, 0x000000070a600000|100%| O|  |TAMS 0x000000070a600000| PB 0x000000070a400000| Untracked 
|  55|0x000000070a600000, 0x000000070a800000, 0x000000070a800000|100%| O|  |TAMS 0x000000070a800000| PB 0x000000070a600000| Untracked 
|  56|0x000000070a800000, 0x000000070aa00000, 0x000000070aa00000|100%| O|  |TAMS 0x000000070aa00000| PB 0x000000070a800000| Untracked 
|  57|0x000000070aa00000, 0x000000070ac00000, 0x000000070ac00000|100%| O|  |TAMS 0x000000070ac00000| PB 0x000000070aa00000| Untracked 
|  58|0x000000070ac00000, 0x000000070ae00000, 0x000000070ae00000|100%| O|  |TAMS 0x000000070ae00000| PB 0x000000070ac00000| Untracked 
|  59|0x000000070ae00000, 0x000000070b000000, 0x000000070b000000|100%| O|  |TAMS 0x000000070b000000| PB 0x000000070ae00000| Untracked 
|  60|0x000000070b000000, 0x000000070b200000, 0x000000070b200000|100%| O|  |TAMS 0x000000070b200000| PB 0x000000070b000000| Untracked 
|  61|0x000000070b200000, 0x000000070b200000, 0x000000070b400000|  0%| F|  |TAMS 0x000000070b200000| PB 0x000000070b200000| Untracked 
|  62|0x000000070b400000, 0x000000070b600000, 0x000000070b600000|100%| O|  |TAMS 0x000000070b600000| PB 0x000000070b400000| Untracked 
|  63|0x000000070b600000, 0x000000070b800000, 0x000000070b800000|100%| O|  |TAMS 0x000000070b800000| PB 0x000000070b600000| Untracked 
|  64|0x000000070b800000, 0x000000070ba00000, 0x000000070ba00000|100%| O|  |TAMS 0x000000070ba00000| PB 0x000000070b800000| Untracked 
|  65|0x000000070ba00000, 0x000000070bc00000, 0x000000070bc00000|100%| O|  |TAMS 0x000000070bc00000| PB 0x000000070ba00000| Untracked 
|  66|0x000000070bc00000, 0x000000070be00000, 0x000000070be00000|100%| O|  |TAMS 0x000000070be00000| PB 0x000000070bc00000| Untracked 
|  67|0x000000070be00000, 0x000000070c000000, 0x000000070c000000|100%| O|  |TAMS 0x000000070c000000| PB 0x000000070be00000| Untracked 
|  68|0x000000070c000000, 0x000000070c000000, 0x000000070c200000|  0%| F|  |TAMS 0x000000070c000000| PB 0x000000070c000000| Untracked 
|  69|0x000000070c200000, 0x000000070c400000, 0x000000070c400000|100%| O|  |TAMS 0x000000070c400000| PB 0x000000070c200000| Untracked 
|  70|0x000000070c400000, 0x000000070c600000, 0x000000070c600000|100%| O|  |TAMS 0x000000070c600000| PB 0x000000070c400000| Untracked 
|  71|0x000000070c600000, 0x000000070c600000, 0x000000070c800000|  0%| F|  |TAMS 0x000000070c600000| PB 0x000000070c600000| Untracked 
|  72|0x000000070c800000, 0x000000070c800000, 0x000000070ca00000|  0%| F|  |TAMS 0x000000070c800000| PB 0x000000070c800000| Untracked 
|  73|0x000000070ca00000, 0x000000070cc00000, 0x000000070cc00000|100%| O|  |TAMS 0x000000070cc00000| PB 0x000000070ca00000| Untracked 
|  74|0x000000070cc00000, 0x000000070ce00000, 0x000000070ce00000|100%| O|  |TAMS 0x000000070ce00000| PB 0x000000070cc00000| Untracked 
|  75|0x000000070ce00000, 0x000000070ce00000, 0x000000070d000000|  0%| F|  |TAMS 0x000000070ce00000| PB 0x000000070ce00000| Untracked 
|  76|0x000000070d000000, 0x000000070d200000, 0x000000070d200000|100%| O|  |TAMS 0x000000070d200000| PB 0x000000070d000000| Untracked 
|  77|0x000000070d200000, 0x000000070d254400, 0x000000070d400000| 16%| S|  |TAMS 0x000000070d200000| PB 0x000000070d200000| Complete 
|  78|0x000000070d400000, 0x000000070d600000, 0x000000070d600000|100%| S|  |TAMS 0x000000070d400000| PB 0x000000070d400000| Complete 
|  79|0x000000070d600000, 0x000000070d800000, 0x000000070d800000|100%| S|  |TAMS 0x000000070d600000| PB 0x000000070d600000| Complete 
|  80|0x000000070d800000, 0x000000070da00000, 0x000000070da00000|100%| E|CS|TAMS 0x000000070d800000| PB 0x000000070d800000| Complete 
|  81|0x000000070da00000, 0x000000070dc00000, 0x000000070dc00000|100%| E|CS|TAMS 0x000000070da00000| PB 0x000000070da00000| Complete 
|  82|0x000000070dc00000, 0x000000070de00000, 0x000000070de00000|100%| E|CS|TAMS 0x000000070dc00000| PB 0x000000070dc00000| Complete 
|  83|0x000000070de00000, 0x000000070e000000, 0x000000070e000000|100%| E|CS|TAMS 0x000000070de00000| PB 0x000000070de00000| Complete 
|  84|0x000000070e000000, 0x000000070e200000, 0x000000070e200000|100%| E|CS|TAMS 0x000000070e000000| PB 0x000000070e000000| Complete 
|  85|0x000000070e200000, 0x000000070e400000, 0x000000070e400000|100%| E|CS|TAMS 0x000000070e200000| PB 0x000000070e200000| Complete 
|  86|0x000000070e400000, 0x000000070e600000, 0x000000070e600000|100%| E|CS|TAMS 0x000000070e400000| PB 0x000000070e400000| Complete 
|  87|0x000000070e600000, 0x000000070e800000, 0x000000070e800000|100%| E|CS|TAMS 0x000000070e600000| PB 0x000000070e600000| Complete 
|  88|0x000000070e800000, 0x000000070ea00000, 0x000000070ea00000|100%| E|CS|TAMS 0x000000070e800000| PB 0x000000070e800000| Complete 
|  89|0x000000070ea00000, 0x000000070ec00000, 0x000000070ec00000|100%| E|CS|TAMS 0x000000070ea00000| PB 0x000000070ea00000| Complete 
|  90|0x000000070ec00000, 0x000000070ee00000, 0x000000070ee00000|100%| E|CS|TAMS 0x000000070ec00000| PB 0x000000070ec00000| Complete 
|  91|0x000000070ee00000, 0x000000070f000000, 0x000000070f000000|100%| E|CS|TAMS 0x000000070ee00000| PB 0x000000070ee00000| Complete 
|  92|0x000000070f000000, 0x000000070f200000, 0x000000070f200000|100%| E|CS|TAMS 0x000000070f000000| PB 0x000000070f000000| Complete 
|  93|0x000000070f200000, 0x000000070f400000, 0x000000070f400000|100%| E|CS|TAMS 0x000000070f200000| PB 0x000000070f200000| Complete 
|  94|0x000000070f400000, 0x000000070f600000, 0x000000070f600000|100%| E|CS|TAMS 0x000000070f400000| PB 0x000000070f400000| Complete 
|  95|0x000000070f600000, 0x000000070f800000, 0x000000070f800000|100%| E|CS|TAMS 0x000000070f600000| PB 0x000000070f600000| Complete 
|  96|0x000000070f800000, 0x000000070fa00000, 0x000000070fa00000|100%| E|CS|TAMS 0x000000070f800000| PB 0x000000070f800000| Complete 
|  97|0x000000070fa00000, 0x000000070fc00000, 0x000000070fc00000|100%| E|CS|TAMS 0x000000070fa00000| PB 0x000000070fa00000| Complete 
|  98|0x000000070fc00000, 0x000000070fe00000, 0x000000070fe00000|100%| E|CS|TAMS 0x000000070fc00000| PB 0x000000070fc00000| Complete 
|  99|0x000000070fe00000, 0x0000000710000000, 0x0000000710000000|100%| E|CS|TAMS 0x000000070fe00000| PB 0x000000070fe00000| Complete 
| 100|0x0000000710000000, 0x0000000710200000, 0x0000000710200000|100%| E|CS|TAMS 0x0000000710000000| PB 0x0000000710000000| Complete 
| 101|0x0000000710200000, 0x0000000710400000, 0x0000000710400000|100%| E|CS|TAMS 0x0000000710200000| PB 0x0000000710200000| Complete 
| 102|0x0000000710400000, 0x0000000710600000, 0x0000000710600000|100%| E|CS|TAMS 0x0000000710400000| PB 0x0000000710400000| Complete 
| 103|0x0000000710600000, 0x0000000710800000, 0x0000000710800000|100%| E|CS|TAMS 0x0000000710600000| PB 0x0000000710600000| Complete 
| 104|0x0000000710800000, 0x0000000710a00000, 0x0000000710a00000|100%| E|CS|TAMS 0x0000000710800000| PB 0x0000000710800000| Complete 
| 105|0x0000000710a00000, 0x0000000710c00000, 0x0000000710c00000|100%| E|CS|TAMS 0x0000000710a00000| PB 0x0000000710a00000| Complete 
| 106|0x0000000710c00000, 0x0000000710e00000, 0x0000000710e00000|100%| E|CS|TAMS 0x0000000710c00000| PB 0x0000000710c00000| Complete 
| 107|0x0000000710e00000, 0x0000000711000000, 0x0000000711000000|100%| E|CS|TAMS 0x0000000710e00000| PB 0x0000000710e00000| Complete 
| 108|0x0000000711000000, 0x0000000711200000, 0x0000000711200000|100%| E|CS|TAMS 0x0000000711000000| PB 0x0000000711000000| Complete 
| 109|0x0000000711200000, 0x0000000711400000, 0x0000000711400000|100%| E|CS|TAMS 0x0000000711200000| PB 0x0000000711200000| Complete 
| 110|0x0000000711400000, 0x0000000711600000, 0x0000000711600000|100%| E|CS|TAMS 0x0000000711400000| PB 0x0000000711400000| Complete 
| 111|0x0000000711600000, 0x0000000711800000, 0x0000000711800000|100%| E|CS|TAMS 0x0000000711600000| PB 0x0000000711600000| Complete 
| 112|0x0000000711800000, 0x0000000711a00000, 0x0000000711a00000|100%| E|CS|TAMS 0x0000000711800000| PB 0x0000000711800000| Complete 
| 113|0x0000000711a00000, 0x0000000711c00000, 0x0000000711c00000|100%| E|CS|TAMS 0x0000000711a00000| PB 0x0000000711a00000| Complete 
| 114|0x0000000711c00000, 0x0000000711e00000, 0x0000000711e00000|100%| E|CS|TAMS 0x0000000711c00000| PB 0x0000000711c00000| Complete 
| 115|0x0000000711e00000, 0x0000000712000000, 0x0000000712000000|100%| E|CS|TAMS 0x0000000711e00000| PB 0x0000000711e00000| Complete 
| 116|0x0000000712000000, 0x0000000712200000, 0x0000000712200000|100%| E|CS|TAMS 0x0000000712000000| PB 0x0000000712000000| Complete 
| 117|0x0000000712200000, 0x0000000712400000, 0x0000000712400000|100%| E|CS|TAMS 0x0000000712200000| PB 0x0000000712200000| Complete 
| 118|0x0000000712400000, 0x0000000712600000, 0x0000000712600000|100%| E|CS|TAMS 0x0000000712400000| PB 0x0000000712400000| Complete 
| 119|0x0000000712600000, 0x0000000712800000, 0x0000000712800000|100%| E|CS|TAMS 0x0000000712600000| PB 0x0000000712600000| Complete 
| 120|0x0000000712800000, 0x0000000712a00000, 0x0000000712a00000|100%| E|CS|TAMS 0x0000000712800000| PB 0x0000000712800000| Complete 
| 121|0x0000000712a00000, 0x0000000712c00000, 0x0000000712c00000|100%| E|CS|TAMS 0x0000000712a00000| PB 0x0000000712a00000| Complete 
| 122|0x0000000712c00000, 0x0000000712e00000, 0x0000000712e00000|100%| E|CS|TAMS 0x0000000712c00000| PB 0x0000000712c00000| Complete 
| 123|0x0000000712e00000, 0x0000000713000000, 0x0000000713000000|100%| E|CS|TAMS 0x0000000712e00000| PB 0x0000000712e00000| Complete 

Card table byte_map: [0x0000019576a90000,0x0000019577280000] _byte_map_base: 0x0000019573274000

Marking Bits: (CMBitMap*) 0x000001956f8145c0
 Bits: [0x0000019577280000, 0x000001957b1a0000)

Polling page: 0x000001956d730000

Metaspace:

Usage:
  Non-class:    114.02 MB used.
      Class:     16.73 MB used.
       Both:    130.75 MB used.

Virtual space:
  Non-class space:      128.00 MB reserved,     114.56 MB ( 90%) committed,  2 nodes.
      Class space:        1.00 GB reserved,      17.19 MB (  2%) committed,  1 nodes.
             Both:        1.12 GB reserved,     131.75 MB ( 11%) committed. 

Chunk freelists:
   Non-Class:  12.58 MB
       Class:  14.63 MB
        Both:  27.21 MB

MaxMetaspaceSize: unlimited
CompressedClassSpaceSize: 1.00 GB
Initial GC threshold: 21.00 MB
Current GC threshold: 216.88 MB
CDS: on
 - commit_granule_bytes: 65536.
 - commit_granule_words: 8192.
 - virtual_space_node_default_size: 8388608.
 - enlarge_chunks_in_place: 1.
 - use_allocation_guard: 0.


Internal statistics:

num_allocs_failed_limit: 3.
num_arena_births: 2724.
num_arena_deaths: 1314.
num_vsnodes_births: 3.
num_vsnodes_deaths: 0.
num_space_committed: 2108.
num_space_uncommitted: 0.
num_chunks_returned_to_freelist: 1592.
num_chunks_taken_from_freelist: 8902.
num_chunk_merges: 417.
num_chunk_splits: 5570.
num_chunks_enlarged: 4124.
num_inconsistent_stats: 0.

CodeCache: size=49152Kb used=25254Kb max_used=30338Kb free=23897Kb
 bounds [0x00000195732a0000, 0x0000019575080000, 0x00000195762a0000]
 total_blobs=12281 nmethods=11486 adapters=717
 compilation: enabled
              stopped_count=0, restarted_count=0
 full_count=0

Compilation events (20 events):
Event: 481.639 Thread 0x000001957d9e4a70 40994   !   1       sun.nio.ch.NioSocketImpl::implRead (223 bytes)
Event: 481.642 Thread 0x000001957d9e4a70 nmethod 40994 0x0000019574494c90 code [0x0000019574494f20, 0x00000195744959b8]
Event: 481.642 Thread 0x000001957d9e4a70 40995   !   1       sun.nio.ch.NioSocketImpl::beginRead (30 bytes)
Event: 481.643 Thread 0x000001957d9e4a70 nmethod 40995 0x0000019574bb5890 code [0x0000019574bb5a40, 0x0000019574bb5cc0]
Event: 489.022 Thread 0x000001957d9e4a70 40997       1       org.apache.catalina.mapper.MapperListener::lifecycleEvent (180 bytes)
Event: 489.024 Thread 0x000001957d9e4a70 nmethod 40997 0x0000019574493d10 code [0x0000019574493fa0, 0x0000019574494870]
Event: 519.037 Thread 0x000001957d9e4a70 40998   !   1       org.apache.catalina.core.ContainerBase::getRealmInternal (38 bytes)
Event: 519.037 Thread 0x000001957d9e4a70 nmethod 40998 0x0000019574049f10 code [0x000001957404a100, 0x000001957404a458]
Event: 541.649 Thread 0x000001957d9e4a70 40999       1       sun.util.logging.internal.LoggingProviderImpl$JULWrapper::log (13 bytes)
Event: 541.650 Thread 0x000001957d9e4a70 nmethod 40999 0x0000019574237490 code [0x0000019574237660, 0x0000019574237898]
Event: 541.650 Thread 0x000001957d9e4a70 41000       1       com.sun.jmx.remote.internal.ServerCommunicatorAdmin::logtime (16 bytes)
Event: 541.653 Thread 0x000001957d9e4a70 nmethod 41000 0x0000019573b06990 code [0x0000019573b06be0, 0x0000019573b07030]
Event: 541.653 Thread 0x000001957d9e4a70 41001       1       java.lang.invoke.LambdaForm$MH/0x00000195010d4c00::linkToTargetMethod (10 bytes)
Event: 541.653 Thread 0x000001957d9e4a70 nmethod 41001 0x00000195742cb990 code [0x00000195742cbb40, 0x00000195742cbc78]
Event: 541.653 Thread 0x000001957d9e4a70 41002       1       java.lang.invoke.LambdaForm$MH/0x00000195010d4800::invoke (101 bytes)
Event: 541.654 Thread 0x000001957d9e4a70 nmethod 41002 0x000001957422a990 code [0x000001957422aba0, 0x000001957422af48]
Event: 541.654 Thread 0x000001957d9e4a70 41003       1       java.lang.invoke.LambdaForm$MH/0x00000195010d3c00::invoke (48 bytes)
Event: 541.655 Thread 0x000001957d9e4a70 nmethod 41003 0x0000019574295a10 code [0x0000019574295be0, 0x0000019574295de8]
Event: 541.655 Thread 0x000001957d9e4a70 41004       1       com.sun.jmx.remote.util.ClassLogger::trace (14 bytes)
Event: 541.655 Thread 0x000001957d9e4a70 nmethod 41004 0x00000195740cc290 code [0x00000195740cc440, 0x00000195740cc558]

GC Heap History (20 events):
Event: 423.931 GC heap after
{Heap after GC invocations=123 (full 4):
 garbage-first heap   total 253952K, used 117686K [0x0000000703800000, 0x0000000800000000)
  region size 2048K, 6 young (12288K), 6 survivors (12288K)
 Metaspace       used 126953K, committed 128064K, reserved 1179648K
  class space    used 16546K, committed 17088K, reserved 1048576K
}
Event: 444.787 GC heap before
{Heap before GC invocations=123 (full 4):
 garbage-first heap   total 253952K, used 222134K [0x0000000703800000, 0x0000000800000000)
  region size 2048K, 57 young (116736K), 6 survivors (12288K)
 Metaspace       used 127920K, committed 128960K, reserved 1179648K
  class space    used 16662K, committed 17152K, reserved 1048576K
}
Event: 444.794 GC heap after
{Heap after GC invocations=124 (full 4):
 garbage-first heap   total 253952K, used 124503K [0x0000000703800000, 0x0000000800000000)
  region size 2048K, 7 young (14336K), 7 survivors (14336K)
 Metaspace       used 127920K, committed 128960K, reserved 1179648K
  class space    used 16662K, committed 17152K, reserved 1048576K
}
Event: 447.173 GC heap before
{Heap before GC invocations=125 (full 4):
 garbage-first heap   total 253952K, used 220759K [0x0000000703800000, 0x0000000800000000)
  region size 2048K, 54 young (110592K), 7 survivors (14336K)
 Metaspace       used 128584K, committed 129600K, reserved 1179648K
  class space    used 16675K, committed 17152K, reserved 1048576K
}
Event: 447.180 GC heap after
{Heap after GC invocations=126 (full 4):
 garbage-first heap   total 253952K, used 128515K [0x0000000703800000, 0x0000000800000000)
  region size 2048K, 3 young (6144K), 3 survivors (6144K)
 Metaspace       used 128584K, committed 129600K, reserved 1179648K
  class space    used 16675K, committed 17152K, reserved 1048576K
}
Event: 447.621 GC heap before
{Heap before GC invocations=126 (full 4):
 garbage-first heap   total 253952K, used 230915K [0x0000000703800000, 0x0000000800000000)
  region size 2048K, 53 young (108544K), 3 survivors (6144K)
 Metaspace       used 129144K, committed 130112K, reserved 1179648K
  class space    used 16741K, committed 17216K, reserved 1048576K
}
Event: 447.628 GC heap after
{Heap after GC invocations=127 (full 4):
 garbage-first heap   total 253952K, used 130403K [0x0000000703800000, 0x0000000800000000)
  region size 2048K, 5 young (10240K), 5 survivors (10240K)
 Metaspace       used 129144K, committed 130112K, reserved 1179648K
  class space    used 16741K, committed 17216K, reserved 1048576K
}
Event: 456.478 GC heap before
{Heap before GC invocations=127 (full 4):
 garbage-first heap   total 253952K, used 226659K [0x0000000703800000, 0x0000000800000000)
  region size 2048K, 52 young (106496K), 5 survivors (10240K)
 Metaspace       used 130050K, committed 131072K, reserved 1179648K
  class space    used 16797K, committed 17280K, reserved 1048576K
}
Event: 456.482 GC heap after
{Heap after GC invocations=128 (full 4):
 garbage-first heap   total 253952K, used 131651K [0x0000000703800000, 0x0000000800000000)
  region size 2048K, 4 young (8192K), 4 survivors (8192K)
 Metaspace       used 130050K, committed 131072K, reserved 1179648K
  class space    used 16797K, committed 17280K, reserved 1048576K
}
Event: 457.181 GC heap before
{Heap before GC invocations=129 (full 4):
 garbage-first heap   total 253952K, used 227907K [0x0000000703800000, 0x0000000800000000)
  region size 2048K, 51 young (104448K), 4 survivors (8192K)
 Metaspace       used 131357K, committed 132352K, reserved 1179648K
  class space    used 16935K, committed 17408K, reserved 1048576K
}
Event: 457.187 GC heap after
{Heap after GC invocations=130 (full 4):
 garbage-first heap   total 253952K, used 139210K [0x0000000703800000, 0x0000000800000000)
  region size 2048K, 7 young (14336K), 7 survivors (14336K)
 Metaspace       used 131357K, committed 132352K, reserved 1179648K
  class space    used 16935K, committed 17408K, reserved 1048576K
}
Event: 458.101 GC heap before
{Heap before GC invocations=130 (full 4):
 garbage-first heap   total 253952K, used 223178K [0x0000000703800000, 0x0000000800000000)
  region size 2048K, 48 young (98304K), 7 survivors (14336K)
 Metaspace       used 131655K, committed 132608K, reserved 1179648K
  class space    used 16963K, committed 17408K, reserved 1048576K
}
Event: 458.112 GC heap after
{Heap after GC invocations=131 (full 4):
 garbage-first heap   total 253952K, used 140342K [0x0000000703800000, 0x0000000800000000)
  region size 2048K, 3 young (6144K), 3 survivors (6144K)
 Metaspace       used 131655K, committed 132608K, reserved 1179648K
  class space    used 16963K, committed 17408K, reserved 1048576K
}
Event: 458.405 GC heap before
{Heap before GC invocations=131 (full 4):
 garbage-first heap   total 253952K, used 230454K [0x0000000703800000, 0x0000000800000000)
  region size 2048K, 47 young (96256K), 3 survivors (6144K)
 Metaspace       used 132240K, committed 133248K, reserved 1179648K
  class space    used 17025K, committed 17472K, reserved 1048576K
}
Event: 458.408 GC heap after
{Heap after GC invocations=132 (full 4):
 garbage-first heap   total 253952K, used 141701K [0x0000000703800000, 0x0000000800000000)
  region size 2048K, 4 young (8192K), 4 survivors (8192K)
 Metaspace       used 132240K, committed 133248K, reserved 1179648K
  class space    used 17025K, committed 17472K, reserved 1048576K
}
Event: 459.274 GC heap before
{Heap before GC invocations=133 (full 4):
 garbage-first heap   total 253952K, used 227717K [0x0000000703800000, 0x0000000800000000)
  region size 2048K, 46 young (94208K), 4 survivors (8192K)
 Metaspace       used 133122K, committed 134144K, reserved 1179648K
  class space    used 17079K, committed 17536K, reserved 1048576K
}
Event: 459.279 GC heap after
{Heap after GC invocations=134 (full 4):
 garbage-first heap   total 253952K, used 147422K [0x0000000703800000, 0x0000000800000000)
  region size 2048K, 6 young (12288K), 6 survivors (12288K)
 Metaspace       used 133122K, committed 134144K, reserved 1179648K
  class space    used 17079K, committed 17536K, reserved 1048576K
}
Event: 480.833 GC heap before
{Heap before GC invocations=134 (full 4):
 garbage-first heap   total 253952K, used 225246K [0x0000000703800000, 0x0000000800000000)
  region size 2048K, 44 young (90112K), 6 survivors (12288K)
 Metaspace       used 133868K, committed 134912K, reserved 1179648K
  class space    used 17133K, committed 17600K, reserved 1048576K
}
Event: 480.842 GC heap after
{Heap after GC invocations=135 (full 4):
 garbage-first heap   total 253952K, used 149287K [0x0000000703800000, 0x0000000800000000)
  region size 2048K, 2 young (4096K), 2 survivors (4096K)
 Metaspace       used 133868K, committed 134912K, reserved 1179648K
  class space    used 17133K, committed 17600K, reserved 1048576K
}
Event: 549.120 GC heap before
{Heap before GC invocations=135 (full 4):
 garbage-first heap   total 253952K, used 235303K [0x0000000703800000, 0x0000000800000000)
  region size 2048K, 44 young (90112K), 2 survivors (4096K)
 Metaspace       used 133892K, committed 134912K, reserved 1179648K
  class space    used 17133K, committed 17600K, reserved 1048576K
}

Dll operation events (12 events):
Event: 0.302 Loaded shared library E:\spring-tool-suite\sts-4.27.0.RELEASE\plugins\org.eclipse.justj.openjdk.hotspot.jre.full.win32.x86_64_21.0.5.v20241023-1957\jre\bin\java.dll
Event: 0.421 Loaded shared library E:\spring-tool-suite\sts-4.27.0.RELEASE\plugins\org.eclipse.justj.openjdk.hotspot.jre.full.win32.x86_64_21.0.5.v20241023-1957\jre\bin\zip.dll
Event: 0.768 Loaded shared library E:\spring-tool-suite\sts-4.27.0.RELEASE\plugins\org.eclipse.justj.openjdk.hotspot.jre.full.win32.x86_64_21.0.5.v20241023-1957\jre\bin\instrument.dll
Event: 0.842 Loaded shared library E:\spring-tool-suite\sts-4.27.0.RELEASE\plugins\org.eclipse.justj.openjdk.hotspot.jre.full.win32.x86_64_21.0.5.v20241023-1957\jre\bin\net.dll
Event: 0.867 Loaded shared library E:\spring-tool-suite\sts-4.27.0.RELEASE\plugins\org.eclipse.justj.openjdk.hotspot.jre.full.win32.x86_64_21.0.5.v20241023-1957\jre\bin\nio.dll
Event: 0.870 Loaded shared library E:\spring-tool-suite\sts-4.27.0.RELEASE\plugins\org.eclipse.justj.openjdk.hotspot.jre.full.win32.x86_64_21.0.5.v20241023-1957\jre\bin\zip.dll
Event: 1.098 Loaded shared library E:\spring-tool-suite\sts-4.27.0.RELEASE\plugins\org.eclipse.justj.openjdk.hotspot.jre.full.win32.x86_64_21.0.5.v20241023-1957\jre\bin\jimage.dll
Event: 1.195 Loaded shared library E:\spring-tool-suite\sts-4.27.0.RELEASE\plugins\org.eclipse.justj.openjdk.hotspot.jre.full.win32.x86_64_21.0.5.v20241023-1957\jre\bin\management.dll
Event: 1.221 Loaded shared library E:\spring-tool-suite\sts-4.27.0.RELEASE\plugins\org.eclipse.justj.openjdk.hotspot.jre.full.win32.x86_64_21.0.5.v20241023-1957\jre\bin\management_ext.dll
Event: 1.488 Loaded shared library E:\spring-tool-suite\sts-4.27.0.RELEASE\plugins\org.eclipse.justj.openjdk.hotspot.jre.full.win32.x86_64_21.0.5.v20241023-1957\jre\bin\extnet.dll
Event: 1.538 Loaded shared library E:\spring-tool-suite\sts-4.27.0.RELEASE\plugins\org.eclipse.justj.openjdk.hotspot.jre.full.win32.x86_64_21.0.5.v20241023-1957\jre\bin\verify.dll
Event: 2.540 Loaded shared library E:\spring-tool-suite\sts-4.27.0.RELEASE\plugins\org.eclipse.justj.openjdk.hotspot.jre.full.win32.x86_64_21.0.5.v20241023-1957\jre\bin\sunmscapi.dll

Deoptimization events (20 events):
Event: 459.540 Thread 0x000001954ca6f8f0 DEOPT PACKING pc=0x0000019573b248f4 sp=0x0000009217df99d0
Event: 459.540 Thread 0x000001954ca6f8f0 DEOPT UNPACKING pc=0x00000195732f4e42 sp=0x0000009217df8f80 mode 1
Event: 459.540 Thread 0x000001954ca6f8f0 DEOPT PACKING pc=0x0000019573b25c2c sp=0x0000009217df9b40
Event: 459.540 Thread 0x000001954ca6f8f0 DEOPT UNPACKING pc=0x00000195732f4e42 sp=0x0000009217df9100 mode 1
Event: 459.544 Thread 0x000001954ca6f8f0 DEOPT PACKING pc=0x0000019574115f3c sp=0x0000009217dfc350
Event: 459.544 Thread 0x000001954ca6f8f0 DEOPT UNPACKING pc=0x00000195732f4e42 sp=0x0000009217dfb8a8 mode 1
Event: 459.544 Thread 0x000001954ca6f8f0 DEOPT PACKING pc=0x000001957427948c sp=0x0000009217dfc460
Event: 459.544 Thread 0x000001954ca6f8f0 DEOPT UNPACKING pc=0x00000195732f4e42 sp=0x0000009217dfb910 mode 1
Event: 459.544 Thread 0x000001954ca6f8f0 DEOPT PACKING pc=0x0000019574115f3c sp=0x0000009217dfc350
Event: 459.544 Thread 0x000001954ca6f8f0 DEOPT UNPACKING pc=0x00000195732f4e42 sp=0x0000009217dfb8a8 mode 1
Event: 459.544 Thread 0x000001954ca6f8f0 DEOPT PACKING pc=0x000001957427948c sp=0x0000009217dfc460
Event: 459.544 Thread 0x000001954ca6f8f0 DEOPT UNPACKING pc=0x00000195732f4e42 sp=0x0000009217dfb910 mode 1
Event: 459.553 Thread 0x000001954ca6f8f0 DEOPT PACKING pc=0x0000019573b231ec sp=0x0000009217dfcca0
Event: 459.553 Thread 0x000001954ca6f8f0 DEOPT UNPACKING pc=0x00000195732f4e42 sp=0x0000009217dfc1d8 mode 1
Event: 459.553 Thread 0x000001954ca6f8f0 DEOPT PACKING pc=0x0000019573b248f4 sp=0x0000009217dfcd90
Event: 459.553 Thread 0x000001954ca6f8f0 DEOPT UNPACKING pc=0x00000195732f4e42 sp=0x0000009217dfc340 mode 1
Event: 459.553 Thread 0x000001954ca6f8f0 DEOPT PACKING pc=0x0000019573b25c2c sp=0x0000009217dfcf00
Event: 459.553 Thread 0x000001954ca6f8f0 DEOPT UNPACKING pc=0x00000195732f4e42 sp=0x0000009217dfc4c0 mode 1
Event: 483.382 Thread 0x000001954ca6f8f0 DEOPT PACKING pc=0x0000019573685834 sp=0x0000009217dfdbf0
Event: 483.382 Thread 0x000001954ca6f8f0 DEOPT UNPACKING pc=0x00000195732f4e42 sp=0x0000009217dfd0a8 mode 0

Classes loaded (20 events):
Event: 402.752 Loading class java/lang/Configurable
Event: 402.752 Loading class java/lang/Configurable done
Event: 421.983 Loading class java/lang/Configurable
Event: 421.983 Loading class java/lang/Configurable done
Event: 421.985 Loading class java/lang/Configurable
Event: 421.985 Loading class java/lang/Configurable done
Event: 421.987 Loading class java/lang/Configurable
Event: 421.987 Loading class java/lang/Configurable done
Event: 446.455 Loading class java/lang/Configurable
Event: 446.455 Loading class java/lang/Configurable done
Event: 446.457 Loading class java/lang/Configurable
Event: 446.457 Loading class java/lang/Configurable done
Event: 446.458 Loading class java/lang/Configurable
Event: 446.458 Loading class java/lang/Configurable done
Event: 457.315 Loading class java/lang/Configurable
Event: 457.315 Loading class java/lang/Configurable done
Event: 457.317 Loading class java/lang/Configurable
Event: 457.317 Loading class java/lang/Configurable done
Event: 457.319 Loading class java/lang/Configurable
Event: 457.319 Loading class java/lang/Configurable done

Classes unloaded (20 events):
Event: 444.866 Thread 0x000001957d9ba7a0 Unloading class 0x00000195010c8800 'jdk/internal/reflect/GeneratedSerializationConstructorAccessor5'
Event: 444.866 Thread 0x000001957d9ba7a0 Unloading class 0x00000195010c8400 'jdk/internal/reflect/GeneratedSerializationConstructorAccessor4'
Event: 456.561 Thread 0x000001957d9ba7a0 Unloading class 0x0000019501b14c00 'jdk/internal/reflect/GeneratedSerializationConstructorAccessor136'
Event: 456.561 Thread 0x000001957d9ba7a0 Unloading class 0x00000195018f9400 'jdk/internal/reflect/GeneratedSerializationConstructorAccessor135'
Event: 456.561 Thread 0x000001957d9ba7a0 Unloading class 0x000001950151a800 'jdk/internal/reflect/GeneratedSerializationConstructorAccessor134'
Event: 456.561 Thread 0x000001957d9ba7a0 Unloading class 0x0000019501519000 'jdk/internal/reflect/GeneratedSerializationConstructorAccessor133'
Event: 456.561 Thread 0x000001957d9ba7a0 Unloading class 0x0000019501515400 'jdk/internal/reflect/GeneratedSerializationConstructorAccessor132'
Event: 456.561 Thread 0x000001957d9ba7a0 Unloading class 0x0000019501474800 'jdk/internal/reflect/GeneratedSerializationConstructorAccessor131'
Event: 456.561 Thread 0x000001957d9ba7a0 Unloading class 0x0000019501461c00 'jdk/internal/reflect/GeneratedSerializationConstructorAccessor130'
Event: 456.561 Thread 0x000001957d9ba7a0 Unloading class 0x000001950143cc00 'jdk/internal/reflect/GeneratedSerializationConstructorAccessor129'
Event: 456.561 Thread 0x000001957d9ba7a0 Unloading class 0x0000019501432800 'jdk/internal/reflect/GeneratedSerializationConstructorAccessor128'
Event: 458.498 Thread 0x000001957d9ba7a0 Unloading class 0x00000195010d4400 'jdk/internal/reflect/GeneratedSerializationConstructorAccessor145'
Event: 458.498 Thread 0x000001957d9ba7a0 Unloading class 0x00000195010c3800 'jdk/internal/reflect/GeneratedSerializationConstructorAccessor144'
Event: 458.498 Thread 0x000001957d9ba7a0 Unloading class 0x0000019501f49c00 'jdk/internal/reflect/GeneratedSerializationConstructorAccessor143'
Event: 458.498 Thread 0x000001957d9ba7a0 Unloading class 0x0000019501f54800 'jdk/internal/reflect/GeneratedSerializationConstructorAccessor142'
Event: 458.498 Thread 0x000001957d9ba7a0 Unloading class 0x0000019501f5b000 'jdk/internal/reflect/GeneratedSerializationConstructorAccessor141'
Event: 458.498 Thread 0x000001957d9ba7a0 Unloading class 0x0000019501f69400 'jdk/internal/reflect/GeneratedSerializationConstructorAccessor140'
Event: 458.498 Thread 0x000001957d9ba7a0 Unloading class 0x0000019501fbd400 'jdk/internal/reflect/GeneratedSerializationConstructorAccessor139'
Event: 458.498 Thread 0x000001957d9ba7a0 Unloading class 0x0000019501fc1c00 'jdk/internal/reflect/GeneratedSerializationConstructorAccessor138'
Event: 458.498 Thread 0x000001957d9ba7a0 Unloading class 0x0000019501fcbc00 'jdk/internal/reflect/GeneratedSerializationConstructorAccessor137'

Classes redefined (4 events):
Event: 512.432 Thread 0x000001957d9ba7a0 redefined class name=com.mahasbr.service.FileUploadServiceImpl, count=1
Event: 512.432 Thread 0x000001957d9ba7a0 redefined class name=com.mahasbr.service.FileUploadServiceImpl, count=1
Event: 512.432 Thread 0x000001957d9ba7a0 redefined class name=com.mahasbr.service.FileUploadServiceImpl, count=1
Event: 512.432 Thread 0x000001957d9ba7a0 redefined class name=com.mahasbr.service.FileUploadServiceImpl, count=1

Internal exceptions (20 events):
Event: 457.275 Thread 0x000001954ca6f8f0 Exception <a 'java/lang/NoClassDefFoundError'{0x000000071237b508}: org/flywaydb/core/Flyway> (0x000000071237b508) 
thrown [s\src\hotspot\share\oops\constantPool.cpp, line 873]
Event: 457.275 Thread 0x000001954ca6f8f0 Exception <a 'java/lang/NoClassDefFoundError'{0x000000071237bb68}: liquibase/integration/spring/SpringLiquibase> (0x000000071237bb68) 
thrown [s\src\hotspot\share\oops\constantPool.cpp, line 873]
Event: 457.285 Thread 0x000001954ca6f8f0 Exception <a 'java/lang/NoClassDefFoundError'{0x00000007120e4b88}: org/jooq/DSLContext> (0x00000007120e4b88) 
thrown [s\src\hotspot\share\oops\constantPool.cpp, line 873]
Event: 457.287 Thread 0x000001954ca6f8f0 Exception <a 'java/lang/NoClassDefFoundError'{0x0000000712111bd0}: org/springframework/batch/core/repository/JobRepository> (0x0000000712111bd0) 
thrown [s\src\hotspot\share\oops\constantPool.cpp, line 873]
Event: 457.288 Thread 0x000001954ca6f8f0 Exception <a 'java/lang/NoClassDefFoundError'{0x0000000712112228}: org/quartz/Scheduler> (0x0000000712112228) 
thrown [s\src\hotspot\share\oops\constantPool.cpp, line 873]
Event: 457.289 Thread 0x000001954ca6f8f0 Exception <a 'java/lang/NoClassDefFoundError'{0x00000007121128a8}: org/springframework/session/jdbc/JdbcIndexedSessionRepository> (0x00000007121128a8) 
thrown [s\src\hotspot\share\oops\constantPool.cpp, line 873]
Event: 457.314 Thread 0x000001954ca6f8f0 Exception <a 'java/lang/ArrayIndexOutOfBoundsException'{0x0000000711c82320}> (0x0000000711c82320) 
thrown [s\src\hotspot\share\runtime\sharedRuntime.cpp, line 625]
Event: 457.314 Thread 0x000001954ca6f8f0 Exception <a 'java/lang/ArrayIndexOutOfBoundsException'{0x0000000711c828f8}> (0x0000000711c828f8) 
thrown [s\src\hotspot\share\runtime\sharedRuntime.cpp, line 625]
Event: 457.315 Thread 0x000001954ca6f8f0 Exception <a 'java/lang/ArrayIndexOutOfBoundsException'{0x0000000711c8c798}> (0x0000000711c8c798) 
thrown [s\src\hotspot\share\runtime\sharedRuntime.cpp, line 625]
Event: 457.315 Thread 0x000001954ca6f8f0 Exception <a 'java/lang/ArrayIndexOutOfBoundsException'{0x0000000711c8d020}> (0x0000000711c8d020) 
thrown [s\src\hotspot\share\runtime\sharedRuntime.cpp, line 625]
Event: 457.316 Thread 0x000001954ca6f8f0 Exception <a 'java/lang/ArrayIndexOutOfBoundsException'{0x0000000711ca1968}> (0x0000000711ca1968) 
thrown [s\src\hotspot\share\runtime\sharedRuntime.cpp, line 625]
Event: 457.316 Thread 0x000001954ca6f8f0 Exception <a 'java/lang/ArrayIndexOutOfBoundsException'{0x0000000711ca1f40}> (0x0000000711ca1f40) 
thrown [s\src\hotspot\share\runtime\sharedRuntime.cpp, line 625]
Event: 457.317 Thread 0x000001954ca6f8f0 Exception <a 'java/lang/ArrayIndexOutOfBoundsException'{0x0000000711cac1b8}> (0x0000000711cac1b8) 
thrown [s\src\hotspot\share\runtime\sharedRuntime.cpp, line 625]
Event: 457.317 Thread 0x000001954ca6f8f0 Exception <a 'java/lang/ArrayIndexOutOfBoundsException'{0x0000000711caca40}> (0x0000000711caca40) 
thrown [s\src\hotspot\share\runtime\sharedRuntime.cpp, line 625]
Event: 457.318 Thread 0x000001954ca6f8f0 Exception <a 'java/lang/ArrayIndexOutOfBoundsException'{0x0000000711cc0cc8}> (0x0000000711cc0cc8) 
thrown [s\src\hotspot\share\runtime\sharedRuntime.cpp, line 625]
Event: 457.318 Thread 0x000001954ca6f8f0 Exception <a 'java/lang/ArrayIndexOutOfBoundsException'{0x0000000711cc12a0}> (0x0000000711cc12a0) 
thrown [s\src\hotspot\share\runtime\sharedRuntime.cpp, line 625]
Event: 457.318 Thread 0x000001954ca6f8f0 Exception <a 'java/lang/ArrayIndexOutOfBoundsException'{0x0000000711cc84a0}> (0x0000000711cc84a0) 
thrown [s\src\hotspot\share\runtime\sharedRuntime.cpp, line 625]
Event: 457.318 Thread 0x000001954ca6f8f0 Exception <a 'java/lang/ArrayIndexOutOfBoundsException'{0x0000000711cc8d28}> (0x0000000711cc8d28) 
thrown [s\src\hotspot\share\runtime\sharedRuntime.cpp, line 625]
Event: 457.534 Thread 0x000001954ca6f8f0 Exception <a 'java/io/FileNotFoundException'{0x0000000710bee198}> (0x0000000710bee198) 
thrown [s\src\hotspot\share\prims\jni.cpp, line 520]
Event: 458.997 Thread 0x000001954ca6f8f0 Exception <a 'java/io/FileNotFoundException'{0x0000000710b72918}> (0x0000000710b72918) 
thrown [s\src\hotspot\share\prims\jni.cpp, line 520]

ZGC Phase Switch (0 events):
No events

VM Operations (20 events):
Event: 461.786 Executing VM operation: get/set locals done
Event: 461.787 Executing VM operation: get/set locals
Event: 461.787 Executing VM operation: get/set locals done
Event: 461.787 Executing VM operation: get/set locals
Event: 461.787 Executing VM operation: get/set locals done
Event: 461.788 Executing VM operation: get/set locals
Event: 461.788 Executing VM operation: get/set locals done
Event: 480.833 Executing VM operation: G1CollectForAllocation (G1 Evacuation Pause)
Event: 480.842 Executing VM operation: G1CollectForAllocation (G1 Evacuation Pause) done
Event: 481.771 Executing VM operation: HandshakeAllThreads (HandshakeForDeflation)
Event: 481.771 Executing VM operation: HandshakeAllThreads (HandshakeForDeflation) done
Event: 481.771 Executing VM operation: RendezvousGCThreads
Event: 481.771 Executing VM operation: RendezvousGCThreads done
Event: 483.381 Executing VM operation: ChangeSingleStep
Event: 483.381 Executing VM operation: ChangeSingleStep done
Event: 483.382 Executing VM operation: ChangeSingleStep
Event: 483.382 Executing VM operation: ChangeSingleStep done
Event: 512.419 Executing VM operation: RedefineClasses
Event: 512.515 Executing VM operation: RedefineClasses done
Event: 549.120 Executing VM operation: G1CollectForAllocation (G1 Evacuation Pause)

Memory protections (0 events):
No events

Nmethod flushes (20 events):
Event: 458.509 Thread 0x000001957d9ba7a0 flushing  nmethod 0x00000195742c3a10
Event: 458.509 Thread 0x000001957d9ba7a0 flushing  nmethod 0x00000195742c4a90
Event: 458.509 Thread 0x000001957d9ba7a0 flushing  nmethod 0x00000195742c8a90
Event: 458.509 Thread 0x000001957d9ba7a0 flushing  nmethod 0x00000195742c9f10
Event: 458.509 Thread 0x000001957d9ba7a0 flushing  nmethod 0x00000195742e8f10
Event: 458.509 Thread 0x000001957d9ba7a0 flushing  nmethod 0x00000195742e9290
Event: 458.509 Thread 0x000001957d9ba7a0 flushing  nmethod 0x000001957437b590
Event: 458.509 Thread 0x000001957d9ba7a0 flushing  nmethod 0x0000019574482f90
Event: 458.509 Thread 0x000001957d9ba7a0 flushing  nmethod 0x0000019574610190
Event: 458.509 Thread 0x000001957d9ba7a0 flushing  nmethod 0x000001957468ab90
Event: 458.509 Thread 0x000001957d9ba7a0 flushing  nmethod 0x000001957475cc10
Event: 458.509 Thread 0x000001957d9ba7a0 flushing  nmethod 0x0000019574829710
Event: 458.509 Thread 0x000001957d9ba7a0 flushing  nmethod 0x0000019574b89d10
Event: 458.509 Thread 0x000001957d9ba7a0 flushing  nmethod 0x0000019574b9b910
Event: 458.509 Thread 0x000001957d9ba7a0 flushing  nmethod 0x0000019574ca8d90
Event: 458.509 Thread 0x000001957d9ba7a0 flushing  nmethod 0x0000019574fe8610
Event: 458.509 Thread 0x000001957d9ba7a0 flushing  nmethod 0x0000019574fe9a10
Event: 458.509 Thread 0x000001957d9ba7a0 flushing  nmethod 0x0000019574fea310
Event: 458.509 Thread 0x000001957d9ba7a0 flushing  nmethod 0x0000019574feb490
Event: 458.509 Thread 0x000001957d9ba7a0 flushing  nmethod 0x0000019574feb810

Events (20 events):
Event: 453.578 Thread 0x000001954c56a700 Thread exited: 0x000001954c56a700
Event: 453.580 Thread 0x000001954c569960 Thread exited: 0x000001954c569960
Event: 456.470 Thread 0x000001954ca6ebd0 Thread added: 0x000001954ca6f8f0
Event: 456.749 Thread 0x000001954ca6f8f0 Thread added: 0x000001954687bf20
Event: 456.789 Thread 0x000001954687bf20 Thread exited: 0x000001954687bf20
Event: 457.735 Thread 0x000001954ca6f8f0 Thread added: 0x000001954687cc40
Event: 457.739 Thread 0x000001954687cc40 Thread exited: 0x000001954687cc40
Event: 457.740 Thread 0x000001954ca6f8f0 Thread added: 0x0000019546878410
Event: 457.853 Thread 0x0000019546878410 Thread added: 0x000001954687ab70
Event: 458.423 Thread 0x000001957d9e4a70 Thread added: 0x000001954c56c240
Event: 458.423 Thread 0x000001957d9e4a70 Thread added: 0x000001954c567e20
Event: 458.459 Thread 0x000001954ca6f8f0 Thread added: 0x000001954687c5b0
Event: 458.464 Thread 0x000001954687c5b0 Thread exited: 0x000001954687c5b0
Event: 458.998 Thread 0x000001954ca6f8f0 Thread added: 0x000001954ca6d820
Event: 458.998 Thread 0x000001954ca6f8f0 Thread added: 0x0000019547a71ab0
Event: 458.998 Thread 0x000001954ca6f8f0 Thread added: 0x0000019547a70d90
Event: 462.270 Thread 0x000001954c567e20 Thread exited: 0x000001954c567e20
Event: 463.833 Thread 0x000001954687ab70 Thread exited: 0x000001954687ab70
Event: 467.270 Thread 0x000001954c56c240 Thread exited: 0x000001954c56c240
Event: 518.820 Thread 0x000001954687b890 Thread exited: 0x000001954687b890


Dynamic libraries:
0x00007ff73a8f0000 - 0x00007ff73a8fe000 	E:\spring-tool-suite\sts-4.27.0.RELEASE\plugins\org.eclipse.justj.openjdk.hotspot.jre.full.win32.x86_64_21.0.5.v20241023-1957\jre\bin\javaw.exe
0x00007ffdd0e50000 - 0x00007ffdd1048000 	C:\WINDOWS\SYSTEM32\ntdll.dll
0x00007ffdcfe10000 - 0x00007ffdcfed2000 	C:\WINDOWS\System32\KERNEL32.DLL
0x00007ffdce670000 - 0x00007ffdce967000 	C:\WINDOWS\System32\KERNELBASE.dll
0x00007ffdceca0000 - 0x00007ffdceda0000 	C:\WINDOWS\System32\ucrtbase.dll
0x00007ffdaa4b0000 - 0x00007ffdaa4c8000 	E:\spring-tool-suite\sts-4.27.0.RELEASE\plugins\org.eclipse.justj.openjdk.hotspot.jre.full.win32.x86_64_21.0.5.v20241023-1957\jre\bin\jli.dll
0x00007ffdd09f0000 - 0x00007ffdd0b8d000 	C:\WINDOWS\System32\USER32.dll
0x00007ffdce4e0000 - 0x00007ffdce502000 	C:\WINDOWS\System32\win32u.dll
0x00007ffdcfee0000 - 0x00007ffdcff0b000 	C:\WINDOWS\System32\GDI32.dll
0x00007ffdceb80000 - 0x00007ffdcec99000 	C:\WINDOWS\System32\gdi32full.dll
0x00007ffdb0890000 - 0x00007ffdb0b2a000 	C:\WINDOWS\WinSxS\amd64_microsoft.windows.common-controls_6595b64144ccf1df_6.0.19041.5915_none_60b4b9d171f9c7c7\COMCTL32.dll
0x00007ffdce510000 - 0x00007ffdce5ad000 	C:\WINDOWS\System32\msvcp_win.dll
0x00007ffdcee70000 - 0x00007ffdcef0e000 	C:\WINDOWS\System32\msvcrt.dll
0x00007ffdb6f80000 - 0x00007ffdb6f9e000 	E:\spring-tool-suite\sts-4.27.0.RELEASE\plugins\org.eclipse.justj.openjdk.hotspot.jre.full.win32.x86_64_21.0.5.v20241023-1957\jre\bin\VCRUNTIME140.dll
0x00007ffdcff20000 - 0x00007ffdcff4f000 	C:\WINDOWS\System32\IMM32.DLL
0x00007ffdb5620000 - 0x00007ffdb562c000 	E:\spring-tool-suite\sts-4.27.0.RELEASE\plugins\org.eclipse.justj.openjdk.hotspot.jre.full.win32.x86_64_21.0.5.v20241023-1957\jre\bin\vcruntime140_1.dll
0x00007ffd7e310000 - 0x00007ffd7e39d000 	E:\spring-tool-suite\sts-4.27.0.RELEASE\plugins\org.eclipse.justj.openjdk.hotspot.jre.full.win32.x86_64_21.0.5.v20241023-1957\jre\bin\msvcp140.dll
0x00007ffd4ecf0000 - 0x00007ffd4fa7f000 	E:\spring-tool-suite\sts-4.27.0.RELEASE\plugins\org.eclipse.justj.openjdk.hotspot.jre.full.win32.x86_64_21.0.5.v20241023-1957\jre\bin\server\jvm.dll
0x00007ffdcf640000 - 0x00007ffdcf6f1000 	C:\WINDOWS\System32\ADVAPI32.dll
0x00007ffdcf900000 - 0x00007ffdcf99f000 	C:\WINDOWS\System32\sechost.dll
0x00007ffdcff50000 - 0x00007ffdd0076000 	C:\WINDOWS\System32\RPCRT4.dll
0x00007ffdce640000 - 0x00007ffdce667000 	C:\WINDOWS\System32\bcrypt.dll
0x00007ffdcf700000 - 0x00007ffdcf76b000 	C:\WINDOWS\System32\WS2_32.dll
0x00007ffdcd9e0000 - 0x00007ffdcda2b000 	C:\WINDOWS\SYSTEM32\POWRPROF.dll
0x00007ffdaf0e0000 - 0x00007ffdaf107000 	C:\WINDOWS\SYSTEM32\WINMM.dll
0x00007ffdbdc00000 - 0x00007ffdbdc0a000 	C:\WINDOWS\SYSTEM32\VERSION.dll
0x00007ffdcd8a0000 - 0x00007ffdcd8b2000 	C:\WINDOWS\SYSTEM32\UMPDC.dll
0x00007ffdcc1b0000 - 0x00007ffdcc1c2000 	C:\WINDOWS\SYSTEM32\kernel.appcore.dll
0x00007ffdc41f0000 - 0x00007ffdc41fa000 	E:\spring-tool-suite\sts-4.27.0.RELEASE\plugins\org.eclipse.justj.openjdk.hotspot.jre.full.win32.x86_64_21.0.5.v20241023-1957\jre\bin\jimage.dll
0x00007ffdb3fc0000 - 0x00007ffdb41c1000 	C:\WINDOWS\SYSTEM32\DBGHELP.DLL
0x00007ffdb3f80000 - 0x00007ffdb3fb4000 	C:\WINDOWS\SYSTEM32\dbgcore.DLL
0x00007ffdce5b0000 - 0x00007ffdce632000 	C:\WINDOWS\System32\bcryptPrimitives.dll
0x00007ffd938c0000 - 0x00007ffd938fc000 	E:\spring-tool-suite\sts-4.27.0.RELEASE\plugins\org.eclipse.justj.openjdk.hotspot.jre.full.win32.x86_64_21.0.5.v20241023-1957\jre\bin\jdwp.dll
0x00007ffdb7e00000 - 0x00007ffdb7e0f000 	E:\spring-tool-suite\sts-4.27.0.RELEASE\plugins\org.eclipse.justj.openjdk.hotspot.jre.full.win32.x86_64_21.0.5.v20241023-1957\jre\bin\instrument.dll
0x00007ffdac800000 - 0x00007ffdac81f000 	E:\spring-tool-suite\sts-4.27.0.RELEASE\plugins\org.eclipse.justj.openjdk.hotspot.jre.full.win32.x86_64_21.0.5.v20241023-1957\jre\bin\java.dll
0x00007ffdd0280000 - 0x00007ffdd09ee000 	C:\WINDOWS\System32\SHELL32.dll
0x00007ffdcc320000 - 0x00007ffdccac4000 	C:\WINDOWS\SYSTEM32\windows.storage.dll
0x00007ffdcf0b0000 - 0x00007ffdcf403000 	C:\WINDOWS\System32\combase.dll
0x00007ffdcde30000 - 0x00007ffdcde5b000 	C:\WINDOWS\SYSTEM32\Wldp.dll
0x00007ffdcef10000 - 0x00007ffdcefdd000 	C:\WINDOWS\System32\OLEAUT32.dll
0x00007ffdd0d60000 - 0x00007ffdd0e0d000 	C:\WINDOWS\System32\SHCORE.dll
0x00007ffdd0b90000 - 0x00007ffdd0beb000 	C:\WINDOWS\System32\shlwapi.dll
0x00007ffdce410000 - 0x00007ffdce434000 	C:\WINDOWS\SYSTEM32\profapi.dll
0x00007ffdaa400000 - 0x00007ffdaa418000 	E:\spring-tool-suite\sts-4.27.0.RELEASE\plugins\org.eclipse.justj.openjdk.hotspot.jre.full.win32.x86_64_21.0.5.v20241023-1957\jre\bin\zip.dll
0x00007ffd9e400000 - 0x00007ffd9e40b000 	E:\spring-tool-suite\sts-4.27.0.RELEASE\plugins\org.eclipse.justj.openjdk.hotspot.jre.full.win32.x86_64_21.0.5.v20241023-1957\jre\bin\dt_socket.dll
0x00007ffdcd8c0000 - 0x00007ffdcd8fb000 	C:\WINDOWS\SYSTEM32\IPHLPAPI.DLL
0x00007ffdcdc10000 - 0x00007ffdcdc7a000 	C:\WINDOWS\system32\mswsock.dll
0x00007ffdcd900000 - 0x00007ffdcd9ca000 	C:\WINDOWS\SYSTEM32\DNSAPI.dll
0x00007ffdcff10000 - 0x00007ffdcff18000 	C:\WINDOWS\System32\NSI.dll
0x00007ffdb6ea0000 - 0x00007ffdb6eaa000 	C:\Windows\System32\rasadhlp.dll
0x00007ffdc67f0000 - 0x00007ffdc6870000 	C:\WINDOWS\System32\fwpuclnt.dll
0x00007ffdb58e0000 - 0x00007ffdb58f0000 	E:\spring-tool-suite\sts-4.27.0.RELEASE\plugins\org.eclipse.justj.openjdk.hotspot.jre.full.win32.x86_64_21.0.5.v20241023-1957\jre\bin\net.dll
0x00007ffdc5250000 - 0x00007ffdc535a000 	C:\WINDOWS\SYSTEM32\WINHTTP.dll
0x00007ffda8350000 - 0x00007ffda8366000 	E:\spring-tool-suite\sts-4.27.0.RELEASE\plugins\org.eclipse.justj.openjdk.hotspot.jre.full.win32.x86_64_21.0.5.v20241023-1957\jre\bin\nio.dll
0x00007ffdb3650000 - 0x00007ffdb365a000 	E:\spring-tool-suite\sts-4.27.0.RELEASE\plugins\org.eclipse.justj.openjdk.hotspot.jre.full.win32.x86_64_21.0.5.v20241023-1957\jre\bin\management.dll
0x00007ffdad8a0000 - 0x00007ffdad8ab000 	E:\spring-tool-suite\sts-4.27.0.RELEASE\plugins\org.eclipse.justj.openjdk.hotspot.jre.full.win32.x86_64_21.0.5.v20241023-1957\jre\bin\management_ext.dll
0x00007ffdcf0a0000 - 0x00007ffdcf0a8000 	C:\WINDOWS\System32\PSAPI.DLL
0x00007ffdaf110000 - 0x00007ffdaf127000 	C:\WINDOWS\system32\napinsp.dll
0x00007ffdaee60000 - 0x00007ffdaee7b000 	C:\WINDOWS\system32\pnrpnsp.dll
0x00007ffdcaf50000 - 0x00007ffdcaf6d000 	C:\WINDOWS\system32\wshbth.dll
0x00007ffdc6c60000 - 0x00007ffdc6c7d000 	C:\WINDOWS\system32\NLAapi.dll
0x00007ffdaee40000 - 0x00007ffdaee52000 	C:\WINDOWS\System32\winrnr.dll
0x00007ffdcde70000 - 0x00007ffdcde88000 	C:\WINDOWS\SYSTEM32\CRYPTSP.dll
0x00007ffdcd4e0000 - 0x00007ffdcd518000 	C:\WINDOWS\system32\rsaenh.dll
0x00007ffdce3d0000 - 0x00007ffdce3fe000 	C:\WINDOWS\SYSTEM32\USERENV.dll
0x00007ffdcdda0000 - 0x00007ffdcddac000 	C:\WINDOWS\SYSTEM32\CRYPTBASE.dll
0x00007ffdc78c0000 - 0x00007ffdc78c9000 	E:\spring-tool-suite\sts-4.27.0.RELEASE\plugins\org.eclipse.justj.openjdk.hotspot.jre.full.win32.x86_64_21.0.5.v20241023-1957\jre\bin\extnet.dll
0x00007ffdb56c0000 - 0x00007ffdb56d0000 	E:\spring-tool-suite\sts-4.27.0.RELEASE\plugins\org.eclipse.justj.openjdk.hotspot.jre.full.win32.x86_64_21.0.5.v20241023-1957\jre\bin\verify.dll
0x00007ffdc8d50000 - 0x00007ffdc8d5e000 	E:\spring-tool-suite\sts-4.27.0.RELEASE\plugins\org.eclipse.justj.openjdk.hotspot.jre.full.win32.x86_64_21.0.5.v20241023-1957\jre\bin\sunmscapi.dll
0x00007ffdce970000 - 0x00007ffdceacd000 	C:\WINDOWS\System32\CRYPT32.dll
0x00007ffdcdf80000 - 0x00007ffdcdfa7000 	C:\WINDOWS\SYSTEM32\ncrypt.dll
0x00007ffdcdf40000 - 0x00007ffdcdf7b000 	C:\WINDOWS\SYSTEM32\NTASN1.dll
0x00007ffdaf070000 - 0x00007ffdaf077000 	C:\WINDOWS\system32\wshunix.dll

dbghelp: loaded successfully - version: 4.0.5 - missing functions: none
symbol engine: initialized successfully - sym options: 0x614 - pdb path: .;E:\spring-tool-suite\sts-4.27.0.RELEASE\plugins\org.eclipse.justj.openjdk.hotspot.jre.full.win32.x86_64_21.0.5.v20241023-1957\jre\bin;C:\WINDOWS\SYSTEM32;C:\WINDOWS\WinSxS\amd64_microsoft.windows.common-controls_6595b64144ccf1df_6.0.19041.5915_none_60b4b9d171f9c7c7;E:\spring-tool-suite\sts-4.27.0.RELEASE\plugins\org.eclipse.justj.openjdk.hotspot.jre.full.win32.x86_64_21.0.5.v20241023-1957\jre\bin\server

VM Arguments:
jvm_args: -XX:+ShowCodeDetailsInExceptionMessages -agentlib:jdwp=transport=dt_socket,suspend=y,address=localhost:53140 -Dcom.sun.management.jmxremote -Dcom.sun.management.jmxremote.port=53124 -Dcom.sun.management.jmxremote.authenticate=false -Dcom.sun.management.jmxremote.ssl=false -Djava.rmi.server.hostname=localhost -Dspring.jmx.enabled=true -Dmanagement.endpoints.jmx.exposure.include=* -Dspring.application.admin.enabled=true -XX:TieredStopAtLevel=1 -Dspring.boot.project.name=MAHASBR -javaagent:E:\spring-tool-suite\sts-4.27.0.RELEASE\configuration\org.eclipse.osgi\275\0\.cp\lib\javaagent-shaded.jar -Dfile.encoding=UTF-8 -Dstdout.encoding=UTF-8 -Dstderr.encoding=UTF-8 
java_command: com.mahasbr.SbrBackEndProjectApplication --spring.output.ansi.enabled=always
java_class_path (initial): E:\SBR_Workspace\MAHASBR\target\classes;C:\Users\jitendra.ghasle\.m2\repository\org\springframework\boot\spring-boot-starter-web\3.2.9\spring-boot-starter-web-3.2.9.jar;C:\Users\jitendra.ghasle\.m2\repository\org\springframework\boot\spring-boot-starter-json\3.2.9\spring-boot-starter-json-3.2.9.jar;C:\Users\jitendra.ghasle\.m2\repository\com\fasterxml\jackson\datatype\jackson-datatype-jdk8\2.15.4\jackson-datatype-jdk8-2.15.4.jar;C:\Users\jitendra.ghasle\.m2\repository\com\fasterxml\jackson\module\jackson-module-parameter-names\2.15.4\jackson-module-parameter-names-2.15.4.jar;C:\Users\jitendra.ghasle\.m2\repository\org\springframework\boot\spring-boot-starter-tomcat\3.2.9\spring-boot-starter-tomcat-3.2.9.jar;C:\Users\jitendra.ghasle\.m2\repository\org\apache\tomcat\embed\tomcat-embed-core\10.1.28\tomcat-embed-core-10.1.28.jar;C:\Users\jitendra.ghasle\.m2\repository\org\apache\tomcat\embed\tomcat-embed-el\10.1.28\tomcat-embed-el-10.1.28.jar;C:\Users\jitendra.ghasle\.m2\repository\org\apache\tomcat\embed\tomcat-embed-websocket\10.1.28\tomcat-embed-websocket-10.1.28.jar;C:\Users\jitendra.ghasle\.m2\repository\org\springframework\spring-web\6.1.12\spring-web-6.1.12.jar;C:\Users\jitendra.ghasle\.m2\repository\org\springframework\spring-beans\6.1.12\spring-beans-6.1.12.jar;C:\Users\jitendra.ghasle\.m2\repository\io\micrometer\micrometer-observation\1.12.9\micrometer-observation-1.12.9.jar;C:\Users\jitendra.ghasle\.m2\repository\io\micrometer\micrometer-commons\1.12.9\micrometer-commons-1.12.9.jar;C:\Users\jitendra.ghasle\.m2\repository\org\springframework\spring-webmvc\6.1.12\spring-webmvc-6.1.12.jar;C:\Users\jitendra.ghasle\.m2\repository\org\springframework\spring-context\6.1.12\spring-context-6.1.12.jar;C:\Users\jitendra.ghasle\.m2\repository\org\springframework\spring-expression\6.1.12\spring-expression-6.1.12.jar;C:\Users\jitendra.ghasle\.m2\repository\org\springframework\boot\spring-boot-devtools\3.2.9\spring-boot-devtools-3.2.9.jar;C:\Users\jitendra.ghasle\.m2\repository\org\springframework\boot\spring-boot\3.2.9\spring-boot-3.2.9.jar;C:\Users\jitendra.ghasle\.m2\repository\org\springframework\boot\spring-boot-autoconfigure\3.2.9\spring-boot-autoconfigure-3.2.9.jar;C:\Users\jitendra.ghasle\.m2\repository\org\projectlombok\lombok\1.18.34\lombok-1.18.34.jar;C:\Users\jitendra.ghasle\.m2\repository\jakarta\xml\bind\jakarta.xml.bind-api\4.0.2\jakarta.xml.bind-api-4.0.2.jar;C:\Users\jitendra.ghasle\.m2\repository\jakarta\activation\jakarta.activation-api\2.1.3\jakarta.activation-api-2.1.3.jar;C:\Users\jitendra.ghasle\.m2\repository\net\bytebuddy\byte-buddy\1.14.19\byte-buddy-1.14.19.jar;C:\Users\jitendra.ghasle\.m2\repository\org\springframework\spring-core\6.1.12\spring-core-6.1.12.jar;C:\Users\jitendra.ghasle\.m2\repository\org\springframework\spring-jcl\6.1.12\spring-jcl-6.1.12.jar;C:\Users\jitendra.ghasle\.m2\repository\org\springframework\boot\spring-boot-starter-security\3.2.9\spring-boot-starter-security-3.2.9.jar;C:\Users\jitendra.ghasle\.m2\repository\org\springframework\spring-aop\6.1.12\spring-aop-6.1.12.jar;C:\Users\jitendra.ghasle\.m2\repository\org\springframework\security\spring-security-config\6.2.6\spring-security-config-6.2.6.jar;C:\Users\jitendra.ghasle\.m2\repository\org\springframework\security\spring-security-core\6.2.6\spring-security-core-6.2.6.jar;C:\Users\jitendra.ghasle\.m2\repository\org\springframework\security\spring-security-crypto\6.2.6\spring-security-crypto-6.2.6.jar;C:\Users\jitendra.ghasle\.m2\repository\org\springframework\security\spring-security-web\6.2.6\spring-security-web-6.2.6.jar;C:\Users\jitendra.ghasle\.m2\repository\io\jsonwebtoken\jjwt-api\0.11.5\jjwt-api-0.11.5.jar;C:\Users\jitendra.ghasle\.m2\repository\org\apache\poi\poi-ooxml\5.2.3\poi-ooxml-5.2.3.jar;C:\Users\jitendra.ghasle\.m2\repository\org\apache\poi\poi-ooxml-lite\5.2.3\poi-ooxml-lite-5.2.3.jar;C:\Users\jitendra.ghasle\.m2\repository\commons-io\commons-io\2.11.0\commons-io-2.11.0.jar;C:\Users\jitendra.ghasle\.m2\repository\com\github\virtuald\curvesapi\1.07\curvesapi-1.07.jar;C:\Users\jitendra.ghasle\.m2\repository\org\apache\logging\log4j\log4j-api\2.21.1\log4j-api-2.21.1.jar;C:\Users\jitendra.ghasle\.m2\repository\org\apache\commons\commons-collections4\4.4\commons-collections4-4.4.jar;C:\Users\jitendra.ghasle\.m2\repository\io\jsonwebtoken\jjwt-impl\0.11.5\jjwt-impl-0.11.5.jar;C:\Users\jitendra.ghasle\.m2\repository\org\springframework\boot\spring-boot-starter-mail\3.2.9\spring-boot-starter-mail-3.2.9.jar;C:\Users\jitendra.ghasle\.m2\repository\org\springframework\spring-context-support\6.1.12\spring-context-support-6.1.12.jar;C:\Users\jitendra.ghasle\.m2\repository\org\eclipse\angus\jakarta.mail\2.0.3\jakarta.mail-2.0.3.jar;C:\Users\jitendra.ghasle\.m2\repository\org\eclipse\angus\angus-activation\2.0.2\angus-activation-2.0.2.jar;C:\Users\jitendra.ghasle\.m2\repository\javax\mail\mail\1.4.7\mail-1.4.7.jar;C:\Users\jitendra.ghasle\.m2\repository\javax\activation\activation\1.1\activation-1.1.jar;C:\Users\jitendra.ghasle\.m2\repository\io\jsonwebtoken\jjwt-jackson\0.11.5\jjwt-jackson-0.11.5.jar;C:\Users\jitendra.ghasle\.m2\repository\org\springframework\boot\spring-boot-starter-data-jpa\3.2.9\spring-boot-starter-data-jpa-3.2.9.jar;C:\Users\jitendra.ghasle\.m2\repository\org\springframework\boot\spring-boot-starter-jdbc\3.2.9\spring-boot-starter-jdbc-3.2.9.jar;C:\Users\jitendra.ghasle\.m2\repository\com\zaxxer\HikariCP\5.0.1\HikariCP-5.0.1.jar;C:\Users\jitendra.ghasle\.m2\repository\org\springframework\spring-jdbc\6.1.12\spring-jdbc-6.1.12.jar;C:\Users\jitendra.ghasle\.m2\repository\org\hibernate\orm\hibernate-core\6.4.10.Final\hibernate-core-6.4.10.Final.jar;C:\Users\jitendra.ghasle\.m2\repository\jakarta\persistence\jakarta.persistence-api\3.1.0\jakarta.persistence-api-3.1.0.jar;C:\Users\jitendra.ghasle\.m2\repository\jakarta\transaction\jakarta.transaction-api\2.0.1\jakarta.transaction-api-2.0.1.jar;C:\Users\jitendra.ghasle\.m2\repository\org\jboss\logging\jboss-logging\3.5.3.Final\jboss-logging-3.5.3.Final.jar;C:\Users\jitendra.ghasle\.m2\repository\org\hibernate\common\hibernate-commons-annotations\6.0.6.Final\hibernate-commons-annotations-6.0.6.Final.jar;C:\Users\jitendra.ghasle\.m2\repository\io\smallrye\jandex\3.1.2\jandex-3.1.2.jar;C:\Users\jitendra.ghasle\.m2\repository\org\glassfish\jaxb\jaxb-runtime\4.0.5\jaxb-runtime-4.0.5.jar;C:\Users\jitendra.ghasle\.m2\repository\org\glassfish\jaxb\jaxb-core\4.0.5\jaxb-core-4.0.5.jar;C:\Users\jitendra.ghasle\.m2\repository\org\glassfish\jaxb\txw2\4.0.5\txw2-4.0.5.jar;C:\Users\jitendra.ghasle\.m2\repository\com\sun\istack\istack-commons-runtime\4.1.2\istack-commons-runtime-4.1.2.jar;C:\Users\jitendra.ghasle\.m2\repository\jakarta\inject\jakarta.inject-api\2.0.1\jakarta.inject-api-2.0.1.jar;C:\Users\jitendra.ghasle\.m2\repository\org\antlr\antlr4-runtime\4.13.0\antlr4-runtime-4.13.0.jar;C:\Users\jitendra.ghasle\.m2\repository\org\springframework\data\spring-data-jpa\3.2.9\spring-data-jpa-3.2.9.jar;C:\Users\jitendra.ghasle\.m2\repository\org\springframework\data\spring-data-commons\3.2.9\spring-data-commons-3.2.9.jar;C:\Users\jitendra.ghasle\.m2\repository\org\springframework\spring-orm\6.1.12\spring-orm-6.1.12.jar;C:\Users\jitendra.ghasle\.m2\repository\org\springframework\spring-tx\6.1.12\spring-tx-6.1.12.jar;C:\Users\jitendra.ghasle\.m2\repository\org\springframework\spring-aspects\6.1.12\spring-aspects-6.1.12.jar;C:\Users\jitendra.ghasle\.m2\repository\com\auth0\java-jwt\4.4.0\java-jwt-4.4.0.jar;C:\Users\jitendra.ghasle\.m2\repository\com\oracle\database\jdbc\ojdbc8\21.9.0.0\ojdbc8-21.9.0.0.jar;C:\Users\jitendra.ghasle\.m2\repository\jakarta\validation\jakarta.validation-api\3.0.2\jakarta.validation-api-3.0.2.jar;C:\Users\jitendra.ghasle\.m2\repository\org\apache\poi\poi\5.2.3\poi-5.2.3.jar;C:\Users\jitendra.ghasle\.m2\repository\commons-codec\commons-codec\1.16.1\commons-codec-1.16.1.jar;C:\Users\jitendra.ghasle\.m2\repository\org\apache\commons\commons-math3\3.6.1\commons-math3-3.6.1.jar;C:\Users\jitendra.ghasle\.m2\repository\com\zaxxer\SparseBitSet\1.2\SparseBitSet-1.2.jar;C:\Users\jitendra.ghasle\.m2\repository\com\opencsv\opencsv\5.5.2\opencsv-5.5.2.jar;C:\Users\jitendra.ghasle\.m2\repository\org\apache\commons\commons-lang3\3.13.0\commons-lang3-3.13.0.jar;C:\Users\jitendra.ghasle\.m2\repository\org\apache\commons\commons-text\1.9\commons-text-1.9.jar;C:\Users\jitendra.ghasle\.m2\repository\commons-beanutils\commons-beanutils\1.9.4\commons-beanutils-1.9.4.jar;C:\Users\jitendra.ghasle\.m2\repository\commons-collections\commons-collections\3.2.2\commons-collections-3.2.2.jar;C:\Users\jitendra.ghasle\.m2\repository\org\springframework\boot\spring-boot-starter-webflux\3.2.9\spring-boot-starter-webflux-3.2.9.jar;C:\Users\jitendra.ghasle\.m2\repository\org\springframework\boot\spring-boot-starter-reactor-netty\3.2.9\spring-boot-starter-reactor-netty-3.2.9.jar;C:\Users\jitendra.ghasle\.m2\repository\io\projectreactor\netty\reactor-netty-http\1.1.22\reactor-netty-http-1.1.22.jar;C:\Users\jitendra.ghasle\.m2\repository\io\netty\netty-codec-http\4.1.112.Final\netty-codec-http-4.1.112.Final.jar;C:\Users\jitendra.ghasle\.m2\repository\io\netty\netty-common\4.1.112.Final\netty-common-4.1.112.Final.jar;C:\Users\jitendra.ghasle\.m2\repository\io\netty\netty-buffer\4.1.112.Final\netty-buffer-4.1.112.Final.jar;C:\Users\jitendra.ghasle\.m2\repository\io\netty\netty-transport\4.1.112.Final\netty-transport-4.1.112.Final.jar;C:\Users\jitendra.ghasle\.m2\repository\io\netty\netty-codec\4.1.112.Final\netty-codec-4.1.112.Final.jar;C:\Users\jitendra.ghasle\.m2\repository\io\netty\netty-handler\4.1.112.Final\netty-handler-4.1.112.Final.jar;C:\Users\jitendra.ghasle\.m2\repository\io\netty\netty-codec-http2\4.1.112.Final\netty-codec-http2-4.1.112.Final.jar;C:\Users\jitendra.ghasle\.m2\repository\io\netty\netty-resolver-dns\4.1.112.Final\netty-resolver-dns-4.1.112.Final.jar;C:\Users\jitendra.ghasle\.m2\repository\io\netty\netty-resolver\4.1.112.Final\netty-resolver-4.1.112.Final.jar;C:\Users\jitendra.ghasle\.m2\repository\io\netty\netty-codec-dns\4.1.112.Final\netty-codec-dns-4.1.112.Final.jar;C:\Users\jitendra.ghasle\.m2\repository\io\netty\netty-resolver-dns-native-macos\4.1.112.Final\netty-resolver-dns-native-macos-4.1.112.Final-osx-x86_64.jar;C:\Users\jitendra.ghasle\.m2\repository\io\netty\netty-resolver-dns-classes-macos\4.1.112.Final\netty-resolver-dns-classes-macos-4.1.112.Final.jar;C:\Users\jitendra.ghasle\.m2\repository\io\netty\netty-transport-native-epoll\4.1.112.Final\netty-transport-native-epoll-4.1.112.Final-linux-x86_64.jar;C:\Users\jitendra.ghasle\.m2\repository\io\netty\netty-transport-native-unix-common\4.1.112.Final\netty-transport-native-unix-common-4.1.112.Final.jar;C:\Users\jitendra.ghasle\.m2\repository\io\netty\netty-transport-classes-epoll\4.1.112.Final\netty-transport-classes-epoll-4.1.112.Final.jar;C:\Users\jitendra.ghasle\.m2\repository\io\projectreactor\netty\reactor-netty-core\1.1.22\reactor-netty-core-1.1.22.jar;C:\Users\jitendra.ghasle\.m2\repository\io\netty\netty-handler-proxy\4.1.112.Final\netty-handler-proxy-4.1.112.Final.jar;C:\Users\jitendra.ghasle\.m2\repository\io\netty\netty-codec-socks\4.1.112.Final\netty-codec-socks-4.1.112.Final.jar;C:\Users\jitendra.ghasle\.m2\repository\org\springframework\spring-webflux\6.1.12\spring-webflux-6.1.12.jar;C:\Users\jitendra.ghasle\.m2\repository\io\projectreactor\reactor-core\3.6.9\reactor-core-3.6.9.jar;C:\Users\jitendra.ghasle\.m2\repository\org\reactivestreams\reactive-streams\1.0.4\reactive-streams-1.0.4.jar;C:\Users\jitendra.ghasle\.m2\repository\com\fasterxml\jackson\core\jackson-databind\2.15.4\jackson-databind-2.15.4.jar;C:\Users\jitendra.ghasle\.m2\repository\com\fasterxml\jackson\datatype\jackson-datatype-jsr310\2.15.4\jackson-datatype-jsr310-2.15.4.jar;C:\Users\jitendra.ghasle\.m2\repository\org\apache\pdfbox\pdfbox\2.0.27\pdfbox-2.0.27.jar;C:\Users\jitendra.ghasle\.m2\repository\org\apache\pdfbox\fontbox\2.0.27\fontbox-2.0.27.jar;C:\Users\jitendra.ghasle\.m2\repository\commons-logging\commons-logging\1.2\commons-logging-1.2.jar;C:\Users\jitendra.ghasle\.m2\repository\org\springdoc\springdoc-openapi-starter-webmvc-ui\2.0.3\springdoc-openapi-starter-webmvc-ui-2.0.3.jar;C:\Users\jitendra.ghasle\.m2\repository\org\springdoc\springdoc-openapi-starter-webmvc-api\2.0.3\springdoc-openapi-starter-webmvc-api-2.0.3.jar;C:\Users\jitendra.ghasle\.m2\repository\org\springdoc\springdoc-openapi-starter-common\2.0.3\springdoc-openapi-starter-common-2.0.3.jar;C:\Users\jitendra.ghasle\.m2\repository\io\swagger\core\v3\swagger-core-jakarta\2.2.8\swagger-core-jakarta-2.2.8.jar;C:\Users\jitendra.ghasle\.m2\repository\io\swagger\core\v3\swagger-annotations-jakarta\2.2.8\swagger-annotations-jakarta-2.2.8.jar;C:\Users\jitendra.ghasle\.m2\repository\io\swagger\core\v3\swagger-models-jakarta\2.2.8\swagger-models-jakarta-2.2.8.jar;C:\Users\jitendra.ghasle\.m2\repository\com\fasterxml\jackson\dataformat\jackson-dataformat-yaml\2.15.4\jackson-dataformat-yaml-2.15.4.jar;C:\Users\jitendra.ghasle\.m2\repository\org\webjars\swagger-ui\4.17.1\swagger-ui-4.17.1.jar;C:\Users\jitendra.ghasle\.m2\repository\org\webjars\webjars-locator-core\0.55\webjars-locator-core-0.55.jar;C:\Users\jitendra.ghasle\.m2\repository\io\github\classgraph\classgraph\4.8.149\classgraph-4.8.149.jar;C:\Users\jitendra.ghasle\.m2\repository\javax\servlet\javax.servlet-api\4.0.1\javax.servlet-api-4.0.1.jar;C:\Users\jitendra.ghasle\.m2\repository\io\springfox\springfox-boot-starter\3.0.0\springfox-boot-starter-3.0.0.jar;C:\Users\jitendra.ghasle\.m2\repository\io\springfox\springfox-oas\3.0.0\springfox-oas-3.0.0.jar;C:\Users\jitendra.ghasle\.m2\repository\io\swagger\core\v3\swagger-annotations\2.1.2\swagger-annotations-2.1.2.jar;C:\Users\jitendra.ghasle\.m2\repository\io\swagger\core\v3\swagger-models\2.1.2\swagger-models-2.1.2.jar;C:\Users\jitendra.ghasle\.m2\repository\io\springfox\springfox-spi\3.0.0\springfox-spi-3.0.0.jar;C:\Users\jitendra.ghasle\.m2\repository\io\springfox\springfox-schema\3.0.0\springfox-schema-3.0.0.jar;C:\Users\jitendra.ghasle\.m2\repository\io\springfox\springfox-core\3.0.0\springfox-core-3.0.0.jar;C:\Users\jitendra.ghasle\.m2\repository\io\springfox\springfox-spring-web\3.0.0\springfox-spring-web-3.0.0.jar;C:\Users\jitendra.ghasle\.m2\repository\io\springfox\springfox-spring-webmvc\3.0.0\springfox-spring-webmvc-3.0.0.jar;C:\Users\jitendra.ghasle\.m2\repository\io\springfox\springfox-spring-webflux\3.0.0\springfox-spring-webflux-3.0.0.jar;C:\Users\jitendra.ghasle\.m2\repository\io\springfox\springfox-swagger-common\3.0.0\springfox-swagger-common-3.0.0.jar;C:\Users\jitendra.ghasle\.m2\repository\io\springfox\springfox-data-rest\3.0.0\springfox-data-rest-3.0.0.jar;C:\Users\jitendra.ghasle\.m2\repository\io\springfox\springfox-bean-validators\3.0.0\springfox-bean-validators-3.0.0.jar;C:\Users\jitendra.ghasle\.m2\repository\io\springfox\springfox-swagger2\3.0.0\springfox-swagger2-3.0.0.jar;C:\Users\jitendra.ghasle\.m2\repository\io\swagger\swagger-annotations\1.5.20\swagger-annotations-1.5.20.jar;C:\Users\jitendra.ghasle\.m2\repository\io\swagger\swagger-models\1.5.20\swagger-models-1.5.20.jar;C:\Users\jitendra.ghasle\.m2\repository\io\springfox\springfox-swagger-ui\3.0.0\springfox-swagger-ui-3.0.0.jar;C:\Users\jitendra.ghasle\.m2\repository\com\fasterxml\classmate\1.6.0\classmate-1.6.0.jar;C:\Users\jitendra.ghasle\.m2\repository\org\slf4j\slf4j-api\2.0.16\slf4j-api-2.0.16.jar;C:\Users\jitendra.ghasle\.m2\repository\org\springframework\plugin\spring-plugin-core\2.0.0.RELEASE\spring-plugin-core-2.0.0.RELEASE.jar;C:\Users\jitendra.ghasle\.m2\repository\org\springframework\plugin\spring-plugin-metadata\2.0.0.RELEASE\spring-plugin-metadata-2.0.0.RELEASE.jar;C:\Users\jitendra.ghasle\.m2\repository\org\springframework\boot\spring-boot-starter\3.2.9\spring-boot-starter-3.2.9.jar;C:\Users\jitendra.ghasle\.m2\repository\org\springframework\boot\spring-boot-starter-logging\3.2.9\spring-boot-starter-logging-3.2.9.jar;C:\Users\jitendra.ghasle\.m2\repository\ch\qos\logback\logback-classic\1.4.14\logback-classic-1.4.14.jar;C:\Users\jitendra.ghasle\.m2\repository\ch\qos\logback\logback-core\1.4.14\logback-core-1.4.14.jar;C:\Users\jitendra.ghasle\.m2\repository\org\apache\logging\log4j\log4j-to-slf4j\2.21.1\log4j-to-slf4j-2.21.1.jar;C:\Users\jitendra.ghasle\.m2\repository\org\slf4j\jul-to-slf4j\2.0.16\jul-to-slf4j-2.0.16.jar;C:\Users\jitendra.ghasle\.m2\repository\jakarta\annotation\jakarta.annotation-api\2.1.1\jakarta.annotation-api-2.1.1.jar;C:\Users\jitendra.ghasle\.m2\repository\org\yaml\snakeyaml\2.2\snakeyaml-2.2.jar;C:\Users\jitendra.ghasle\.m2\repository\com\itextpdf\itextpdf\5.5.13.3\itextpdf-5.5.13.3.jar;C:\Users\jitendra.ghasle\.m2\repository\org\jsoup\jsoup\1.14.3\jsoup-1.14.3.jar;C:\Users\jitendra.ghasle\.m2\repository\commons-fileupload\commons-fileupload\1.4\commons-fileupload-1.4.jar;C:\Users\jitendra.ghasle\.m2\repository\org\apache\xmlbeans\xmlbeans\5.1.1\xmlbeans-5.1.1.jar;C:\Users\jitendra.ghasle\.m2\repository\org\apache\commons\commons-compress\1.21\commons-compress-1.21.jar;C:\Users\jitendra.ghasle\.m2\repository\com\fasterxml\jackson\core\jackson-core\2.15.4\jackson-core-2.15.4.jar;C:\Users\jitendra.ghasle\.m2\repository\com\fasterxml\jackson\core\jackson-annotations\2.15.4\jackson-annotations-2.15.4.jar;C:\Users\jitendra.ghasle\.m2\repository\org\apache\tika\tika-core\2.9.1\tika-core-2.9.1.jar;C:\Users\jitendra.ghasle\.m2\repository\org\apache\tika\tika-parsers-standard-package\2.9.1\tika-parsers-standard-package-2.9.1.jar;C:\Users\jitendra.ghasle\.m2\repository\org\apache\tika\tika-parser-apple-module\2.9.1\tika-parser-apple-module-2.9.1.jar;C:\Users\jitendra.ghasle\.m2\repository\org\apache\tika\tika-parser-zip-commons\2.9.1\tika-parser-zip-commons-2.9.1.jar;C:\Users\jitendra.ghasle\.m2\repository\com\googlecode\plist\dd-plist\1.27\dd-plist-1.27.jar;C:\Users\jitendra.ghasle\.m2\repository\org\apache\tika\tika-parser-audiovideo-module\2.9.1\tika-parser-audiovideo-module-2.9.1.jar;C:\Users\jitendra.ghasle\.m2\repository\com\drewnoakes\metadata-extractor\2.18.0\metadata-extractor-2.18.0.jar;C:\Users\jitendra.ghasle\.m2\repository\com\adobe\xmp\xmpcore\6.1.11\xmpcore-6.1.11.jar;C:\Users\jitendra.ghasle\.m2\repository\org\apache\tika\tika-parser-cad-module\2.9.1\tika-parser-cad-module-2.9.1.jar;C:\Users\jitendra.ghasle\.m2\repository\org\apache\tika\tika-parser-code-module\2.9.1\tika-parser-code-module-2.9.1.jar;C:\Users\jitendra.ghasle\.m2\repository\org\codelibs\jhighlight\1.1.0\jhighlight-1.1.0.jar;C:\Users\jitendra.ghasle\.m2\repository\org\ccil\cowan\tagsoup\tagsoup\1.2.1\tagsoup-1.2.1.jar;C:\Users\jitendra.ghasle\.m2\repository\org\ow2\asm\asm\9.6\asm-9.6.jar;C:\Users\jitendra.ghasle\.m2\repository\com\epam\parso\2.0.14\parso-2.0.14.jar;C:\Users\jitendra.ghasle\.m2\repository\org\tallison\jmatio\1.5\jmatio-1.5.jar;C:\Users\jitendra.ghasle\.m2\repository\org\apache\tika\tika-parser-crypto-module\2.9.1\tika-parser-crypto-module-2.9.1.jar;C:\Users\jitendra.ghasle\.m2\repository\org\bouncycastle\bcmail-jdk18on\1.76\bcmail-jdk18on-1.76.jar;C:\Users\jitendra.ghasle\.m2\repository\org\bouncycastle\bcutil-jdk18on\1.76\bcutil-jdk18on-1.76.jar;C:\Users\jitendra.ghasle\.m2\repository\org\bouncycastle\bcpkix-jdk18on\1.76\bcpkix-jdk18on-1.76.jar;C:\Users\jitendra.ghasle\.m2\repository\org\bouncycastle\bcprov-jdk18on\1.76\bcprov-jdk18on-1.76.jar;C:\Users\jitendra.ghasle\.m2\repository\org\apache\tika\tika-parser-digest-commons\2.9.1\tika-parser-digest-commons-2.9.1.jar;C:\Users\jitendra.ghasle\.m2\repository\org\apache\tika\tika-parser-font-module\2.9.1\tika-parser-font-module-2.9.1.jar;C:\Users\jitendra.ghasle\.m2\repository\org\apache\tika\tika-parser-html-module\2.9.1\tika-parser-html-module-2.9.1.jar;C:\Users\jitendra.ghasle\.m2\repository\org\apache\tika\tika-parser-image-module\2.9.1\tika-parser-image-module-2.9.1.jar;C:\Users\jitendra.ghasle\.m2\repository\com\github\jai-imageio\jai-imageio-core\1.4.0\jai-imageio-core-1.4.0.jar;C:\Users\jitendra.ghasle\.m2\repository\org\apache\pdfbox\jbig2-imageio\3.0.4\jbig2-imageio-3.0.4.jar;C:\Users\jitendra.ghasle\.m2\repository\org\apache\tika\tika-parser-mail-module\2.9.1\tika-parser-mail-module-2.9.1.jar;C:\Users\jitendra.ghasle\.m2\repository\org\apache\tika\tika-parser-mail-commons\2.9.1\tika-parser-mail-commons-2.9.1.jar;C:\Users\jitendra.ghasle\.m2\repository\org\apache\james\apache-mime4j-core\0.8.9\apache-mime4j-core-0.8.9.jar;C:\Users\jitendra.ghasle\.m2\repository\org\apache\james\apache-mime4j-dom\0.8.9\apache-mime4j-dom-0.8.9.jar;C:\Users\jitendra.ghasle\.m2\repository\org\apache\tika\tika-parser-microsoft-module\2.9.1\tika-parser-microsoft-module-2.9.1.jar;C:\Users\jitendra.ghasle\.m2\repository\com\pff\java-libpst\0.9.3\java-libpst-0.9.3.jar;C:\Users\jitendra.ghasle\.m2\repository\org\apache\poi\poi-scratchpad\5.2.3\poi-scratchpad-5.2.3.jar;C:\Users\jitendra.ghasle\.m2\repository\com\healthmarketscience\jackcess\jackcess\4.0.5\jackcess-4.0.5.jar;C:\Users\jitendra.ghasle\.m2\repository\com\healthmarketscience\jackcess\jackcess-encrypt\4.0.2\jackcess-encrypt-4.0.2.jar;C:\Users\jitendra.ghasle\.m2\repository\org\slf4j\jcl-over-slf4j\2.0.16\jcl-over-slf4j-2.0.16.jar;C:\Users\jitendra.ghasle\.m2\repository\org\apache\tika\tika-parser-miscoffice-module\2.9.1\tika-parser-miscoffice-module-2.9.1.jar;C:\Users\jitendra.ghasle\.m2\repository\org\apache\tika\tika-parser-news-module\2.9.1\tika-parser-news-module-2.9.1.jar;C:\Users\jitendra.ghasle\.m2\repository\com\rometools\rome\2.1.0\rome-2.1.0.jar;C:\Users\jitendra.ghasle\.m2\repository\com\rometools\rome-utils\2.1.0\rome-utils-2.1.0.jar;C:\Users\jitendra.ghasle\.m2\repository\org\jdom\jdom2\2.0.6.1\jdom2-2.0.6.1.jar;C:\Users\jitendra.ghasle\.m2\repository\org\apache\tika\tika-parser-ocr-module\2.9.1\tika-parser-ocr-module-2.9.1.jar;C:\Users\jitendra.ghasle\.m2\repository\org\apache\commons\commons-exec\1.3\commons-exec-1.3.jar;C:\Users\jitendra.ghasle\.m2\repository\org\apache\tika\tika-parser-pdf-module\2.9.1\tika-parser-pdf-module-2.9.1.jar;C:\Users\jitendra.ghasle\.m2\repository\org\apache\pdfbox\pdfbox-tools\2.0.29\pdfbox-tools-2.0.29.jar;C:\Users\jitendra.ghasle\.m2\repository\org\apache\pdfbox\jempbox\1.8.17\jempbox-1.8.17.jar;C:\Users\jitendra.ghasle\.m2\repository\org\apache\tika\tika-parser-pkg-module\2.9.1\tika-parser-pkg-module-2.9.1.jar;C:\Users\jitendra.ghasle\.m2\repository\org\tukaani\xz\1.9\xz-1.9.jar;C:\Users\jitendra.ghasle\.m2\repository\org\brotli\dec\0.1.2\dec-0.1.2.jar;C:\Users\jitendra.ghasle\.m2\repository\com\github\junrar\junrar\7.5.5\junrar-7.5.5.jar;C:\Users\jitendra.ghasle\.m2\repository\org\apache\tika\tika-parser-text-module\2.9.1\tika-parser-text-module-2.9.1.jar;C:\Users\jitendra.ghasle\.m2\repository\com\github\albfernandez\juniversalchardet\2.4.0\juniversalchardet-2.4.0.jar;C:\Users\jitendra.ghasle\.m2\repository\org\apache\commons\commons-csv\1.10.0\commons-csv-1.10.0.jar;C:\Users\jitendra.ghasle\.m2\repository\org\apache\tika\tika-parser-webarchive-module\2.9.1\tika-parser-webarchive-module-2.9.1.jar;C:\Users\jitendra.ghasle\.m2\repository\org\netpreserve\jwarc\0.28.3\jwarc-0.28.3.jar;C:\Users\jitendra.ghasle\.m2\repository\org\apache\tika\tika-parser-xml-module\2.9.1\tika-parser-xml-module-2.9.1.jar;C:\Users\jitendra.ghasle\.m2\repository\xerces\xercesImpl\2.12.2\xercesImpl-2.12.2.jar;C:\Users\jitendra.ghasle\.m2\repository\xml-apis\xml-apis\1.4.01\xml-apis-1.4.01.jar;C:\Users\jitendra.ghasle\.m2\repository\org\apache\tika\tika-parser-xmp-commons\2.9.1\tika-parser-xmp-commons-2.9.1.jar;C:\Users\jitendra.ghasle\.m2\repository\org\apache\pdfbox\xmpbox\2.0.29\xmpbox-2.0.29.jar;C:\Users\jitendra.ghasle\.m2\repository\org\gagravarr\vorbis-java-tika\0.8\vorbis-java-tika-0.8.jar;C:\Users\jitendra.ghasle\.m2\repository\org\gagravarr\vorbis-java-core\0.8\vorbis-java-core-0.8.jar;C:\Users\jitendra.ghasle\.m2\repository\org\mapstruct\mapstruct\1.5.5.Final\mapstruct-1.5.5.Final.jar;C:\Users\jitendra.ghasle\.m2\repository\jakarta\servlet\jakarta.servlet-api\6.0.0\jakarta.servlet-api-6.0.0.jar;C:\Users\jitendra.ghasle\.m2\repository\org\mapstruct\mapstruct-processor\1.5.5.Final\mapstruct-processor-1.5.5.Final.jar;C:\Users\jitendra.ghasle\.m2\repository\org\springframework\retry\spring-retry\2.0.8\spring-retry-2.0.8.jar;C:\Users\jitendra.ghasle\.m2\repository\org\springframework\boot\spring-boot-starter-aop\3.2.9\spring-boot-starter-aop-3.2.9.jar;C:\Users\jitendra.ghasle\.m2\repository\org\aspectj\aspectjweaver\1.9.22.1\aspectjweaver-1.9.22.1.jar
Launcher Type: SUN_STANDARD

[Global flags]
     intx CICompilerCount                          = 3                                         {product} {ergonomic}
     uint ConcGCThreads                            = 2                                         {product} {ergonomic}
     uint G1ConcRefinementThreads                  = 6                                         {product} {ergonomic}
   size_t G1HeapRegionSize                         = 2097152                                   {product} {ergonomic}
    uintx GCDrainStackTargetSize                   = 64                                        {product} {ergonomic}
   size_t InitialHeapSize                          = 266338304                                 {product} {ergonomic}
     bool ManagementServer                         = true                                      {product} {command line}
   size_t MarkStackSize                            = 4194304                                   {product} {ergonomic}
   size_t MaxHeapSize                              = 4236247040                                {product} {ergonomic}
   size_t MaxNewSize                               = 2541748224                                {product} {ergonomic}
   size_t MinHeapDeltaBytes                        = 2097152                                   {product} {ergonomic}
   size_t MinHeapSize                              = 8388608                                   {product} {ergonomic}
    uintx NonNMethodCodeHeapSize                   = 4096                                   {pd product} {ergonomic}
    uintx NonProfiledCodeHeapSize                  = 0                                      {pd product} {ergonomic}
     bool ProfileInterpreter                       = false                                  {pd product} {command line}
    uintx ProfiledCodeHeapSize                     = 0                                      {pd product} {ergonomic}
     bool ShowCodeDetailsInExceptionMessages       = true                                   {manageable} {command line}
   size_t SoftMaxHeapSize                          = 4236247040                             {manageable} {ergonomic}
     intx TieredStopAtLevel                        = 1                                         {product} {command line}
     bool UseCompressedOops                        = true                           {product lp64_product} {ergonomic}
     bool UseG1GC                                  = true                                      {product} {ergonomic}
     bool UseLargePagesIndividualAllocation        = false                                  {pd product} {ergonomic}

Logging:
Log output configuration:
 #0: stdout all=warning uptime,level,tags foldmultilines=false
 #1: stderr all=off uptime,level,tags foldmultilines=false

Environment Variables:
JAVA_HOME=C:\Program Files\Java\jdk1.8.0_202
PATH=E:\spring-tool-suite\sts-4.27.0.RELEASE\plugins\org.eclipse.justj.openjdk.hotspot.jre.full.win32.x86_64_21.0.5.v20241023-1957\jre\bin;E:/spring-tool-suite/sts-4.27.0.RELEASE//plugins/org.eclipse.justj.openjdk.hotspot.jre.full.win32.x86_64_21.0.5.v20241023-1957/jre/bin/server;E:/spring-tool-suite/sts-4.27.0.RELEASE//plugins/org.eclipse.justj.openjdk.hotspot.jre.full.win32.x86_64_21.0.5.v20241023-1957/jre/bin;C:\Python313\Scripts\;C:\Python313\;E:\WINDOWS.X64_193000_db_home\bin;E:\software\WINDOWS.X64_193000_db_home\bin;C:\Program Files\Common Files\Oracle\Java\javapath;C:\Program Files (x86)\Common Files\Oracle\Java\javapath;C:\WINDOWS\system32;C:\WINDOWS;C:\WINDOWS\System32\Wbem;C:\WINDOWS\System32\WindowsPowerShell\v1.0\;C:\WINDOWS\System32\OpenSSH\;C:\Program Files (x86)\Microsoft SQL Server\100\Tools\Binn\;C:\Program Files\Microsoft SQL Server\100\Tools\Binn\;C:\Program Files\Microsoft SQL Server\100\DTS\Binn\;C:\WINDOWS\system32\config\systemprofile\.dnx\bin;C:\Program Files\Microsoft DNX\Dnvm\;C:\Program Files\Microsoft SQL Server\120\Tools\Binn\;C:\Program Files (x86)\Microsoft Emulator Manager\1.0\;C:\Program Files\Microsoft SQL Server\110\DTS\Binn\;C:\Program Files (x86)\Microsoft SQL Server\110\Tools\Binn\ManagementStudio\;C:\Program Files (x86)\Microsoft SQL Server\110\Tools\Binn\;C:\Program Files\Microsoft SQL Server\110\Tools\Binn\;C:\Program Files (x86)\Microsoft Visual Studio 10.0\Common7\IDE\PrivateAssemblies\;C:\Program Files (x86)\Microsoft SQL Server\110\DTS\Binn\;C:\Program Files (x86)\Microsoft SQL Server\150\DTS\Binn\;C:\Program Files\Azure Data Studio\bin;C:\Program Files (x86)\Microsoft SQL Server\160\DTS\Binn\;C:\Program Files\Microsoft SQL Server\150\Tools\Binn\;C:\Program Files\Microsoft SQL Server\Client SDK\ODBC\170\Tools\Binn\;C:\Program Files\dotnet\;C:\Program Files\nodejs;C:\Users\Hemant.Patil\AppData\Roaming\npm;C:\Program Files\Java\jdk1.8.0_202\bin;C:\ProgramData\chocolatey\bin;C:\Program Files\Docker\Docker\resources\bin;C:\Program Files\nodejs\;C:\Program Files\Java\jdk1.8.0_202;C:\Program Files\Common Files\Oracle\Java\javapath;C:\Program Files (x86)\Common Files\Oracle\Java\javapath;C:\WINDOWS\system32;C:\WINDOWS;C:\WINDOWS\System32\Wbem;C:\WINDOWS\System32\WindowsPowerShell\v1.0\;C:\WINDOWS\System32\OpenSSH\;C:\Program Files (x86)\Microsoft SQL Server\100\Tools\Binn\;C:\Program Files\Microsoft SQL Server\100\Tools\Binn\;C:\Program Files\Microsoft SQL Server\100\DTS\Binn\;C:\Users\jitendra.ghasle\.dnx\bin;C:\Program Files\Microsoft DNX\Dnvm\;C:\Program Files\Microsoft SQL Server\120\Tools\Binn\;C:\Program Files (x86)\Microsoft Emulator Manager\1.0\;C:\Program Files (x86)\nodejs\;C:\Program Files (x86)\Windows Kits\10\Windows Performance Toolkit\;C:\Program Files\Microsoft SQL Server\110\DTS\Binn\;C:\Program Files (x86)\Microsoft SQL Server\110\Tools\Binn\ManagementStudio\;C:\Program Files (x86)\Microsoft SQL Server\110\Tools\Binn\;C:\Program Files\Microsoft SQL Server\110\Tools\Binn\;C:\Program Files (x86)\Microsoft Visual Studio 10.0\Common7\;C:\Users\jitendra.ghasle\AppData\Local\Programs\Microsoft VS Code\bin;C:\Users\jitendra.ghasle\AppData\Roaming\npm;E:\spring-tool-suite\sts-4.27.0.RELEASE;
USERNAME=Jitendra.Ghasle
OS=Windows_NT
PROCESSOR_IDENTIFIER=Intel64 Family 6 Model 158 Stepping 10, GenuineIntel
TMP=C:\Users\JITEND~1.GHA\AppData\Local\Temp
TEMP=C:\Users\JITEND~1.GHA\AppData\Local\Temp




Periodic native trim disabled

---------------  S Y S T E M  ---------------

OS:
 Windows 10 , 64 bit Build 19041 (10.0.19041.5915)
OS uptime: 12 days 0:13 hours
Hyper-V role detected

CPU: total 6 (initial active 6) (6 cores per cpu, 1 threads per core) family 6 model 158 stepping 10 microcode 0xf4, cx8, cmov, fxsr, mmx, 3dnowpref, sse, sse2, sse3, ssse3, sse4.1, sse4.2, popcnt, lzcnt, tsc, tscinvbit, avx, avx2, aes, erms, clmul, bmi1, bmi2, rtm, adx, fma, vzeroupper, clflush, clflushopt, hv, rdtscp, f16c
Processor Information for all 6 processors :
  Max Mhz: 3000, Current Mhz: 3000, Mhz Limit: 3000

Memory: 4k page, system-wide physical 16158M (2002M free)
TotalPageFile size 38742M (AvailPageFile size 6911M)
current process WorkingSet (physical memory assigned to process): 538M, peak: 675M
current process commit charge ("private bytes"): 575M, peak: 729M

vm_info: OpenJDK 64-Bit Server VM (21.0.5+11-LTS) for windows-amd64 JRE (21.0.5+11-LTS), built on 2024-10-15T00:00:00Z by "admin" with MS VC++ 17.7 (VS2022)

END.
