2026-05-11 17:54:52.682 INFO 
                [restartedMain] []
                c.m.SbrBackEndProjectApplication - Starting SbrBackEndProjectApplication using Java 21.0.5 with PID 1868 (E:\SBR_Workspace\MAHASBR\target\classes started by Jitendra.Ghasle in E:\SBR_Workspace\MAHASBR)
2026-05-11 17:54:52.859 INFO 
                [restartedMain] []
                c.m.SbrBackEndProjectApplication - The following 1 profile is active: "prod"
2026-05-11 17:54:57.784 INFO 
                [restartedMain] []
                com.zaxxer.hikari.HikariDataSource - HikariPool-1 - Starting...
2026-05-11 17:54:58.380 INFO 
                [restartedMain] []
                com.zaxxer.hikari.pool.HikariPool - HikariPool-1 - Added connection oracle.jdbc.driver.T4CConnection@189b003c
2026-05-11 17:54:58.384 INFO 
                [restartedMain] []
                com.zaxxer.hikari.HikariDataSource - HikariPool-1 - Start completed.
2026-05-11 17:55:07.643 DEBUG
                [restartedMain] []
                o.s.b.w.s.ServletContextInitializerBeans - Mapping filters: springSecurityFilterChain urls=[/*] order=-100, XssFilter urls=[/*] order=1, characterEncodingFilter urls=[/*] order=-2147483648, formContentFilter urls=[/*] order=-9900, requestContextFilter urls=[/*] order=-105, authenticationJwtTokenFilter urls=[/*] order=2147483647, xssFilter urls=[/*] order=2147483647, correlationIdFilter urls=[/*] order=2147483647
2026-05-11 17:55:07.644 DEBUG
                [restartedMain] []
                o.s.b.w.s.ServletContextInitializerBeans - Mapping servlets: dispatcherServlet urls=[/]
2026-05-11 17:55:11.030 WARN 
                [restartedMain] []
                o.s.b.a.o.j.JpaBaseConfiguration$JpaWebConfiguration - spring.jpa.open-in-view is enabled by default. Therefore, database queries may be performed during view rendering. Explicitly configure spring.jpa.open-in-view to disable this warning
2026-05-11 17:55:11.169 DEBUG
                [restartedMain] []
                o.s.w.s.m.m.a.RequestMappingHandlerMapping - 156 mappings in 'requestMappingHandlerMapping'
2026-05-11 17:55:11.828 INFO 
                [restartedMain] []
                c.mahasbr.security.WebSecurityConfig - Configuring HTTP Security...
2026-05-11 17:55:13.108 DEBUG
                [restartedMain] []
                o.s.w.s.h.SimpleUrlHandlerMapping - Patterns [/webjars/**, /**, /swagger-ui*/*swagger-initializer.js, /swagger-ui*/**] in 'resourceHandlerMapping'
2026-05-11 17:55:13.381 DEBUG
                [restartedMain] []
                o.s.w.s.m.m.a.RequestMappingHandlerAdapter - ControllerAdvice beans: 0 @ModelAttribute, 0 @InitBinder, 1 RequestBodyAdvice, 1 ResponseBodyAdvice
2026-05-11 17:55:13.420 DEBUG
                [restartedMain] []
                o.s.w.s.m.m.a.ExceptionHandlerExceptionResolver - ControllerAdvice beans: 3 @ExceptionHandler, 1 ResponseBodyAdvice
2026-05-11 17:55:13.652 DEBUG
                [restartedMain] []
                o.s.d.r.l.RedisMessageListenerContainer - Starting RedisMessageListenerContainer...
2026-05-11 17:55:13.653 DEBUG
                [restartedMain] []
                o.s.d.r.l.RedisMessageListenerContainer - Postpone listening for Redis messages until actual listeners are added
2026-05-11 17:55:14.697 INFO 
                [restartedMain] []
                c.m.SbrBackEndProjectApplication - Started SbrBackEndProjectApplication in 22.832 seconds (process running for 26.539)
2026-05-11 17:56:40.773 DEBUG
                [RMI TCP Connection(5)-127.0.0.1] []
                o.s.d.r.l.RedisMessageListenerContainer - Stopped RedisMessageListenerContainer
2026-05-11 17:56:40.794 INFO 
                [RMI TCP Connection(5)-127.0.0.1] []
                com.zaxxer.hikari.HikariDataSource - HikariPool-1 - Shutdown initiated...
2026-05-11 17:56:40.843 INFO 
                [RMI TCP Connection(5)-127.0.0.1] []
                com.zaxxer.hikari.HikariDataSource - HikariPool-1 - Shutdown completed.
2026-05-11 18:02:54.941 INFO 
                [restartedMain] []
                c.m.SbrBackEndProjectApplication - Starting SbrBackEndProjectApplication using Java 21.0.5 with PID 10416 (E:\SBR_Workspace\MAHASBR\target\classes started by Jitendra.Ghasle in E:\SBR_Workspace\MAHASBR)
2026-05-11 18:02:54.942 INFO 
                [restartedMain] []
                c.m.SbrBackEndProjectApplication - The following 1 profile is active: "prod"
2026-05-11 18:02:58.203 INFO 
                [restartedMain] []
                com.zaxxer.hikari.HikariDataSource - HikariPool-1 - Starting...
2026-05-11 18:02:58.539 INFO 
                [restartedMain] []
                com.zaxxer.hikari.pool.HikariPool - HikariPool-1 - Added connection oracle.jdbc.driver.T4CConnection@3a0133bd
2026-05-11 18:02:58.540 INFO 
                [restartedMain] []
                com.zaxxer.hikari.HikariDataSource - HikariPool-1 - Start completed.
2026-05-11 18:03:02.634 DEBUG
                [restartedMain] []
                o.s.b.w.s.ServletContextInitializerBeans - Mapping filters: springSecurityFilterChain urls=[/*] order=-100, XssFilter urls=[/*] order=1, characterEncodingFilter urls=[/*] order=-2147483648, formContentFilter urls=[/*] order=-9900, requestContextFilter urls=[/*] order=-105, authenticationJwtTokenFilter urls=[/*] order=2147483647, xssFilter urls=[/*] order=2147483647, correlationIdFilter urls=[/*] order=2147483647
2026-05-11 18:03:02.634 DEBUG
                [restartedMain] []
                o.s.b.w.s.ServletContextInitializerBeans - Mapping servlets: dispatcherServlet urls=[/]
2026-05-11 18:03:05.007 WARN 
                [restartedMain] []
                o.s.b.a.o.j.JpaBaseConfiguration$JpaWebConfiguration - spring.jpa.open-in-view is enabled by default. Therefore, database queries may be performed during view rendering. Explicitly configure spring.jpa.open-in-view to disable this warning
2026-05-11 18:03:05.141 DEBUG
                [restartedMain] []
                o.s.w.s.m.m.a.RequestMappingHandlerMapping - 156 mappings in 'requestMappingHandlerMapping'
2026-05-11 18:03:05.500 INFO 
                [restartedMain] []
                c.mahasbr.security.WebSecurityConfig - Configuring HTTP Security...
2026-05-11 18:03:06.563 DEBUG
                [restartedMain] []
                o.s.w.s.h.SimpleUrlHandlerMapping - Patterns [/webjars/**, /**, /swagger-ui*/*swagger-initializer.js, /swagger-ui*/**] in 'resourceHandlerMapping'
2026-05-11 18:03:06.753 DEBUG
                [restartedMain] []
                o.s.w.s.m.m.a.RequestMappingHandlerAdapter - ControllerAdvice beans: 0 @ModelAttribute, 0 @InitBinder, 1 RequestBodyAdvice, 1 ResponseBodyAdvice
2026-05-11 18:03:06.790 DEBUG
                [restartedMain] []
                o.s.w.s.m.m.a.ExceptionHandlerExceptionResolver - ControllerAdvice beans: 3 @ExceptionHandler, 1 ResponseBodyAdvice
2026-05-11 18:03:07.018 DEBUG
                [restartedMain] []
                o.s.d.r.l.RedisMessageListenerContainer - Starting RedisMessageListenerContainer...
2026-05-11 18:03:07.019 DEBUG
                [restartedMain] []
                o.s.d.r.l.RedisMessageListenerContainer - Postpone listening for Redis messages until actual listeners are added
2026-05-11 18:03:08.064 INFO 
                [restartedMain] []
                c.m.SbrBackEndProjectApplication - Started SbrBackEndProjectApplication in 13.616 seconds (process running for 14.526)
2026-05-11 18:03:27.591 INFO 
                [http-nio-8085-exec-1] []
                o.s.web.servlet.DispatcherServlet - Initializing Servlet 'dispatcherServlet'
2026-05-11 18:03:27.591 DEBUG
                [http-nio-8085-exec-1] []
                o.s.web.servlet.DispatcherServlet - Detected StandardServletMultipartResolver
2026-05-11 18:03:27.591 DEBUG
                [http-nio-8085-exec-1] []
                o.s.web.servlet.DispatcherServlet - Detected AcceptHeaderLocaleResolver
2026-05-11 18:03:27.591 DEBUG
                [http-nio-8085-exec-1] []
                o.s.web.servlet.DispatcherServlet - Detected FixedThemeResolver
2026-05-11 18:03:27.593 DEBUG
                [http-nio-8085-exec-1] []
                o.s.web.servlet.DispatcherServlet - Detected org.springframework.web.servlet.view.DefaultRequestToViewNameTranslator@223b121b
2026-05-11 18:03:27.594 DEBUG
                [http-nio-8085-exec-1] []
                o.s.web.servlet.DispatcherServlet - Detected org.springframework.web.servlet.support.SessionFlashMapManager@678b1644
2026-05-11 18:03:27.595 DEBUG
                [http-nio-8085-exec-1] []
                o.s.web.servlet.DispatcherServlet - enableLoggingRequestDetails='false': request parameters and headers will be masked to prevent unsafe logging of potentially sensitive data
2026-05-11 18:03:27.595 INFO 
                [http-nio-8085-exec-1] []
                o.s.web.servlet.DispatcherServlet - Completed initialization in 4 ms
2026-05-11 18:03:27.675 DEBUG
                [http-nio-8085-exec-1] [776b7ac0-8607-446e-897e-f29196c2fcbe]
                o.s.web.servlet.DispatcherServlet - GET "/MAHASBR/swagger-ui/index.html", parameters={}
2026-05-11 18:03:27.679 DEBUG
                [http-nio-8085-exec-1] [776b7ac0-8607-446e-897e-f29196c2fcbe]
                o.s.w.s.h.SimpleUrlHandlerMapping - Mapped to ResourceHttpRequestHandler [classpath [META-INF/resources/webjars/]]
2026-05-11 18:03:27.707 DEBUG
                [http-nio-8085-exec-1] [776b7ac0-8607-446e-897e-f29196c2fcbe]
                o.s.web.servlet.DispatcherServlet - Completed 200 OK
2026-05-11 18:03:28.469 DEBUG
                [http-nio-8085-exec-2] [9e7e2e81-4afd-42c9-98ce-fd984203dce0]
                o.s.web.servlet.DispatcherServlet - GET "/MAHASBR/swagger-ui/swagger-ui.css", parameters={}
2026-05-11 18:03:28.471 DEBUG
                [http-nio-8085-exec-2] [9e7e2e81-4afd-42c9-98ce-fd984203dce0]
                o.s.w.s.h.SimpleUrlHandlerMapping - Mapped to ResourceHttpRequestHandler [classpath [META-INF/resources/webjars/]]
2026-05-11 18:03:28.478 DEBUG
                [http-nio-8085-exec-2] [9e7e2e81-4afd-42c9-98ce-fd984203dce0]
                o.s.web.servlet.DispatcherServlet - Completed 200 OK
2026-05-11 18:03:28.479 DEBUG
                [http-nio-8085-exec-3] [416e2ca7-0649-4f02-8a55-b72c8f414511]
                o.s.web.servlet.DispatcherServlet - GET "/MAHASBR/swagger-ui/index.css", parameters={}
2026-05-11 18:03:28.480 DEBUG
                [http-nio-8085-exec-3] [416e2ca7-0649-4f02-8a55-b72c8f414511]
                o.s.w.s.h.SimpleUrlHandlerMapping - Mapped to ResourceHttpRequestHandler [classpath [META-INF/resources/webjars/]]
2026-05-11 18:03:28.484 DEBUG
                [http-nio-8085-exec-3] [416e2ca7-0649-4f02-8a55-b72c8f414511]
                o.s.web.servlet.DispatcherServlet - Completed 200 OK
2026-05-11 18:03:28.484 DEBUG
                [http-nio-8085-exec-4] [cc299262-954e-4992-aa95-db290435e3d0]
                o.s.web.servlet.DispatcherServlet - GET "/MAHASBR/swagger-ui/swagger-ui-bundle.js", parameters={}
2026-05-11 18:03:28.485 DEBUG
                [http-nio-8085-exec-4] [cc299262-954e-4992-aa95-db290435e3d0]
                o.s.w.s.h.SimpleUrlHandlerMapping - Mapped to ResourceHttpRequestHandler [classpath [META-INF/resources/webjars/]]
2026-05-11 18:03:28.487 DEBUG
                [http-nio-8085-exec-3] [0f3b02b9-462e-4e1b-aa0e-c2d4ec378b02]
                o.s.web.servlet.DispatcherServlet - GET "/MAHASBR/swagger-ui/swagger-ui-standalone-preset.js", parameters={}
2026-05-11 18:03:28.491 DEBUG
                [http-nio-8085-exec-3] [0f3b02b9-462e-4e1b-aa0e-c2d4ec378b02]
                o.s.w.s.h.SimpleUrlHandlerMapping - Mapped to ResourceHttpRequestHandler [classpath [META-INF/resources/webjars/]]
2026-05-11 18:03:28.494 DEBUG
                [http-nio-8085-exec-6] [431850fe-afad-4c46-aa37-34a196e137e9]
                o.s.web.servlet.DispatcherServlet - GET "/MAHASBR/swagger-ui/swagger-initializer.js", parameters={}
2026-05-11 18:03:28.496 DEBUG
                [http-nio-8085-exec-6] [431850fe-afad-4c46-aa37-34a196e137e9]
                o.s.w.s.h.SimpleUrlHandlerMapping - Mapped to ResourceHttpRequestHandler [classpath [META-INF/resources/webjars/]]
2026-05-11 18:03:28.507 DEBUG
                [http-nio-8085-exec-4] [cc299262-954e-4992-aa95-db290435e3d0]
                o.s.web.servlet.DispatcherServlet - Completed 200 OK
2026-05-11 18:03:28.526 DEBUG
                [http-nio-8085-exec-6] [431850fe-afad-4c46-aa37-34a196e137e9]
                o.s.web.servlet.DispatcherServlet - Completed 200 OK
2026-05-11 18:03:29.077 DEBUG
                [http-nio-8085-exec-3] [0f3b02b9-462e-4e1b-aa0e-c2d4ec378b02]
                o.s.web.servlet.DispatcherServlet - Completed 200 OK
2026-05-11 18:03:29.130 DEBUG
                [http-nio-8085-exec-7] [9537efbb-8db9-4ac6-becf-065b61e09c1a]
                o.s.web.servlet.DispatcherServlet - GET "/MAHASBR/v3/api-docs/swagger-config", parameters={}
2026-05-11 18:03:29.131 DEBUG
                [http-nio-8085-exec-7] [9537efbb-8db9-4ac6-becf-065b61e09c1a]
                o.s.w.s.m.m.a.RequestMappingHandlerMapping - Mapped to org.springdoc.webmvc.ui.SwaggerConfigResource#openapiJson(HttpServletRequest)
2026-05-11 18:03:29.134 DEBUG
                [http-nio-8085-exec-8] [7b9ee691-2743-4f6e-b9c9-b27cb45f8ecb]
                o.s.web.servlet.DispatcherServlet - GET "/MAHASBR/swagger-ui/favicon-32x32.png", parameters={}
2026-05-11 18:03:29.135 DEBUG
                [http-nio-8085-exec-8] [7b9ee691-2743-4f6e-b9c9-b27cb45f8ecb]
                o.s.w.s.h.SimpleUrlHandlerMapping - Mapped to ResourceHttpRequestHandler [classpath [META-INF/resources/webjars/]]
2026-05-11 18:03:29.140 DEBUG
                [http-nio-8085-exec-8] [7b9ee691-2743-4f6e-b9c9-b27cb45f8ecb]
                o.s.web.servlet.DispatcherServlet - Completed 200 OK
2026-05-11 18:03:29.152 DEBUG
                [http-nio-8085-exec-7] [9537efbb-8db9-4ac6-becf-065b61e09c1a]
                o.s.w.s.m.m.a.RequestResponseBodyMethodProcessor - Using 'application/json', given [*/*] and supported [application/json]
2026-05-11 18:03:29.154 DEBUG
                [http-nio-8085-exec-7] [9537efbb-8db9-4ac6-becf-065b61e09c1a]
                o.s.w.s.m.m.a.RequestResponseBodyMethodProcessor - Writing [{configUrl=/MAHASBR/v3/api-docs/swagger-config, oauth2RedirectUrl=http://localhost:8085/MAHASBR/swag (truncated)...]
2026-05-11 18:03:29.159 DEBUG
                [http-nio-8085-exec-7] [9537efbb-8db9-4ac6-becf-065b61e09c1a]
                o.s.web.servlet.DispatcherServlet - Completed 200 OK
2026-05-11 18:03:29.196 DEBUG
                [http-nio-8085-exec-9] [8e077bf6-8005-4c69-9200-bd9dbf156b14]
                o.s.web.servlet.DispatcherServlet - GET "/MAHASBR/v3/api-docs", parameters={}
2026-05-11 18:03:29.197 DEBUG
                [http-nio-8085-exec-9] [8e077bf6-8005-4c69-9200-bd9dbf156b14]
                o.s.w.s.m.m.a.RequestMappingHandlerMapping - Mapped to org.springdoc.webmvc.api.OpenApiWebMvcResource#openapiJson(HttpServletRequest, String, Locale)
2026-05-11 18:03:30.227 INFO 
                [http-nio-8085-exec-9] [8e077bf6-8005-4c69-9200-bd9dbf156b14]
                o.s.api.AbstractOpenApiResource - Init duration for springdoc-openapi is: 1012 ms
2026-05-11 18:03:30.250 DEBUG
                [http-nio-8085-exec-9] [8e077bf6-8005-4c69-9200-bd9dbf156b14]
                o.s.w.s.m.m.a.RequestResponseBodyMethodProcessor - Using 'application/json', given [application/json, */*] and supported [application/json]
2026-05-11 18:03:30.260 DEBUG
                [http-nio-8085-exec-9] [8e077bf6-8005-4c69-9200-bd9dbf156b14]
                o.s.w.s.m.m.a.RequestResponseBodyMethodProcessor - Writing [{123, 34, 111, 112, 101, 110, 97, 112, 105, 34, 58, 34, 51, 46, 48, 46, 49, 34, 44, 34, 105, 110, 10 (truncated)...]
2026-05-11 18:03:30.262 DEBUG
                [http-nio-8085-exec-9] [8e077bf6-8005-4c69-9200-bd9dbf156b14]
                o.s.web.servlet.DispatcherServlet - Completed 200 OK
2026-05-11 18:05:30.610 DEBUG
                [http-nio-8085-exec-6] [8f4f1d74-60cd-4823-962d-0effaae6e111]
                o.s.web.servlet.DispatcherServlet - GET "/MAHASBR/citizenSearch/menus/my", parameters={}
2026-05-11 18:05:30.610 DEBUG
                [http-nio-8085-exec-4] [62306b14-26b2-45b6-b22b-cf9238e3e7a7]
                o.s.web.servlet.DispatcherServlet - GET "/MAHASBR/citizenSearch/visitor/summary", parameters={}
2026-05-11 18:05:30.611 DEBUG
                [http-nio-8085-exec-6] [8f4f1d74-60cd-4823-962d-0effaae6e111]
                o.s.w.s.m.m.a.RequestMappingHandlerMapping - Mapped to com.mahasbr.controller.MenuController#getMyMenus(Authentication)
2026-05-11 18:05:30.611 DEBUG
                [http-nio-8085-exec-4] [62306b14-26b2-45b6-b22b-cf9238e3e7a7]
                o.s.w.s.m.m.a.RequestMappingHandlerMapping - Mapped to com.mahasbr.controller.VisitorController#getVisitSummary()
2026-05-11 18:05:30.612 ERROR
                [http-nio-8085-exec-3] [12cd5af6-ff89-40e8-b9e4-ec02ed6fbea1]
                c.mahasbr.filter.AuthEntryPointJwt - Unauthorized error: Full authentication is required to access this resource
2026-05-11 18:05:30.612 ERROR
                [http-nio-8085-exec-3] [12cd5af6-ff89-40e8-b9e4-ec02ed6fbea1]
                c.mahasbr.filter.AuthEntryPointJwt - Unauthorized error: Full authentication is required to access this resource
2026-05-11 18:05:30.677 DEBUG
                [http-nio-8085-exec-6] [8f4f1d74-60cd-4823-962d-0effaae6e111]
                o.s.w.s.m.m.a.HttpEntityMethodProcessor - Using 'application/json', given [application/json, text/plain, */*] and supported [application/json, application/*+json]
2026-05-11 18:05:30.680 DEBUG
                [http-nio-8085-exec-6] [8f4f1d74-60cd-4823-962d-0effaae6e111]
                o.s.w.s.m.m.a.HttpEntityMethodProcessor - Writing [ApiResponse(success=false, message=Unauthorized, data=null)]
2026-05-11 18:05:30.686 DEBUG
                [http-nio-8085-exec-6] [8f4f1d74-60cd-4823-962d-0effaae6e111]
                o.s.web.servlet.DispatcherServlet - Completed 401 UNAUTHORIZED
2026-05-11 18:05:31.244 ERROR
                [http-nio-8085-exec-3] []
                c.mahasbr.filter.AuthEntryPointJwt - Unauthorized error: Full authentication is required to access this resource
2026-05-11 18:05:31.244 ERROR
                [http-nio-8085-exec-3] []
                c.mahasbr.filter.AuthEntryPointJwt - Unauthorized error: Full authentication is required to access this resource
2026-05-11 18:05:31.246 DEBUG
                [http-nio-8085-exec-4] [62306b14-26b2-45b6-b22b-cf9238e3e7a7]
                o.s.w.s.m.m.a.RequestResponseBodyMethodProcessor - Using 'application/json', given [application/json, text/plain, */*] and supported [application/json, application/*+json]
2026-05-11 18:05:31.246 DEBUG
                [http-nio-8085-exec-4] [62306b14-26b2-45b6-b22b-cf9238e3e7a7]
                o.s.w.s.m.m.a.RequestResponseBodyMethodProcessor - Writing [{totalVisits=146, todayVisits=5}]
2026-05-11 18:05:31.247 DEBUG
                [http-nio-8085-exec-4] [62306b14-26b2-45b6-b22b-cf9238e3e7a7]
                o.s.web.servlet.DispatcherServlet - Completed 200 OK
2026-05-11 18:05:45.862 DEBUG
                [http-nio-8085-exec-7] [cc26c01e-4d6d-4910-878a-44fd49727674]
                o.s.web.servlet.DispatcherServlet - GET "/MAHASBR/citizenSearch/visitor/summary", parameters={}
2026-05-11 18:05:45.862 DEBUG
                [http-nio-8085-exec-7] [cc26c01e-4d6d-4910-878a-44fd49727674]
                o.s.w.s.m.m.a.RequestMappingHandlerMapping - Mapped to com.mahasbr.controller.VisitorController#getVisitSummary()
2026-05-11 18:05:45.874 DEBUG
                [http-nio-8085-exec-7] [cc26c01e-4d6d-4910-878a-44fd49727674]
                o.s.w.s.m.m.a.RequestResponseBodyMethodProcessor - Using 'application/json', given [application/json, text/plain, */*] and supported [application/json, application/*+json]
2026-05-11 18:05:45.874 DEBUG
                [http-nio-8085-exec-7] [cc26c01e-4d6d-4910-878a-44fd49727674]
                o.s.w.s.m.m.a.RequestResponseBodyMethodProcessor - Writing [{totalVisits=146, todayVisits=5}]
2026-05-11 18:05:45.875 DEBUG
                [http-nio-8085-exec-7] [cc26c01e-4d6d-4910-878a-44fd49727674]
                o.s.web.servlet.DispatcherServlet - Completed 200 OK
2026-05-11 18:05:52.460 DEBUG
                [http-nio-8085-exec-1] [8bb71f0f-7106-4b8e-bf8b-08b952342de2]
                o.s.web.servlet.DispatcherServlet - GET "/MAHASBR/api/auth/registoryDuplicateData?page=0&size=10&sortBy=siNo", parameters={masked}
2026-05-11 18:05:52.460 DEBUG
                [http-nio-8085-exec-1] [8bb71f0f-7106-4b8e-bf8b-08b952342de2]
                o.s.w.s.m.m.a.RequestMappingHandlerMapping - Mapped to com.mahasbr.controller.PostLoginDashboardController#getDuplicateRegistryDetails(int, int, String)
2026-05-11 18:05:52.462 DEBUG
                [http-nio-8085-exec-10] [d2efcc5e-8a84-4328-9b06-25a1cb3512d3]
                o.s.web.servlet.DispatcherServlet - GET "/MAHASBR/citizenSearch/menus/my", parameters={}
2026-05-11 18:05:52.463 DEBUG
                [http-nio-8085-exec-10] [d2efcc5e-8a84-4328-9b06-25a1cb3512d3]
                o.s.w.s.m.m.a.RequestMappingHandlerMapping - Mapped to com.mahasbr.controller.MenuController#getMyMenus(Authentication)
2026-05-11 18:05:53.028 DEBUG
                [http-nio-8085-exec-10] [d2efcc5e-8a84-4328-9b06-25a1cb3512d3]
                o.s.w.s.m.m.a.HttpEntityMethodProcessor - Using 'application/json', given [application/json, text/plain, */*] and supported [application/json, application/*+json]
2026-05-11 18:05:53.030 DEBUG
                [http-nio-8085-exec-10] [d2efcc5e-8a84-4328-9b06-25a1cb3512d3]
                o.s.w.s.m.m.a.HttpEntityMethodProcessor - Writing [ApiResponse(success=true, message=Menus loaded successfully, data=[MenuDTO(id=18, nameEn=Dashboard,  (truncated)...]
2026-05-11 18:05:53.032 DEBUG
                [http-nio-8085-exec-10] [d2efcc5e-8a84-4328-9b06-25a1cb3512d3]
                o.s.web.servlet.DispatcherServlet - Completed 200 OK
2026-05-11 18:05:53.052 DEBUG
                [http-nio-8085-exec-1] [8bb71f0f-7106-4b8e-bf8b-08b952342de2]
                o.s.w.s.m.m.a.HttpEntityMethodProcessor - Using 'application/json', given [application/json, text/plain, */*] and supported [application/json, application/*+json]
2026-05-11 18:05:53.053 DEBUG
                [http-nio-8085-exec-1] [8bb71f0f-7106-4b8e-bf8b-08b952342de2]
                o.s.w.s.m.m.a.HttpEntityMethodProcessor - Writing [Page 1 of 0 containing UNKNOWN instances]
2026-05-11 18:05:53.056 DEBUG
                [http-nio-8085-exec-1] [8bb71f0f-7106-4b8e-bf8b-08b952342de2]
                o.s.web.servlet.DispatcherServlet - Completed 200 OK
2026-05-11 18:11:57.340 DEBUG
                [http-nio-8085-exec-8] [8414db0f-883c-49a6-b3dc-1a3b9f3baeeb]
                o.s.web.servlet.DispatcherServlet - GET "/MAHASBR/citizenSearch/visitor/summary", parameters={}
2026-05-11 18:11:57.341 DEBUG
                [http-nio-8085-exec-8] [8414db0f-883c-49a6-b3dc-1a3b9f3baeeb]
                o.s.w.s.m.m.a.RequestMappingHandlerMapping - Mapped to com.mahasbr.controller.VisitorController#getVisitSummary()
2026-05-11 18:11:57.343 DEBUG
                [http-nio-8085-exec-7] [82f4c87d-00b4-42c3-a4d8-101fba4920cd]
                o.s.web.servlet.DispatcherServlet - GET "/MAHASBR/citizenSearch/menus/my", parameters={}
2026-05-11 18:11:57.343 DEBUG
                [http-nio-8085-exec-7] [82f4c87d-00b4-42c3-a4d8-101fba4920cd]
                o.s.w.s.m.m.a.RequestMappingHandlerMapping - Mapped to com.mahasbr.controller.MenuController#getMyMenus(Authentication)
2026-05-11 18:11:57.344 ERROR
                [http-nio-8085-exec-9] [dda37ab5-78e1-4860-a271-674a728ae342]
                c.mahasbr.filter.AuthEntryPointJwt - Unauthorized error: Full authentication is required to access this resource
2026-05-11 18:11:57.344 ERROR
                [http-nio-8085-exec-9] [dda37ab5-78e1-4860-a271-674a728ae342]
                c.mahasbr.filter.AuthEntryPointJwt - Unauthorized error: Full authentication is required to access this resource
2026-05-11 18:11:57.344 DEBUG
                [http-nio-8085-exec-7] [82f4c87d-00b4-42c3-a4d8-101fba4920cd]
                o.s.w.s.m.m.a.HttpEntityMethodProcessor - Using 'application/json', given [application/json, text/plain, */*] and supported [application/json, application/*+json]
2026-05-11 18:11:57.345 DEBUG
                [http-nio-8085-exec-7] [82f4c87d-00b4-42c3-a4d8-101fba4920cd]
                o.s.w.s.m.m.a.HttpEntityMethodProcessor - Writing [ApiResponse(success=false, message=Unauthorized, data=null)]
2026-05-11 18:11:57.346 DEBUG
                [http-nio-8085-exec-7] [82f4c87d-00b4-42c3-a4d8-101fba4920cd]
                o.s.web.servlet.DispatcherServlet - Completed 401 UNAUTHORIZED
2026-05-11 18:11:57.346 ERROR
                [http-nio-8085-exec-9] []
                c.mahasbr.filter.AuthEntryPointJwt - Unauthorized error: Full authentication is required to access this resource
2026-05-11 18:11:57.348 ERROR
                [http-nio-8085-exec-9] []
                c.mahasbr.filter.AuthEntryPointJwt - Unauthorized error: Full authentication is required to access this resource
2026-05-11 18:11:57.363 DEBUG
                [http-nio-8085-exec-8] [8414db0f-883c-49a6-b3dc-1a3b9f3baeeb]
                o.s.w.s.m.m.a.RequestResponseBodyMethodProcessor - Using 'application/json', given [application/json, text/plain, */*] and supported [application/json, application/*+json]
2026-05-11 18:11:57.363 DEBUG
                [http-nio-8085-exec-8] [8414db0f-883c-49a6-b3dc-1a3b9f3baeeb]
                o.s.w.s.m.m.a.RequestResponseBodyMethodProcessor - Writing [{totalVisits=146, todayVisits=5}]
2026-05-11 18:11:57.363 DEBUG
                [http-nio-8085-exec-8] [8414db0f-883c-49a6-b3dc-1a3b9f3baeeb]
                o.s.web.servlet.DispatcherServlet - Completed 200 OK
2026-05-11 18:11:59.797 DEBUG
                [http-nio-8085-exec-2] [4449cebf-1cf1-4262-a5ed-ed3baa3b206d]
                o.s.web.servlet.DispatcherServlet - GET "/MAHASBR/citizenSearch/visitor/summary", parameters={}
2026-05-11 18:11:59.797 DEBUG
                [http-nio-8085-exec-2] [4449cebf-1cf1-4262-a5ed-ed3baa3b206d]
                o.s.w.s.m.m.a.RequestMappingHandlerMapping - Mapped to com.mahasbr.controller.VisitorController#getVisitSummary()
2026-05-11 18:11:59.809 DEBUG
                [http-nio-8085-exec-2] [4449cebf-1cf1-4262-a5ed-ed3baa3b206d]
                o.s.w.s.m.m.a.RequestResponseBodyMethodProcessor - Using 'application/json', given [application/json, text/plain, */*] and supported [application/json, application/*+json]
2026-05-11 18:11:59.809 DEBUG
                [http-nio-8085-exec-2] [4449cebf-1cf1-4262-a5ed-ed3baa3b206d]
                o.s.w.s.m.m.a.RequestResponseBodyMethodProcessor - Writing [{totalVisits=146, todayVisits=5}]
2026-05-11 18:11:59.810 DEBUG
                [http-nio-8085-exec-2] [4449cebf-1cf1-4262-a5ed-ed3baa3b206d]
                o.s.web.servlet.DispatcherServlet - Completed 200 OK
2026-05-11 18:12:00.797 DEBUG
                [http-nio-8085-exec-10] [460b992b-544d-4ba8-b4a3-9d5fe43c7ac4]
                o.s.web.servlet.DispatcherServlet - GET "/MAHASBR/citizenSearch/menus/my", parameters={}
2026-05-11 18:12:00.797 DEBUG
                [http-nio-8085-exec-10] [460b992b-544d-4ba8-b4a3-9d5fe43c7ac4]
                o.s.w.s.m.m.a.RequestMappingHandlerMapping - Mapped to com.mahasbr.controller.MenuController#getMyMenus(Authentication)
2026-05-11 18:12:00.800 DEBUG
                [http-nio-8085-exec-1] [7d56acf1-79fd-48fc-9501-4460491efe7f]
                o.s.web.servlet.DispatcherServlet - GET "/MAHASBR/api/auth/registoryDuplicateData?page=0&size=10&sortBy=siNo", parameters={masked}
2026-05-11 18:12:00.801 DEBUG
                [http-nio-8085-exec-1] [7d56acf1-79fd-48fc-9501-4460491efe7f]
                o.s.w.s.m.m.a.RequestMappingHandlerMapping - Mapped to com.mahasbr.controller.PostLoginDashboardController#getDuplicateRegistryDetails(int, int, String)
2026-05-11 18:12:00.815 DEBUG
                [http-nio-8085-exec-10] [460b992b-544d-4ba8-b4a3-9d5fe43c7ac4]
                o.s.w.s.m.m.a.HttpEntityMethodProcessor - Using 'application/json', given [application/json, text/plain, */*] and supported [application/json, application/*+json]
2026-05-11 18:12:00.816 DEBUG
                [http-nio-8085-exec-10] [460b992b-544d-4ba8-b4a3-9d5fe43c7ac4]
                o.s.w.s.m.m.a.HttpEntityMethodProcessor - Writing [ApiResponse(success=true, message=Menus loaded successfully, data=[MenuDTO(id=18, nameEn=Dashboard,  (truncated)...]
2026-05-11 18:12:00.818 DEBUG
                [http-nio-8085-exec-10] [460b992b-544d-4ba8-b4a3-9d5fe43c7ac4]
                o.s.web.servlet.DispatcherServlet - Completed 200 OK
2026-05-11 18:12:00.819 DEBUG
                [http-nio-8085-exec-1] [7d56acf1-79fd-48fc-9501-4460491efe7f]
                o.s.w.s.m.m.a.HttpEntityMethodProcessor - Using 'application/json', given [application/json, text/plain, */*] and supported [application/json, application/*+json]
2026-05-11 18:12:00.820 DEBUG
                [http-nio-8085-exec-1] [7d56acf1-79fd-48fc-9501-4460491efe7f]
                o.s.w.s.m.m.a.HttpEntityMethodProcessor - Writing [Page 1 of 0 containing UNKNOWN instances]
2026-05-11 18:12:00.822 DEBUG
                [http-nio-8085-exec-1] [7d56acf1-79fd-48fc-9501-4460491efe7f]
                o.s.web.servlet.DispatcherServlet - Completed 200 OK
2026-05-11 18:12:04.423 DEBUG
                [http-nio-8085-exec-5] [f99c659e-e8f6-4313-8fae-1bdcd245e370]
                o.s.web.servlet.DispatcherServlet - GET "/MAHASBR/api/auth/registoryDuplicateData?page=0&size=10&sortBy=siNo", parameters={masked}
2026-05-11 18:12:04.423 DEBUG
                [http-nio-8085-exec-5] [f99c659e-e8f6-4313-8fae-1bdcd245e370]
                o.s.w.s.m.m.a.RequestMappingHandlerMapping - Mapped to com.mahasbr.controller.PostLoginDashboardController#getDuplicateRegistryDetails(int, int, String)
2026-05-11 18:12:04.435 DEBUG
                [http-nio-8085-exec-5] [f99c659e-e8f6-4313-8fae-1bdcd245e370]
                o.s.w.s.m.m.a.HttpEntityMethodProcessor - Using 'application/json', given [application/json, text/plain, */*] and supported [application/json, application/*+json]
2026-05-11 18:12:04.436 DEBUG
                [http-nio-8085-exec-5] [f99c659e-e8f6-4313-8fae-1bdcd245e370]
                o.s.w.s.m.m.a.HttpEntityMethodProcessor - Writing [Page 1 of 0 containing UNKNOWN instances]
2026-05-11 18:12:04.436 DEBUG
                [http-nio-8085-exec-5] [f99c659e-e8f6-4313-8fae-1bdcd245e370]
                o.s.web.servlet.DispatcherServlet - Completed 200 OK
2026-05-11 18:12:05.289 DEBUG
                [http-nio-8085-exec-3] [561d8398-a00c-44e8-8cdb-4cee548cd8bc]
                o.s.web.servlet.DispatcherServlet - GET "/MAHASBR/api/auth/registoryConcernData?page=0&size=10&sortBy=siNo", parameters={masked}
2026-05-11 18:12:05.290 DEBUG
                [http-nio-8085-exec-3] [561d8398-a00c-44e8-8cdb-4cee548cd8bc]
                o.s.w.s.m.m.a.RequestMappingHandlerMapping - Mapped to com.mahasbr.controller.PostLoginDashboardController#getConcernRegistryDetails(int, int, String)
2026-05-11 18:12:05.311 DEBUG
                [http-nio-8085-exec-3] [561d8398-a00c-44e8-8cdb-4cee548cd8bc]
                o.s.w.s.m.m.a.HttpEntityMethodProcessor - Using 'application/json', given [application/json, text/plain, */*] and supported [application/json, application/*+json]
2026-05-11 18:12:05.311 DEBUG
                [http-nio-8085-exec-3] [561d8398-a00c-44e8-8cdb-4cee548cd8bc]
                o.s.w.s.m.m.a.HttpEntityMethodProcessor - Writing [Page 1 of 0 containing UNKNOWN instances]
2026-05-11 18:12:05.312 DEBUG
                [http-nio-8085-exec-3] [561d8398-a00c-44e8-8cdb-4cee548cd8bc]
                o.s.web.servlet.DispatcherServlet - Completed 200 OK
2026-05-11 18:12:05.889 DEBUG
                [http-nio-8085-exec-9] [f8685217-fcd1-4af1-93fb-40fb3d0874b5]
                o.s.web.servlet.DispatcherServlet - GET "/MAHASBR/api/auth/districts", parameters={}
2026-05-11 18:12:05.889 DEBUG
                [http-nio-8085-exec-8] [3126e536-e54d-42dc-8eaf-af31c6d7bab3]
                o.s.web.servlet.DispatcherServlet - GET "/MAHASBR/api/auth/registoryData?page=0&size=12&sortBy=siNo", parameters={masked}
2026-05-11 18:12:05.889 DEBUG
                [http-nio-8085-exec-9] [f8685217-fcd1-4af1-93fb-40fb3d0874b5]
                o.s.w.s.m.m.a.RequestMappingHandlerMapping - Mapped to com.mahasbr.controller.PostLoginDashboardController#getAll()
2026-05-11 18:12:05.889 DEBUG
                [http-nio-8085-exec-8] [3126e536-e54d-42dc-8eaf-af31c6d7bab3]
                o.s.w.s.m.m.a.RequestMappingHandlerMapping - Mapped to com.mahasbr.controller.PostLoginDashboardController#getMasterRegistoryDetails(Long, int)
2026-05-11 18:12:05.928 DEBUG
                [http-nio-8085-exec-9] [f8685217-fcd1-4af1-93fb-40fb3d0874b5]
                o.s.w.s.m.m.a.HttpEntityMethodProcessor - Using 'application/json', given [application/json, text/plain, */*] and supported [application/json, application/*+json]
2026-05-11 18:12:05.928 DEBUG
                [http-nio-8085-exec-9] [f8685217-fcd1-4af1-93fb-40fb3d0874b5]
                o.s.w.s.m.m.a.HttpEntityMethodProcessor - Writing [[DistrictMaster(districtId=373, censusDistrictCode=919, districtName=Palghar, censusStateCode=27, di (truncated)...]
2026-05-11 18:12:05.932 DEBUG
                [http-nio-8085-exec-9] [f8685217-fcd1-4af1-93fb-40fb3d0874b5]
                o.s.web.servlet.DispatcherServlet - Completed 200 OK
2026-05-11 18:12:06.482 DEBUG
                [http-nio-8085-exec-2] [1029dfdd-8c40-463d-8729-33d4a1569931]
                o.s.web.servlet.DispatcherServlet - GET "/MAHASBR/api/auth/registoryConcernData?page=0&size=10&sortBy=siNo", parameters={masked}
2026-05-11 18:12:06.483 DEBUG
                [http-nio-8085-exec-2] [1029dfdd-8c40-463d-8729-33d4a1569931]
                o.s.w.s.m.m.a.RequestMappingHandlerMapping - Mapped to com.mahasbr.controller.PostLoginDashboardController#getConcernRegistryDetails(int, int, String)
2026-05-11 18:12:06.496 DEBUG
                [http-nio-8085-exec-2] [1029dfdd-8c40-463d-8729-33d4a1569931]
                o.s.w.s.m.m.a.HttpEntityMethodProcessor - Using 'application/json', given [application/json, text/plain, */*] and supported [application/json, application/*+json]
2026-05-11 18:12:06.496 DEBUG
                [http-nio-8085-exec-2] [1029dfdd-8c40-463d-8729-33d4a1569931]
                o.s.w.s.m.m.a.HttpEntityMethodProcessor - Writing [Page 1 of 0 containing UNKNOWN instances]
2026-05-11 18:12:06.497 DEBUG
                [http-nio-8085-exec-2] [1029dfdd-8c40-463d-8729-33d4a1569931]
                o.s.web.servlet.DispatcherServlet - Completed 200 OK
2026-05-11 18:12:07.767 DEBUG
                [http-nio-8085-exec-8] [3126e536-e54d-42dc-8eaf-af31c6d7bab3]
                o.s.w.s.m.m.a.ExceptionHandlerExceptionResolver - Using @ExceptionHandler com.mahasbr.config.ExceptionHandlerController#handleGlobalException(Exception, WebRequest)
2026-05-11 18:12:07.767 DEBUG
                [http-nio-8085-exec-8] [3126e536-e54d-42dc-8eaf-af31c6d7bab3]
                o.s.w.s.m.m.a.HttpEntityMethodProcessor - Using 'application/json', given [application/json, text/plain, */*] and supported [text/plain, */*, application/json, application/*+json]
2026-05-11 18:12:07.768 DEBUG
                [http-nio-8085-exec-8] [3126e536-e54d-42dc-8eaf-af31c6d7bab3]
                o.s.w.s.m.m.a.HttpEntityMethodProcessor - Writing ["Internal Server Error"]
2026-05-11 18:12:07.768 WARN 
                [http-nio-8085-exec-8] [3126e536-e54d-42dc-8eaf-af31c6d7bab3]
                o.s.w.s.m.m.a.ExceptionHandlerExceptionResolver - Resolved [org.springframework.data.redis.RedisConnectionFailureException: Unable to connect to Redis]
2026-05-11 18:12:07.768 DEBUG
                [http-nio-8085-exec-8] [3126e536-e54d-42dc-8eaf-af31c6d7bab3]
                o.s.web.servlet.DispatcherServlet - Completed 500 INTERNAL_SERVER_ERROR
2026-05-11 18:12:09.518 DEBUG
                [http-nio-8085-exec-1] [239d6fcb-df4c-45c3-85b8-6f6f64cade50]
                o.s.web.servlet.DispatcherServlet - GET "/MAHASBR/api/auth/districts", parameters={}
2026-05-11 18:12:09.518 DEBUG
                [http-nio-8085-exec-10] [fea6e867-8243-462d-a30c-0afcba6d9063]
                o.s.web.servlet.DispatcherServlet - GET "/MAHASBR/api/auth/registoryData?page=0&size=12&sortBy=siNo", parameters={masked}
2026-05-11 18:12:09.518 DEBUG
                [http-nio-8085-exec-1] [239d6fcb-df4c-45c3-85b8-6f6f64cade50]
                o.s.w.s.m.m.a.RequestMappingHandlerMapping - Mapped to com.mahasbr.controller.PostLoginDashboardController#getAll()
2026-05-11 18:12:09.518 DEBUG
                [http-nio-8085-exec-10] [fea6e867-8243-462d-a30c-0afcba6d9063]
                o.s.w.s.m.m.a.RequestMappingHandlerMapping - Mapped to com.mahasbr.controller.PostLoginDashboardController#getMasterRegistoryDetails(Long, int)
2026-05-11 18:12:09.535 DEBUG
                [http-nio-8085-exec-10] [fea6e867-8243-462d-a30c-0afcba6d9063]
                o.s.w.s.m.m.a.ExceptionHandlerExceptionResolver - Using @ExceptionHandler com.mahasbr.config.ExceptionHandlerController#handleGlobalException(Exception, WebRequest)
2026-05-11 18:12:09.535 DEBUG
                [http-nio-8085-exec-10] [fea6e867-8243-462d-a30c-0afcba6d9063]
                o.s.w.s.m.m.a.HttpEntityMethodProcessor - Using 'application/json', given [application/json, text/plain, */*] and supported [text/plain, */*, application/json, application/*+json]
2026-05-11 18:12:09.535 DEBUG
                [http-nio-8085-exec-10] [fea6e867-8243-462d-a30c-0afcba6d9063]
                o.s.w.s.m.m.a.HttpEntityMethodProcessor - Writing ["Internal Server Error"]
2026-05-11 18:12:09.536 WARN 
                [http-nio-8085-exec-10] [fea6e867-8243-462d-a30c-0afcba6d9063]
                o.s.w.s.m.m.a.ExceptionHandlerExceptionResolver - Resolved [org.springframework.data.redis.RedisConnectionFailureException: Unable to connect to Redis]
2026-05-11 18:12:09.536 DEBUG
                [http-nio-8085-exec-10] [fea6e867-8243-462d-a30c-0afcba6d9063]
                o.s.web.servlet.DispatcherServlet - Completed 500 INTERNAL_SERVER_ERROR
2026-05-11 18:12:09.552 DEBUG
                [http-nio-8085-exec-1] [239d6fcb-df4c-45c3-85b8-6f6f64cade50]
                o.s.w.s.m.m.a.HttpEntityMethodProcessor - Using 'application/json', given [application/json, text/plain, */*] and supported [application/json, application/*+json]
2026-05-11 18:12:09.552 DEBUG
                [http-nio-8085-exec-1] [239d6fcb-df4c-45c3-85b8-6f6f64cade50]
                o.s.w.s.m.m.a.HttpEntityMethodProcessor - Writing [[DistrictMaster(districtId=373, censusDistrictCode=919, districtName=Palghar, censusStateCode=27, di (truncated)...]
2026-05-11 18:12:09.553 DEBUG
                [http-nio-8085-exec-1] [239d6fcb-df4c-45c3-85b8-6f6f64cade50]
                o.s.web.servlet.DispatcherServlet - Completed 200 OK
2026-05-11 18:12:14.234 DEBUG
                [http-nio-8085-exec-6] [13186283-8647-439c-8257-370736e1bd5f]
                o.s.web.servlet.DispatcherServlet - POST "/MAHASBR/api/auth/logout", parameters={}
2026-05-11 18:12:14.234 DEBUG
                [http-nio-8085-exec-6] [13186283-8647-439c-8257-370736e1bd5f]
                o.s.w.s.m.m.a.RequestMappingHandlerMapping - Mapped to com.mahasbr.controller.LoginController#logout(String, HttpServletRequest)
2026-05-11 18:12:14.244 DEBUG
                [http-nio-8085-exec-3] [ae9df1d6-e207-45ff-a25e-6859f05a9203]
                o.s.web.servlet.DispatcherServlet - GET "/MAHASBR/citizenSearch/visitor/summary", parameters={}
2026-05-11 18:12:14.244 DEBUG
                [http-nio-8085-exec-3] [ae9df1d6-e207-45ff-a25e-6859f05a9203]
                o.s.w.s.m.m.a.RequestMappingHandlerMapping - Mapped to com.mahasbr.controller.VisitorController#getVisitSummary()
2026-05-11 18:12:14.258 DEBUG
                [http-nio-8085-exec-3] [ae9df1d6-e207-45ff-a25e-6859f05a9203]
                o.s.w.s.m.m.a.RequestResponseBodyMethodProcessor - Using 'application/json', given [application/json, text/plain, */*] and supported [application/json, application/*+json]
2026-05-11 18:12:14.258 DEBUG
                [http-nio-8085-exec-3] [ae9df1d6-e207-45ff-a25e-6859f05a9203]
                o.s.w.s.m.m.a.RequestResponseBodyMethodProcessor - Writing [{totalVisits=146, todayVisits=5}]
2026-05-11 18:12:14.259 DEBUG
                [http-nio-8085-exec-3] [ae9df1d6-e207-45ff-a25e-6859f05a9203]
                o.s.web.servlet.DispatcherServlet - Completed 200 OK
2026-05-11 18:12:15.433 DEBUG
                [http-nio-8085-exec-6] [13186283-8647-439c-8257-370736e1bd5f]
                o.s.w.s.m.m.a.HttpEntityMethodProcessor - Using 'application/json', given [application/json, text/plain, */*] and supported [application/json, application/*+json]
2026-05-11 18:12:15.433 DEBUG
                [http-nio-8085-exec-6] [13186283-8647-439c-8257-370736e1bd5f]
                o.s.w.s.m.m.a.HttpEntityMethodProcessor - Writing [{message=User logged out successfully}]
2026-05-11 18:12:15.434 DEBUG
                [http-nio-8085-exec-6] [13186283-8647-439c-8257-370736e1bd5f]
                o.s.web.servlet.DispatcherServlet - Completed 200 OK
2026-05-11 18:12:22.712 DEBUG
                [http-nio-8085-exec-4] [f8fdbda4-e624-444d-a907-3fda98499345]
                o.s.web.servlet.DispatcherServlet - GET "/MAHASBR/citizenSearch/visitor/summary", parameters={}
2026-05-11 18:12:22.712 DEBUG
                [http-nio-8085-exec-4] [f8fdbda4-e624-444d-a907-3fda98499345]
                o.s.w.s.m.m.a.RequestMappingHandlerMapping - Mapped to com.mahasbr.controller.VisitorController#getVisitSummary()
2026-05-11 18:12:22.734 DEBUG
                [http-nio-8085-exec-4] [f8fdbda4-e624-444d-a907-3fda98499345]
                o.s.w.s.m.m.a.RequestResponseBodyMethodProcessor - Using 'application/json', given [application/json, text/plain, */*] and supported [application/json, application/*+json]
2026-05-11 18:12:22.734 DEBUG
                [http-nio-8085-exec-4] [f8fdbda4-e624-444d-a907-3fda98499345]
                o.s.w.s.m.m.a.RequestResponseBodyMethodProcessor - Writing [{totalVisits=146, todayVisits=5}]
2026-05-11 18:12:22.735 DEBUG
                [http-nio-8085-exec-4] [f8fdbda4-e624-444d-a907-3fda98499345]
                o.s.web.servlet.DispatcherServlet - Completed 200 OK
2026-05-11 18:12:25.251 DEBUG
                [http-nio-8085-exec-7] [0a9c8a20-05e8-44d1-a3ab-6da3d40cdc01]
                o.s.web.servlet.DispatcherServlet - GET "/MAHASBR/citizenSearch/visitor/summary", parameters={}
2026-05-11 18:12:25.251 DEBUG
                [http-nio-8085-exec-7] [0a9c8a20-05e8-44d1-a3ab-6da3d40cdc01]
                o.s.w.s.m.m.a.RequestMappingHandlerMapping - Mapped to com.mahasbr.controller.VisitorController#getVisitSummary()
2026-05-11 18:12:25.267 DEBUG
                [http-nio-8085-exec-7] [0a9c8a20-05e8-44d1-a3ab-6da3d40cdc01]
                o.s.w.s.m.m.a.RequestResponseBodyMethodProcessor - Using 'application/json', given [application/json, text/plain, */*] and supported [application/json, application/*+json]
2026-05-11 18:12:25.267 DEBUG
                [http-nio-8085-exec-7] [0a9c8a20-05e8-44d1-a3ab-6da3d40cdc01]
                o.s.w.s.m.m.a.RequestResponseBodyMethodProcessor - Writing [{totalVisits=146, todayVisits=5}]
2026-05-11 18:12:25.268 DEBUG
                [http-nio-8085-exec-7] [0a9c8a20-05e8-44d1-a3ab-6da3d40cdc01]
                o.s.web.servlet.DispatcherServlet - Completed 200 OK
2026-05-11 18:14:17.502 ERROR
                [http-nio-8085-exec-1] [2f60e479-f3cf-47b8-9ba2-515d526f7005]
                c.mahasbr.filter.AuthEntryPointJwt - Unauthorized error: Full authentication is required to access this resource
2026-05-11 18:14:17.502 ERROR
                [http-nio-8085-exec-1] [2f60e479-f3cf-47b8-9ba2-515d526f7005]
                c.mahasbr.filter.AuthEntryPointJwt - Unauthorized error: Full authentication is required to access this resource
2026-05-11 18:14:17.503 ERROR
                [http-nio-8085-exec-1] []
                c.mahasbr.filter.AuthEntryPointJwt - Unauthorized error: Full authentication is required to access this resource
2026-05-11 18:14:17.503 ERROR
                [http-nio-8085-exec-1] []
                c.mahasbr.filter.AuthEntryPointJwt - Unauthorized error: Full authentication is required to access this resource
2026-05-11 18:14:17.506 DEBUG
                [http-nio-8085-exec-3] [76f80a9f-d030-4d2d-9862-64217a4cb5ab]
                o.s.web.servlet.DispatcherServlet - POST "/MAHASBR/api/auth/signin", parameters={}
2026-05-11 18:14:17.508 DEBUG
                [http-nio-8085-exec-3] [76f80a9f-d030-4d2d-9862-64217a4cb5ab]
                o.s.w.s.m.m.a.RequestMappingHandlerMapping - Mapped to com.mahasbr.controller.LoginController#authenticateUser(LoginRequest, BindingResult, HttpServletRequest)
2026-05-11 18:14:17.517 DEBUG
                [http-nio-8085-exec-3] [76f80a9f-d030-4d2d-9862-64217a4cb5ab]
                o.s.w.s.m.m.a.RequestResponseBodyMethodProcessor - Read "application/json;charset=UTF-8" to [LoginRequest(username=DISH_MH, password=Pass@123, recaptchaResponse=0cAFcWeA6FyV5HMMOGS68GrFU5XRYooL (truncated)...]
2026-05-11 18:14:17.854 DEBUG
                [http-nio-8085-exec-3] [76f80a9f-d030-4d2d-9862-64217a4cb5ab]
                o.s.w.s.m.m.a.HttpEntityMethodProcessor - Using 'application/json', given [application/json, text/plain, */*] and supported [application/json, application/*+json]
2026-05-11 18:14:17.857 DEBUG
                [http-nio-8085-exec-3] [76f80a9f-d030-4d2d-9862-64217a4cb5ab]
                o.s.w.s.m.m.a.HttpEntityMethodProcessor - Writing [JwtResponse(token=eyJhbGciOiJIUzI1NiJ9.eyJyb2xlcyI6WyJST0xFX1JFR19BVVRIX0FQSSJdLCJyZWdpc3RyeUlkIjoyM (truncated)...]
2026-05-11 18:14:17.859 DEBUG
                [http-nio-8085-exec-3] [76f80a9f-d030-4d2d-9862-64217a4cb5ab]
                o.s.web.servlet.DispatcherServlet - Completed 200 OK
2026-05-11 18:14:17.931 DEBUG
                [http-nio-8085-exec-6] [81cf6829-6f71-4e08-aea9-16ba5c37cbdb]
                o.s.web.servlet.DispatcherServlet - GET "/MAHASBR/citizenSearch/menus/my", parameters={}
2026-05-11 18:14:17.932 DEBUG
                [http-nio-8085-exec-6] [81cf6829-6f71-4e08-aea9-16ba5c37cbdb]
                o.s.w.s.m.m.a.RequestMappingHandlerMapping - Mapped to com.mahasbr.controller.MenuController#getMyMenus(Authentication)
2026-05-11 18:14:17.965 DEBUG
                [http-nio-8085-exec-6] [81cf6829-6f71-4e08-aea9-16ba5c37cbdb]
                o.s.w.s.m.m.a.HttpEntityMethodProcessor - Using 'application/json', given [application/json, text/plain, */*] and supported [application/json, application/*+json]
2026-05-11 18:14:17.966 DEBUG
                [http-nio-8085-exec-6] [81cf6829-6f71-4e08-aea9-16ba5c37cbdb]
                o.s.w.s.m.m.a.HttpEntityMethodProcessor - Writing [ApiResponse(success=true, message=Menus loaded successfully, data=[MenuDTO(id=18, nameEn=Dashboard,  (truncated)...]
2026-05-11 18:14:17.969 DEBUG
                [http-nio-8085-exec-6] [81cf6829-6f71-4e08-aea9-16ba5c37cbdb]
                o.s.web.servlet.DispatcherServlet - Completed 200 OK
2026-05-11 18:14:18.044 DEBUG
                [http-nio-8085-exec-4] [4d8d9fe5-60cb-41a4-9e2b-dff7f2250963]
                o.s.web.servlet.DispatcherServlet - GET "/MAHASBR/api/auth/registoryData?page=0&size=12&sortBy=siNo", parameters={masked}
2026-05-11 18:14:18.044 DEBUG
                [http-nio-8085-exec-4] [4d8d9fe5-60cb-41a4-9e2b-dff7f2250963]
                o.s.w.s.m.m.a.RequestMappingHandlerMapping - Mapped to com.mahasbr.controller.PostLoginDashboardController#getMasterRegistoryDetails(Long, int)
2026-05-11 18:14:18.053 DEBUG
                [http-nio-8085-exec-7] [e56f2db4-7d8f-4c07-abb2-12d03bcdf919]
                o.s.web.servlet.DispatcherServlet - GET "/MAHASBR/api/auth/districts", parameters={}
2026-05-11 18:14:18.053 DEBUG
                [http-nio-8085-exec-7] [e56f2db4-7d8f-4c07-abb2-12d03bcdf919]
                o.s.w.s.m.m.a.RequestMappingHandlerMapping - Mapped to com.mahasbr.controller.PostLoginDashboardController#getAll()
2026-05-11 18:14:18.082 DEBUG
                [http-nio-8085-exec-9] [03356f04-76c5-4cc6-a60f-2e6fb7b2516e]
                o.s.web.servlet.DispatcherServlet - GET "/MAHASBR/citizenSearch/menus/my", parameters={}
2026-05-11 18:14:18.083 DEBUG
                [http-nio-8085-exec-9] [03356f04-76c5-4cc6-a60f-2e6fb7b2516e]
                o.s.w.s.m.m.a.RequestMappingHandlerMapping - Mapped to com.mahasbr.controller.MenuController#getMyMenus(Authentication)
2026-05-11 18:14:18.098 DEBUG
                [http-nio-8085-exec-4] [4d8d9fe5-60cb-41a4-9e2b-dff7f2250963]
                o.s.w.s.m.m.a.ExceptionHandlerExceptionResolver - Using @ExceptionHandler com.mahasbr.config.ExceptionHandlerController#handleGlobalException(Exception, WebRequest)
2026-05-11 18:14:18.099 DEBUG
                [http-nio-8085-exec-4] [4d8d9fe5-60cb-41a4-9e2b-dff7f2250963]
                o.s.w.s.m.m.a.HttpEntityMethodProcessor - Using 'application/json', given [application/json, text/plain, */*] and supported [text/plain, */*, application/json, application/*+json]
2026-05-11 18:14:18.099 DEBUG
                [http-nio-8085-exec-4] [4d8d9fe5-60cb-41a4-9e2b-dff7f2250963]
                o.s.w.s.m.m.a.HttpEntityMethodProcessor - Writing ["Internal Server Error"]
2026-05-11 18:14:18.099 WARN 
                [http-nio-8085-exec-4] [4d8d9fe5-60cb-41a4-9e2b-dff7f2250963]
                o.s.w.s.m.m.a.ExceptionHandlerExceptionResolver - Resolved [org.springframework.data.redis.RedisConnectionFailureException: Unable to connect to Redis]
2026-05-11 18:14:18.100 DEBUG
                [http-nio-8085-exec-4] [4d8d9fe5-60cb-41a4-9e2b-dff7f2250963]
                o.s.web.servlet.DispatcherServlet - Completed 500 INTERNAL_SERVER_ERROR
2026-05-11 18:14:18.101 DEBUG
                [http-nio-8085-exec-9] [03356f04-76c5-4cc6-a60f-2e6fb7b2516e]
                o.s.w.s.m.m.a.HttpEntityMethodProcessor - Using 'application/json', given [application/json, text/plain, */*] and supported [application/json, application/*+json]
2026-05-11 18:14:18.101 DEBUG
                [http-nio-8085-exec-9] [03356f04-76c5-4cc6-a60f-2e6fb7b2516e]
                o.s.w.s.m.m.a.HttpEntityMethodProcessor - Writing [ApiResponse(success=true, message=Menus loaded successfully, data=[MenuDTO(id=18, nameEn=Dashboard,  (truncated)...]
2026-05-11 18:14:18.102 DEBUG
                [http-nio-8085-exec-9] [03356f04-76c5-4cc6-a60f-2e6fb7b2516e]
                o.s.web.servlet.DispatcherServlet - Completed 200 OK
2026-05-11 18:14:18.112 DEBUG
                [http-nio-8085-exec-7] [e56f2db4-7d8f-4c07-abb2-12d03bcdf919]
                o.s.w.s.m.m.a.HttpEntityMethodProcessor - Using 'application/json', given [application/json, text/plain, */*] and supported [application/json, application/*+json]
2026-05-11 18:14:18.112 DEBUG
                [http-nio-8085-exec-7] [e56f2db4-7d8f-4c07-abb2-12d03bcdf919]
                o.s.w.s.m.m.a.HttpEntityMethodProcessor - Writing [[DistrictMaster(districtId=373, censusDistrictCode=919, districtName=Palghar, censusStateCode=27, di (truncated)...]
2026-05-11 18:14:18.113 DEBUG
                [http-nio-8085-exec-7] [e56f2db4-7d8f-4c07-abb2-12d03bcdf919]
                o.s.web.servlet.DispatcherServlet - Completed 200 OK
2026-05-11 18:14:24.416 DEBUG
                [http-nio-8085-exec-2] [746e2d2b-f068-4301-b1ac-02a85103772e]
                o.s.web.servlet.DispatcherServlet - POST "/MAHASBR/api/auth/logout", parameters={}
2026-05-11 18:14:24.416 DEBUG
                [http-nio-8085-exec-8] [425ad82c-4a8d-41ea-a1f8-9ade9322d79a]
                o.s.web.servlet.DispatcherServlet - GET "/MAHASBR/citizenSearch/visitor/summary", parameters={}
2026-05-11 18:14:24.417 DEBUG
                [http-nio-8085-exec-2] [746e2d2b-f068-4301-b1ac-02a85103772e]
                o.s.w.s.m.m.a.RequestMappingHandlerMapping - Mapped to com.mahasbr.controller.LoginController#logout(String, HttpServletRequest)
2026-05-11 18:14:24.417 DEBUG
                [http-nio-8085-exec-8] [425ad82c-4a8d-41ea-a1f8-9ade9322d79a]
                o.s.w.s.m.m.a.RequestMappingHandlerMapping - Mapped to com.mahasbr.controller.VisitorController#getVisitSummary()
2026-05-11 18:14:24.430 DEBUG
                [http-nio-8085-exec-8] [425ad82c-4a8d-41ea-a1f8-9ade9322d79a]
                o.s.w.s.m.m.a.RequestResponseBodyMethodProcessor - Using 'application/json', given [application/json, text/plain, */*] and supported [application/json, application/*+json]
2026-05-11 18:14:24.430 DEBUG
                [http-nio-8085-exec-8] [425ad82c-4a8d-41ea-a1f8-9ade9322d79a]
                o.s.w.s.m.m.a.RequestResponseBodyMethodProcessor - Writing [{totalVisits=146, todayVisits=5}]
2026-05-11 18:14:24.435 DEBUG
                [http-nio-8085-exec-8] [425ad82c-4a8d-41ea-a1f8-9ade9322d79a]
                o.s.web.servlet.DispatcherServlet - Completed 200 OK
2026-05-11 18:14:24.458 DEBUG
                [http-nio-8085-exec-2] [746e2d2b-f068-4301-b1ac-02a85103772e]
                o.s.w.s.m.m.a.HttpEntityMethodProcessor - Using 'application/json', given [application/json, text/plain, */*] and supported [application/json, application/*+json]
2026-05-11 18:14:24.459 DEBUG
                [http-nio-8085-exec-2] [746e2d2b-f068-4301-b1ac-02a85103772e]
                o.s.w.s.m.m.a.HttpEntityMethodProcessor - Writing [{message=User logged out successfully}]
2026-05-11 18:14:24.459 DEBUG
                [http-nio-8085-exec-2] [746e2d2b-f068-4301-b1ac-02a85103772e]
                o.s.web.servlet.DispatcherServlet - Completed 200 OK
2026-05-11 18:14:50.044 ERROR
                [http-nio-8085-exec-10] [eb2a093a-8c4b-4ba2-be7f-911e9179f06f]
                c.mahasbr.filter.AuthEntryPointJwt - Unauthorized error: Full authentication is required to access this resource
2026-05-11 18:14:50.044 ERROR
                [http-nio-8085-exec-10] [eb2a093a-8c4b-4ba2-be7f-911e9179f06f]
                c.mahasbr.filter.AuthEntryPointJwt - Unauthorized error: Full authentication is required to access this resource
2026-05-11 18:14:50.045 ERROR
                [http-nio-8085-exec-10] []
                c.mahasbr.filter.AuthEntryPointJwt - Unauthorized error: Full authentication is required to access this resource
2026-05-11 18:14:50.045 ERROR
                [http-nio-8085-exec-10] []
                c.mahasbr.filter.AuthEntryPointJwt - Unauthorized error: Full authentication is required to access this resource
2026-05-11 18:14:50.045 DEBUG
                [http-nio-8085-exec-5] [f497a09b-e989-4069-8683-b4a6e045d287]
                o.s.web.servlet.DispatcherServlet - POST "/MAHASBR/api/auth/signin", parameters={}
2026-05-11 18:14:50.045 DEBUG
                [http-nio-8085-exec-5] [f497a09b-e989-4069-8683-b4a6e045d287]
                o.s.w.s.m.m.a.RequestMappingHandlerMapping - Mapped to com.mahasbr.controller.LoginController#authenticateUser(LoginRequest, BindingResult, HttpServletRequest)
2026-05-11 18:14:50.047 DEBUG
                [http-nio-8085-exec-5] [f497a09b-e989-4069-8683-b4a6e045d287]
                o.s.w.s.m.m.a.RequestResponseBodyMethodProcessor - Read "application/json;charset=UTF-8" to [LoginRequest(username=CHARITY_MH, password=Pass@123, recaptchaResponse=0cAFcWeA6fo1YaVwhp06sbDMLEaQQ (truncated)...]
2026-05-11 18:14:50.170 DEBUG
                [http-nio-8085-exec-5] [f497a09b-e989-4069-8683-b4a6e045d287]
                o.s.w.s.m.m.a.HttpEntityMethodProcessor - Using 'application/json', given [application/json, text/plain, */*] and supported [application/json, application/*+json]
2026-05-11 18:14:50.170 DEBUG
                [http-nio-8085-exec-5] [f497a09b-e989-4069-8683-b4a6e045d287]
                o.s.w.s.m.m.a.HttpEntityMethodProcessor - Writing [JwtResponse(token=eyJhbGciOiJIUzI1NiJ9.eyJyb2xlcyI6WyJST0xFX1JFR19BVVRIX0NTViJdLCJyZWdpc3RyeUlkIjoyM (truncated)...]
2026-05-11 18:14:50.170 DEBUG
                [http-nio-8085-exec-5] [f497a09b-e989-4069-8683-b4a6e045d287]
                o.s.web.servlet.DispatcherServlet - Completed 200 OK
2026-05-11 18:14:50.214 DEBUG
                [http-nio-8085-exec-1] [660a7b48-c0b8-4d29-a686-e597444beaa9]
                o.s.web.servlet.DispatcherServlet - GET "/MAHASBR/citizenSearch/menus/my", parameters={}
2026-05-11 18:14:50.214 DEBUG
                [http-nio-8085-exec-1] [660a7b48-c0b8-4d29-a686-e597444beaa9]
                o.s.w.s.m.m.a.RequestMappingHandlerMapping - Mapped to com.mahasbr.controller.MenuController#getMyMenus(Authentication)
2026-05-11 18:14:50.230 DEBUG
                [http-nio-8085-exec-1] [660a7b48-c0b8-4d29-a686-e597444beaa9]
                o.s.w.s.m.m.a.HttpEntityMethodProcessor - Using 'application/json', given [application/json, text/plain, */*] and supported [application/json, application/*+json]
2026-05-11 18:14:50.230 DEBUG
                [http-nio-8085-exec-1] [660a7b48-c0b8-4d29-a686-e597444beaa9]
                o.s.w.s.m.m.a.HttpEntityMethodProcessor - Writing [ApiResponse(success=true, message=Menus loaded successfully, data=[MenuDTO(id=18, nameEn=Dashboard,  (truncated)...]
2026-05-11 18:14:50.231 DEBUG
                [http-nio-8085-exec-1] [660a7b48-c0b8-4d29-a686-e597444beaa9]
                o.s.web.servlet.DispatcherServlet - Completed 200 OK
2026-05-11 18:14:50.285 DEBUG
                [http-nio-8085-exec-6] [dc43a318-1f95-45fc-9b52-b897efe95130]
                o.s.web.servlet.DispatcherServlet - GET "/MAHASBR/api/auth/registoryData?page=0&size=12&sortBy=siNo", parameters={masked}
2026-05-11 18:14:50.286 DEBUG
                [http-nio-8085-exec-6] [dc43a318-1f95-45fc-9b52-b897efe95130]
                o.s.w.s.m.m.a.RequestMappingHandlerMapping - Mapped to com.mahasbr.controller.PostLoginDashboardController#getMasterRegistoryDetails(Long, int)
2026-05-11 18:14:50.289 DEBUG
                [http-nio-8085-exec-4] [fd33d4f8-e288-4a96-8276-52a151f39ece]
                o.s.web.servlet.DispatcherServlet - GET "/MAHASBR/api/auth/districts", parameters={}
2026-05-11 18:14:50.290 DEBUG
                [http-nio-8085-exec-4] [fd33d4f8-e288-4a96-8276-52a151f39ece]
                o.s.w.s.m.m.a.RequestMappingHandlerMapping - Mapped to com.mahasbr.controller.PostLoginDashboardController#getAll()
2026-05-11 18:14:50.292 DEBUG
                [http-nio-8085-exec-3] [468795c4-f2cd-4ddf-977b-56cb25f6fbbd]
                o.s.web.servlet.DispatcherServlet - GET "/MAHASBR/citizenSearch/menus/my", parameters={}
2026-05-11 18:14:50.292 DEBUG
                [http-nio-8085-exec-3] [468795c4-f2cd-4ddf-977b-56cb25f6fbbd]
                o.s.w.s.m.m.a.RequestMappingHandlerMapping - Mapped to com.mahasbr.controller.MenuController#getMyMenus(Authentication)
2026-05-11 18:14:50.303 DEBUG
                [http-nio-8085-exec-6] [dc43a318-1f95-45fc-9b52-b897efe95130]
                o.s.w.s.m.m.a.ExceptionHandlerExceptionResolver - Using @ExceptionHandler com.mahasbr.config.ExceptionHandlerController#handleGlobalException(Exception, WebRequest)
2026-05-11 18:14:50.303 DEBUG
                [http-nio-8085-exec-6] [dc43a318-1f95-45fc-9b52-b897efe95130]
                o.s.w.s.m.m.a.HttpEntityMethodProcessor - Using 'application/json', given [application/json, text/plain, */*] and supported [text/plain, */*, application/json, application/*+json]
2026-05-11 18:14:50.303 DEBUG
                [http-nio-8085-exec-6] [dc43a318-1f95-45fc-9b52-b897efe95130]
                o.s.w.s.m.m.a.HttpEntityMethodProcessor - Writing ["Internal Server Error"]
2026-05-11 18:14:50.304 WARN 
                [http-nio-8085-exec-6] [dc43a318-1f95-45fc-9b52-b897efe95130]
                o.s.w.s.m.m.a.ExceptionHandlerExceptionResolver - Resolved [org.springframework.data.redis.RedisConnectionFailureException: Unable to connect to Redis]
2026-05-11 18:14:50.304 DEBUG
                [http-nio-8085-exec-6] [dc43a318-1f95-45fc-9b52-b897efe95130]
                o.s.web.servlet.DispatcherServlet - Completed 500 INTERNAL_SERVER_ERROR
2026-05-11 18:14:50.309 DEBUG
                [http-nio-8085-exec-3] [468795c4-f2cd-4ddf-977b-56cb25f6fbbd]
                o.s.w.s.m.m.a.HttpEntityMethodProcessor - Using 'application/json', given [application/json, text/plain, */*] and supported [application/json, application/*+json]
2026-05-11 18:14:50.309 DEBUG
                [http-nio-8085-exec-3] [468795c4-f2cd-4ddf-977b-56cb25f6fbbd]
                o.s.w.s.m.m.a.HttpEntityMethodProcessor - Writing [ApiResponse(success=true, message=Menus loaded successfully, data=[MenuDTO(id=18, nameEn=Dashboard,  (truncated)...]
2026-05-11 18:14:50.310 DEBUG
                [http-nio-8085-exec-3] [468795c4-f2cd-4ddf-977b-56cb25f6fbbd]
                o.s.web.servlet.DispatcherServlet - Completed 200 OK
2026-05-11 18:14:50.321 DEBUG
                [http-nio-8085-exec-4] [fd33d4f8-e288-4a96-8276-52a151f39ece]
                o.s.w.s.m.m.a.HttpEntityMethodProcessor - Using 'application/json', given [application/json, text/plain, */*] and supported [application/json, application/*+json]
2026-05-11 18:14:50.321 DEBUG
                [http-nio-8085-exec-4] [fd33d4f8-e288-4a96-8276-52a151f39ece]
                o.s.w.s.m.m.a.HttpEntityMethodProcessor - Writing [[DistrictMaster(districtId=373, censusDistrictCode=919, districtName=Palghar, censusStateCode=27, di (truncated)...]
2026-05-11 18:14:50.325 DEBUG
                [http-nio-8085-exec-4] [fd33d4f8-e288-4a96-8276-52a151f39ece]
                o.s.web.servlet.DispatcherServlet - Completed 200 OK
2026-05-11 18:14:53.524 DEBUG
                [http-nio-8085-exec-9] [3250da98-f64c-455c-9e5a-6729c79b1442]
                o.s.web.servlet.DispatcherServlet - GET "/MAHASBR/api/auth/registoryData?page=0&size=12&sortBy=siNo", parameters={masked}
2026-05-11 18:14:53.524 DEBUG
                [http-nio-8085-exec-9] [3250da98-f64c-455c-9e5a-6729c79b1442]
                o.s.w.s.m.m.a.RequestMappingHandlerMapping - Mapped to com.mahasbr.controller.PostLoginDashboardController#getMasterRegistoryDetails(Long, int)
2026-05-11 18:14:53.526 DEBUG
                [http-nio-8085-exec-7] [feab3a33-af34-4406-868d-f38318ae1c9f]
                o.s.web.servlet.DispatcherServlet - GET "/MAHASBR/api/auth/districts", parameters={}
2026-05-11 18:14:53.527 DEBUG
                [http-nio-8085-exec-7] [feab3a33-af34-4406-868d-f38318ae1c9f]
                o.s.w.s.m.m.a.RequestMappingHandlerMapping - Mapped to com.mahasbr.controller.PostLoginDashboardController#getAll()
2026-05-11 18:14:53.537 DEBUG
                [http-nio-8085-exec-9] [3250da98-f64c-455c-9e5a-6729c79b1442]
                o.s.w.s.m.m.a.ExceptionHandlerExceptionResolver - Using @ExceptionHandler com.mahasbr.config.ExceptionHandlerController#handleGlobalException(Exception, WebRequest)
2026-05-11 18:14:53.537 DEBUG
                [http-nio-8085-exec-9] [3250da98-f64c-455c-9e5a-6729c79b1442]
                o.s.w.s.m.m.a.HttpEntityMethodProcessor - Using 'application/json', given [application/json, text/plain, */*] and supported [text/plain, */*, application/json, application/*+json]
2026-05-11 18:14:53.537 DEBUG
                [http-nio-8085-exec-9] [3250da98-f64c-455c-9e5a-6729c79b1442]
                o.s.w.s.m.m.a.HttpEntityMethodProcessor - Writing ["Internal Server Error"]
2026-05-11 18:14:53.538 WARN 
                [http-nio-8085-exec-9] [3250da98-f64c-455c-9e5a-6729c79b1442]
                o.s.w.s.m.m.a.ExceptionHandlerExceptionResolver - Resolved [org.springframework.data.redis.RedisConnectionFailureException: Unable to connect to Redis]
2026-05-11 18:14:53.538 DEBUG
                [http-nio-8085-exec-9] [3250da98-f64c-455c-9e5a-6729c79b1442]
                o.s.web.servlet.DispatcherServlet - Completed 500 INTERNAL_SERVER_ERROR
2026-05-11 18:14:53.563 DEBUG
                [http-nio-8085-exec-7] [feab3a33-af34-4406-868d-f38318ae1c9f]
                o.s.w.s.m.m.a.HttpEntityMethodProcessor - Using 'application/json', given [application/json, text/plain, */*] and supported [application/json, application/*+json]
2026-05-11 18:14:53.563 DEBUG
                [http-nio-8085-exec-7] [feab3a33-af34-4406-868d-f38318ae1c9f]
                o.s.w.s.m.m.a.HttpEntityMethodProcessor - Writing [[DistrictMaster(districtId=373, censusDistrictCode=919, districtName=Palghar, censusStateCode=27, di (truncated)...]
2026-05-11 18:14:53.564 DEBUG
                [http-nio-8085-exec-7] [feab3a33-af34-4406-868d-f38318ae1c9f]
                o.s.web.servlet.DispatcherServlet - Completed 200 OK
2026-05-11 18:14:54.331 DEBUG
                [http-nio-8085-exec-8] [350aba1e-aa74-4ef4-b6c2-b121e73e64bf]
                o.s.web.servlet.DispatcherServlet - GET "/MAHASBR/api/auth/registoryConcernData?page=0&size=10&sortBy=siNo", parameters={masked}
2026-05-11 18:14:54.331 DEBUG
                [http-nio-8085-exec-8] [350aba1e-aa74-4ef4-b6c2-b121e73e64bf]
                o.s.w.s.m.m.a.RequestMappingHandlerMapping - Mapped to com.mahasbr.controller.PostLoginDashboardController#getConcernRegistryDetails(int, int, String)
2026-05-11 18:14:54.343 DEBUG
                [http-nio-8085-exec-8] [350aba1e-aa74-4ef4-b6c2-b121e73e64bf]
                o.s.w.s.m.m.a.HttpEntityMethodProcessor - Using 'application/json', given [application/json, text/plain, */*] and supported [application/json, application/*+json]
2026-05-11 18:14:54.343 DEBUG
                [http-nio-8085-exec-8] [350aba1e-aa74-4ef4-b6c2-b121e73e64bf]
                o.s.w.s.m.m.a.HttpEntityMethodProcessor - Writing [Page 1 of 0 containing UNKNOWN instances]
2026-05-11 18:14:54.344 DEBUG
                [http-nio-8085-exec-8] [350aba1e-aa74-4ef4-b6c2-b121e73e64bf]
                o.s.web.servlet.DispatcherServlet - Completed 200 OK
2026-05-11 18:14:54.929 DEBUG
                [http-nio-8085-exec-2] [dc90868c-cc9c-473a-8f1a-687818c7b648]
                o.s.web.servlet.DispatcherServlet - GET "/MAHASBR/api/auth/registoryDuplicateData?page=0&size=10&sortBy=siNo", parameters={masked}
2026-05-11 18:14:54.929 DEBUG
                [http-nio-8085-exec-2] [dc90868c-cc9c-473a-8f1a-687818c7b648]
                o.s.w.s.m.m.a.RequestMappingHandlerMapping - Mapped to com.mahasbr.controller.PostLoginDashboardController#getDuplicateRegistryDetails(int, int, String)
2026-05-11 18:14:54.942 DEBUG
                [http-nio-8085-exec-2] [dc90868c-cc9c-473a-8f1a-687818c7b648]
                o.s.w.s.m.m.a.HttpEntityMethodProcessor - Using 'application/json', given [application/json, text/plain, */*] and supported [application/json, application/*+json]
2026-05-11 18:14:54.942 DEBUG
                [http-nio-8085-exec-2] [dc90868c-cc9c-473a-8f1a-687818c7b648]
                o.s.w.s.m.m.a.HttpEntityMethodProcessor - Writing [Page 1 of 0 containing UNKNOWN instances]
2026-05-11 18:14:54.942 DEBUG
                [http-nio-8085-exec-2] [dc90868c-cc9c-473a-8f1a-687818c7b648]
                o.s.web.servlet.DispatcherServlet - Completed 200 OK
2026-05-11 18:14:58.291 DEBUG
                [http-nio-8085-exec-10] [eccd7543-bf5a-49bb-aa44-1b04ff8cd7cb]
                o.s.web.servlet.DispatcherServlet - GET "/MAHASBR/api/auth/registoryDuplicateData?page=0&size=10&sortBy=siNo", parameters={masked}
2026-05-11 18:14:58.291 DEBUG
                [http-nio-8085-exec-10] [eccd7543-bf5a-49bb-aa44-1b04ff8cd7cb]
                o.s.w.s.m.m.a.RequestMappingHandlerMapping - Mapped to com.mahasbr.controller.PostLoginDashboardController#getDuplicateRegistryDetails(int, int, String)
2026-05-11 18:14:58.304 DEBUG
                [http-nio-8085-exec-10] [eccd7543-bf5a-49bb-aa44-1b04ff8cd7cb]
                o.s.w.s.m.m.a.HttpEntityMethodProcessor - Using 'application/json', given [application/json, text/plain, */*] and supported [application/json, application/*+json]
2026-05-11 18:14:58.305 DEBUG
                [http-nio-8085-exec-10] [eccd7543-bf5a-49bb-aa44-1b04ff8cd7cb]
                o.s.w.s.m.m.a.HttpEntityMethodProcessor - Writing [Page 1 of 0 containing UNKNOWN instances]
2026-05-11 18:14:58.305 DEBUG
                [http-nio-8085-exec-10] [eccd7543-bf5a-49bb-aa44-1b04ff8cd7cb]
                o.s.web.servlet.DispatcherServlet - Completed 200 OK
2026-05-11 18:15:00.218 DEBUG
                [http-nio-8085-exec-5] [24064e6b-e731-403a-ae0b-94ef2a3e2d1f]
                o.s.web.servlet.DispatcherServlet - GET "/MAHASBR/api/auth/registoryConcernData?page=0&size=10&sortBy=siNo", parameters={masked}
2026-05-11 18:15:00.218 DEBUG
                [http-nio-8085-exec-5] [24064e6b-e731-403a-ae0b-94ef2a3e2d1f]
                o.s.w.s.m.m.a.RequestMappingHandlerMapping - Mapped to com.mahasbr.controller.PostLoginDashboardController#getConcernRegistryDetails(int, int, String)
2026-05-11 18:15:00.230 DEBUG
                [http-nio-8085-exec-5] [24064e6b-e731-403a-ae0b-94ef2a3e2d1f]
                o.s.w.s.m.m.a.HttpEntityMethodProcessor - Using 'application/json', given [application/json, text/plain, */*] and supported [application/json, application/*+json]
2026-05-11 18:15:00.230 DEBUG
                [http-nio-8085-exec-5] [24064e6b-e731-403a-ae0b-94ef2a3e2d1f]
                o.s.w.s.m.m.a.HttpEntityMethodProcessor - Writing [Page 1 of 0 containing UNKNOWN instances]
2026-05-11 18:15:00.231 DEBUG
                [http-nio-8085-exec-5] [24064e6b-e731-403a-ae0b-94ef2a3e2d1f]
                o.s.web.servlet.DispatcherServlet - Completed 200 OK
2026-05-11 18:15:01.053 DEBUG
                [http-nio-8085-exec-1] [dca018c9-8b2c-4db9-a6d1-84567b80964a]
                o.s.web.servlet.DispatcherServlet - GET "/MAHASBR/api/auth/registoryData?page=0&size=12&sortBy=siNo", parameters={masked}
2026-05-11 18:15:01.053 DEBUG
                [http-nio-8085-exec-1] [dca018c9-8b2c-4db9-a6d1-84567b80964a]
                o.s.w.s.m.m.a.RequestMappingHandlerMapping - Mapped to com.mahasbr.controller.PostLoginDashboardController#getMasterRegistoryDetails(Long, int)
2026-05-11 18:15:01.053 DEBUG
                [http-nio-8085-exec-6] [f7c463ca-bb5a-4a1e-8fc7-09ff1e6c5480]
                o.s.web.servlet.DispatcherServlet - GET "/MAHASBR/api/auth/districts", parameters={}
2026-05-11 18:15:01.054 DEBUG
                [http-nio-8085-exec-6] [f7c463ca-bb5a-4a1e-8fc7-09ff1e6c5480]
                o.s.w.s.m.m.a.RequestMappingHandlerMapping - Mapped to com.mahasbr.controller.PostLoginDashboardController#getAll()
2026-05-11 18:15:01.070 DEBUG
                [http-nio-8085-exec-1] [dca018c9-8b2c-4db9-a6d1-84567b80964a]
                o.s.w.s.m.m.a.ExceptionHandlerExceptionResolver - Using @ExceptionHandler com.mahasbr.config.ExceptionHandlerController#handleGlobalException(Exception, WebRequest)
2026-05-11 18:15:01.071 DEBUG
                [http-nio-8085-exec-1] [dca018c9-8b2c-4db9-a6d1-84567b80964a]
                o.s.w.s.m.m.a.HttpEntityMethodProcessor - Using 'application/json', given [application/json, text/plain, */*] and supported [text/plain, */*, application/json, application/*+json]
2026-05-11 18:15:01.071 DEBUG
                [http-nio-8085-exec-1] [dca018c9-8b2c-4db9-a6d1-84567b80964a]
                o.s.w.s.m.m.a.HttpEntityMethodProcessor - Writing ["Internal Server Error"]
2026-05-11 18:15:01.071 WARN 
                [http-nio-8085-exec-1] [dca018c9-8b2c-4db9-a6d1-84567b80964a]
                o.s.w.s.m.m.a.ExceptionHandlerExceptionResolver - Resolved [org.springframework.data.redis.RedisConnectionFailureException: Unable to connect to Redis]
2026-05-11 18:15:01.071 DEBUG
                [http-nio-8085-exec-1] [dca018c9-8b2c-4db9-a6d1-84567b80964a]
                o.s.web.servlet.DispatcherServlet - Completed 500 INTERNAL_SERVER_ERROR
2026-05-11 18:15:01.089 DEBUG
                [http-nio-8085-exec-6] [f7c463ca-bb5a-4a1e-8fc7-09ff1e6c5480]
                o.s.w.s.m.m.a.HttpEntityMethodProcessor - Using 'application/json', given [application/json, text/plain, */*] and supported [application/json, application/*+json]
2026-05-11 18:15:01.089 DEBUG
                [http-nio-8085-exec-6] [f7c463ca-bb5a-4a1e-8fc7-09ff1e6c5480]
                o.s.w.s.m.m.a.HttpEntityMethodProcessor - Writing [[DistrictMaster(districtId=373, censusDistrictCode=919, districtName=Palghar, censusStateCode=27, di (truncated)...]
2026-05-11 18:15:01.091 DEBUG
                [http-nio-8085-exec-6] [f7c463ca-bb5a-4a1e-8fc7-09ff1e6c5480]
                o.s.web.servlet.DispatcherServlet - Completed 200 OK
2026-05-11 18:15:01.741 DEBUG
                [http-nio-8085-exec-3] [4a75ecaa-7f51-47dc-93af-3e925923ba7c]
                o.s.web.servlet.DispatcherServlet - GET "/MAHASBR/api/auth/registoryConcernData?page=0&size=10&sortBy=siNo", parameters={masked}
2026-05-11 18:15:01.741 DEBUG
                [http-nio-8085-exec-3] [4a75ecaa-7f51-47dc-93af-3e925923ba7c]
                o.s.w.s.m.m.a.RequestMappingHandlerMapping - Mapped to com.mahasbr.controller.PostLoginDashboardController#getConcernRegistryDetails(int, int, String)
2026-05-11 18:15:01.755 DEBUG
                [http-nio-8085-exec-3] [4a75ecaa-7f51-47dc-93af-3e925923ba7c]
                o.s.w.s.m.m.a.HttpEntityMethodProcessor - Using 'application/json', given [application/json, text/plain, */*] and supported [application/json, application/*+json]
2026-05-11 18:15:01.755 DEBUG
                [http-nio-8085-exec-3] [4a75ecaa-7f51-47dc-93af-3e925923ba7c]
                o.s.w.s.m.m.a.HttpEntityMethodProcessor - Writing [Page 1 of 0 containing UNKNOWN instances]
2026-05-11 18:15:01.756 DEBUG
                [http-nio-8085-exec-3] [4a75ecaa-7f51-47dc-93af-3e925923ba7c]
                o.s.web.servlet.DispatcherServlet - Completed 200 OK
2026-05-11 18:15:02.251 DEBUG
                [http-nio-8085-exec-4] [6a0f38c6-a9a7-41c9-b0d4-495b8f252b8b]
                o.s.web.servlet.DispatcherServlet - GET "/MAHASBR/api/auth/registoryDuplicateData?page=0&size=10&sortBy=siNo", parameters={masked}
2026-05-11 18:15:02.252 DEBUG
                [http-nio-8085-exec-4] [6a0f38c6-a9a7-41c9-b0d4-495b8f252b8b]
                o.s.w.s.m.m.a.RequestMappingHandlerMapping - Mapped to com.mahasbr.controller.PostLoginDashboardController#getDuplicateRegistryDetails(int, int, String)
2026-05-11 18:15:02.263 DEBUG
                [http-nio-8085-exec-4] [6a0f38c6-a9a7-41c9-b0d4-495b8f252b8b]
                o.s.w.s.m.m.a.HttpEntityMethodProcessor - Using 'application/json', given [application/json, text/plain, */*] and supported [application/json, application/*+json]
2026-05-11 18:15:02.263 DEBUG
                [http-nio-8085-exec-4] [6a0f38c6-a9a7-41c9-b0d4-495b8f252b8b]
                o.s.w.s.m.m.a.HttpEntityMethodProcessor - Writing [Page 1 of 0 containing UNKNOWN instances]
2026-05-11 18:15:02.264 DEBUG
                [http-nio-8085-exec-4] [6a0f38c6-a9a7-41c9-b0d4-495b8f252b8b]
                o.s.web.servlet.DispatcherServlet - Completed 200 OK
2026-05-11 18:15:04.698 DEBUG
                [http-nio-8085-exec-9] [c821411d-02e8-4fc4-baa5-31f50985dd0d]
                o.s.web.servlet.DispatcherServlet - GET "/MAHASBR/api/auth/registoryDuplicateData?page=0&size=10&sortBy=siNo", parameters={masked}
2026-05-11 18:15:04.698 DEBUG
                [http-nio-8085-exec-9] [c821411d-02e8-4fc4-baa5-31f50985dd0d]
                o.s.w.s.m.m.a.RequestMappingHandlerMapping - Mapped to com.mahasbr.controller.PostLoginDashboardController#getDuplicateRegistryDetails(int, int, String)
2026-05-11 18:15:04.708 DEBUG
                [http-nio-8085-exec-9] [c821411d-02e8-4fc4-baa5-31f50985dd0d]
                o.s.w.s.m.m.a.HttpEntityMethodProcessor - Using 'application/json', given [application/json, text/plain, */*] and supported [application/json, application/*+json]
2026-05-11 18:15:04.708 DEBUG
                [http-nio-8085-exec-9] [c821411d-02e8-4fc4-baa5-31f50985dd0d]
                o.s.w.s.m.m.a.HttpEntityMethodProcessor - Writing [Page 1 of 0 containing UNKNOWN instances]
2026-05-11 18:15:04.709 DEBUG
                [http-nio-8085-exec-9] [c821411d-02e8-4fc4-baa5-31f50985dd0d]
                o.s.web.servlet.DispatcherServlet - Completed 200 OK
2026-05-11 18:15:05.154 DEBUG
                [http-nio-8085-exec-7] [4fef8115-446f-4f42-8fe6-2c686311216f]
                o.s.web.servlet.DispatcherServlet - GET "/MAHASBR/api/auth/registoryConcernData?page=0&size=10&sortBy=siNo", parameters={masked}
2026-05-11 18:15:05.154 DEBUG
                [http-nio-8085-exec-7] [4fef8115-446f-4f42-8fe6-2c686311216f]
                o.s.w.s.m.m.a.RequestMappingHandlerMapping - Mapped to com.mahasbr.controller.PostLoginDashboardController#getConcernRegistryDetails(int, int, String)
2026-05-11 18:15:05.167 DEBUG
                [http-nio-8085-exec-7] [4fef8115-446f-4f42-8fe6-2c686311216f]
                o.s.w.s.m.m.a.HttpEntityMethodProcessor - Using 'application/json', given [application/json, text/plain, */*] and supported [application/json, application/*+json]
2026-05-11 18:15:05.167 DEBUG
                [http-nio-8085-exec-7] [4fef8115-446f-4f42-8fe6-2c686311216f]
                o.s.w.s.m.m.a.HttpEntityMethodProcessor - Writing [Page 1 of 0 containing UNKNOWN instances]
2026-05-11 18:15:05.167 DEBUG
                [http-nio-8085-exec-7] [4fef8115-446f-4f42-8fe6-2c686311216f]
                o.s.web.servlet.DispatcherServlet - Completed 200 OK
2026-05-11 18:15:06.082 DEBUG
                [http-nio-8085-exec-8] [38f7473a-8ded-49c4-8018-b4fe15b139fe]
                o.s.web.servlet.DispatcherServlet - GET "/MAHASBR/api/auth/registoryData?page=0&size=12&sortBy=siNo", parameters={masked}
2026-05-11 18:15:06.082 DEBUG
                [http-nio-8085-exec-8] [38f7473a-8ded-49c4-8018-b4fe15b139fe]
                o.s.w.s.m.m.a.RequestMappingHandlerMapping - Mapped to com.mahasbr.controller.PostLoginDashboardController#getMasterRegistoryDetails(Long, int)
2026-05-11 18:15:06.083 DEBUG
                [http-nio-8085-exec-2] [db1a8fe7-6293-48cf-9e49-dbb162a98d17]
                o.s.web.servlet.DispatcherServlet - GET "/MAHASBR/api/auth/districts", parameters={}
2026-05-11 18:15:06.083 DEBUG
                [http-nio-8085-exec-2] [db1a8fe7-6293-48cf-9e49-dbb162a98d17]
                o.s.w.s.m.m.a.RequestMappingHandlerMapping - Mapped to com.mahasbr.controller.PostLoginDashboardController#getAll()
2026-05-11 18:15:06.096 DEBUG
                [http-nio-8085-exec-8] [38f7473a-8ded-49c4-8018-b4fe15b139fe]
                o.s.w.s.m.m.a.ExceptionHandlerExceptionResolver - Using @ExceptionHandler com.mahasbr.config.ExceptionHandlerController#handleGlobalException(Exception, WebRequest)
2026-05-11 18:15:06.096 DEBUG
                [http-nio-8085-exec-8] [38f7473a-8ded-49c4-8018-b4fe15b139fe]
                o.s.w.s.m.m.a.HttpEntityMethodProcessor - Using 'application/json', given [application/json, text/plain, */*] and supported [text/plain, */*, application/json, application/*+json]
2026-05-11 18:15:06.096 DEBUG
                [http-nio-8085-exec-8] [38f7473a-8ded-49c4-8018-b4fe15b139fe]
                o.s.w.s.m.m.a.HttpEntityMethodProcessor - Writing ["Internal Server Error"]
2026-05-11 18:15:06.096 WARN 
                [http-nio-8085-exec-8] [38f7473a-8ded-49c4-8018-b4fe15b139fe]
                o.s.w.s.m.m.a.ExceptionHandlerExceptionResolver - Resolved [org.springframework.data.redis.RedisConnectionFailureException: Unable to connect to Redis]
2026-05-11 18:15:06.097 DEBUG
                [http-nio-8085-exec-8] [38f7473a-8ded-49c4-8018-b4fe15b139fe]
                o.s.web.servlet.DispatcherServlet - Completed 500 INTERNAL_SERVER_ERROR
2026-05-11 18:15:06.116 DEBUG
                [http-nio-8085-exec-2] [db1a8fe7-6293-48cf-9e49-dbb162a98d17]
                o.s.w.s.m.m.a.HttpEntityMethodProcessor - Using 'application/json', given [application/json, text/plain, */*] and supported [application/json, application/*+json]
2026-05-11 18:15:06.117 DEBUG
                [http-nio-8085-exec-2] [db1a8fe7-6293-48cf-9e49-dbb162a98d17]
                o.s.w.s.m.m.a.HttpEntityMethodProcessor - Writing [[DistrictMaster(districtId=373, censusDistrictCode=919, districtName=Palghar, censusStateCode=27, di (truncated)...]
2026-05-11 18:15:06.118 DEBUG
                [http-nio-8085-exec-2] [db1a8fe7-6293-48cf-9e49-dbb162a98d17]
                o.s.web.servlet.DispatcherServlet - Completed 200 OK
2026-05-11 18:15:06.759 DEBUG
                [http-nio-8085-exec-10] [85216160-04b9-4f86-b927-afbbbe9fd4d1]
                o.s.web.servlet.DispatcherServlet - GET "/MAHASBR/api/auth/registoryConcernData?page=0&size=10&sortBy=siNo", parameters={masked}
2026-05-11 18:15:06.759 DEBUG
                [http-nio-8085-exec-10] [85216160-04b9-4f86-b927-afbbbe9fd4d1]
                o.s.w.s.m.m.a.RequestMappingHandlerMapping - Mapped to com.mahasbr.controller.PostLoginDashboardController#getConcernRegistryDetails(int, int, String)
2026-05-11 18:15:06.771 DEBUG
                [http-nio-8085-exec-10] [85216160-04b9-4f86-b927-afbbbe9fd4d1]
                o.s.w.s.m.m.a.HttpEntityMethodProcessor - Using 'application/json', given [application/json, text/plain, */*] and supported [application/json, application/*+json]
2026-05-11 18:15:06.771 DEBUG
                [http-nio-8085-exec-10] [85216160-04b9-4f86-b927-afbbbe9fd4d1]
                o.s.w.s.m.m.a.HttpEntityMethodProcessor - Writing [Page 1 of 0 containing UNKNOWN instances]
2026-05-11 18:15:06.772 DEBUG
                [http-nio-8085-exec-10] [85216160-04b9-4f86-b927-afbbbe9fd4d1]
                o.s.web.servlet.DispatcherServlet - Completed 200 OK
2026-05-11 18:15:07.261 DEBUG
                [http-nio-8085-exec-5] [e79f4dc5-2491-40e5-815b-12f38d0fba1a]
                o.s.web.servlet.DispatcherServlet - GET "/MAHASBR/api/auth/registoryDuplicateData?page=0&size=10&sortBy=siNo", parameters={masked}
2026-05-11 18:15:07.261 DEBUG
                [http-nio-8085-exec-5] [e79f4dc5-2491-40e5-815b-12f38d0fba1a]
                o.s.w.s.m.m.a.RequestMappingHandlerMapping - Mapped to com.mahasbr.controller.PostLoginDashboardController#getDuplicateRegistryDetails(int, int, String)
2026-05-11 18:15:07.272 DEBUG
                [http-nio-8085-exec-5] [e79f4dc5-2491-40e5-815b-12f38d0fba1a]
                o.s.w.s.m.m.a.HttpEntityMethodProcessor - Using 'application/json', given [application/json, text/plain, */*] and supported [application/json, application/*+json]
2026-05-11 18:15:07.273 DEBUG
                [http-nio-8085-exec-5] [e79f4dc5-2491-40e5-815b-12f38d0fba1a]
                o.s.w.s.m.m.a.HttpEntityMethodProcessor - Writing [Page 1 of 0 containing UNKNOWN instances]
2026-05-11 18:15:07.273 DEBUG
                [http-nio-8085-exec-5] [e79f4dc5-2491-40e5-815b-12f38d0fba1a]
                o.s.web.servlet.DispatcherServlet - Completed 200 OK
2026-05-11 18:15:11.512 DEBUG
                [http-nio-8085-exec-1] [a6bb317b-7eaf-45ff-8f28-805a1926189f]
                o.s.web.servlet.DispatcherServlet - GET "/MAHASBR/api/auth/registoryDuplicateData?page=0&size=10&sortBy=siNo", parameters={masked}
2026-05-11 18:15:11.512 DEBUG
                [http-nio-8085-exec-1] [a6bb317b-7eaf-45ff-8f28-805a1926189f]
                o.s.w.s.m.m.a.RequestMappingHandlerMapping - Mapped to com.mahasbr.controller.PostLoginDashboardController#getDuplicateRegistryDetails(int, int, String)
2026-05-11 18:15:11.524 DEBUG
                [http-nio-8085-exec-1] [a6bb317b-7eaf-45ff-8f28-805a1926189f]
                o.s.w.s.m.m.a.HttpEntityMethodProcessor - Using 'application/json', given [application/json, text/plain, */*] and supported [application/json, application/*+json]
2026-05-11 18:15:11.525 DEBUG
                [http-nio-8085-exec-1] [a6bb317b-7eaf-45ff-8f28-805a1926189f]
                o.s.w.s.m.m.a.HttpEntityMethodProcessor - Writing [Page 1 of 0 containing UNKNOWN instances]
2026-05-11 18:15:11.525 DEBUG
                [http-nio-8085-exec-1] [a6bb317b-7eaf-45ff-8f28-805a1926189f]
                o.s.web.servlet.DispatcherServlet - Completed 200 OK
2026-05-11 18:15:12.900 DEBUG
                [http-nio-8085-exec-6] [0e761c4d-ad48-4736-918b-15c08740dd8c]
                o.s.web.servlet.DispatcherServlet - GET "/MAHASBR/api/auth/registoryConcernData?page=0&size=10&sortBy=siNo", parameters={masked}
2026-05-11 18:15:12.900 DEBUG
                [http-nio-8085-exec-6] [0e761c4d-ad48-4736-918b-15c08740dd8c]
                o.s.w.s.m.m.a.RequestMappingHandlerMapping - Mapped to com.mahasbr.controller.PostLoginDashboardController#getConcernRegistryDetails(int, int, String)
2026-05-11 18:15:12.914 DEBUG
                [http-nio-8085-exec-6] [0e761c4d-ad48-4736-918b-15c08740dd8c]
                o.s.w.s.m.m.a.HttpEntityMethodProcessor - Using 'application/json', given [application/json, text/plain, */*] and supported [application/json, application/*+json]
2026-05-11 18:15:12.914 DEBUG
                [http-nio-8085-exec-6] [0e761c4d-ad48-4736-918b-15c08740dd8c]
                o.s.w.s.m.m.a.HttpEntityMethodProcessor - Writing [Page 1 of 0 containing UNKNOWN instances]
2026-05-11 18:15:12.915 DEBUG
                [http-nio-8085-exec-6] [0e761c4d-ad48-4736-918b-15c08740dd8c]
                o.s.web.servlet.DispatcherServlet - Completed 200 OK
2026-05-11 18:15:16.684 DEBUG
                [http-nio-8085-exec-4] [1f5753b4-ad97-478a-97f0-32d416f9f3bb]
                o.s.web.servlet.DispatcherServlet - GET "/MAHASBR/api/auth/districts", parameters={}
2026-05-11 18:15:16.684 DEBUG
                [http-nio-8085-exec-4] [1f5753b4-ad97-478a-97f0-32d416f9f3bb]
                o.s.w.s.m.m.a.RequestMappingHandlerMapping - Mapped to com.mahasbr.controller.PostLoginDashboardController#getAll()
2026-05-11 18:15:16.687 DEBUG
                [http-nio-8085-exec-3] [4d62493a-7bea-4614-9270-fd6eab45fd4e]
                o.s.web.servlet.DispatcherServlet - GET "/MAHASBR/api/auth/registoryData?page=0&size=12&sortBy=siNo", parameters={masked}
2026-05-11 18:15:16.688 DEBUG
                [http-nio-8085-exec-3] [4d62493a-7bea-4614-9270-fd6eab45fd4e]
                o.s.w.s.m.m.a.RequestMappingHandlerMapping - Mapped to com.mahasbr.controller.PostLoginDashboardController#getMasterRegistoryDetails(Long, int)
2026-05-11 18:15:16.701 DEBUG
                [http-nio-8085-exec-3] [4d62493a-7bea-4614-9270-fd6eab45fd4e]
                o.s.w.s.m.m.a.ExceptionHandlerExceptionResolver - Using @ExceptionHandler com.mahasbr.config.ExceptionHandlerController#handleGlobalException(Exception, WebRequest)
2026-05-11 18:15:16.701 DEBUG
                [http-nio-8085-exec-3] [4d62493a-7bea-4614-9270-fd6eab45fd4e]
                o.s.w.s.m.m.a.HttpEntityMethodProcessor - Using 'application/json', given [application/json, text/plain, */*] and supported [text/plain, */*, application/json, application/*+json]
2026-05-11 18:15:16.701 DEBUG
                [http-nio-8085-exec-3] [4d62493a-7bea-4614-9270-fd6eab45fd4e]
                o.s.w.s.m.m.a.HttpEntityMethodProcessor - Writing ["Internal Server Error"]
2026-05-11 18:15:16.702 WARN 
                [http-nio-8085-exec-3] [4d62493a-7bea-4614-9270-fd6eab45fd4e]
                o.s.w.s.m.m.a.ExceptionHandlerExceptionResolver - Resolved [org.springframework.data.redis.RedisConnectionFailureException: Unable to connect to Redis]
2026-05-11 18:15:16.702 DEBUG
                [http-nio-8085-exec-3] [4d62493a-7bea-4614-9270-fd6eab45fd4e]
                o.s.web.servlet.DispatcherServlet - Completed 500 INTERNAL_SERVER_ERROR
2026-05-11 18:15:16.717 DEBUG
                [http-nio-8085-exec-4] [1f5753b4-ad97-478a-97f0-32d416f9f3bb]
                o.s.w.s.m.m.a.HttpEntityMethodProcessor - Using 'application/json', given [application/json, text/plain, */*] and supported [application/json, application/*+json]
2026-05-11 18:15:16.717 DEBUG
                [http-nio-8085-exec-4] [1f5753b4-ad97-478a-97f0-32d416f9f3bb]
                o.s.w.s.m.m.a.HttpEntityMethodProcessor - Writing [[DistrictMaster(districtId=373, censusDistrictCode=919, districtName=Palghar, censusStateCode=27, di (truncated)...]
2026-05-11 18:15:16.718 DEBUG
                [http-nio-8085-exec-4] [1f5753b4-ad97-478a-97f0-32d416f9f3bb]
                o.s.web.servlet.DispatcherServlet - Completed 200 OK
2026-05-11 18:17:14.771 ERROR
                [http-nio-8085-exec-2] [709caaca-7454-4a7e-b3e7-02e9b350deda]
                c.mahasbr.filter.AuthEntryPointJwt - Unauthorized error: Full authentication is required to access this resource
2026-05-11 18:17:14.771 ERROR
                [http-nio-8085-exec-2] [709caaca-7454-4a7e-b3e7-02e9b350deda]
                c.mahasbr.filter.AuthEntryPointJwt - Unauthorized error: Full authentication is required to access this resource
2026-05-11 18:17:14.771 DEBUG
                [http-nio-8085-exec-8] [a5f63310-56bc-45df-a33e-95b9554d8b2d]
                o.s.web.servlet.DispatcherServlet - GET "/MAHASBR/citizenSearch/menus/my", parameters={}
2026-05-11 18:17:14.771 DEBUG
                [http-nio-8085-exec-8] [a5f63310-56bc-45df-a33e-95b9554d8b2d]
                o.s.w.s.m.m.a.RequestMappingHandlerMapping - Mapped to com.mahasbr.controller.MenuController#getMyMenus(Authentication)
2026-05-11 18:17:14.771 DEBUG
                [http-nio-8085-exec-7] [a82f9461-e1a5-443a-81af-70c0dd037379]
                o.s.web.servlet.DispatcherServlet - GET "/MAHASBR/citizenSearch/visitor/summary", parameters={}
2026-05-11 18:17:14.772 DEBUG
                [http-nio-8085-exec-7] [a82f9461-e1a5-443a-81af-70c0dd037379]
                o.s.w.s.m.m.a.RequestMappingHandlerMapping - Mapped to com.mahasbr.controller.VisitorController#getVisitSummary()
2026-05-11 18:17:14.772 DEBUG
                [http-nio-8085-exec-8] [a5f63310-56bc-45df-a33e-95b9554d8b2d]
                o.s.w.s.m.m.a.HttpEntityMethodProcessor - Using 'application/json', given [application/json, text/plain, */*] and supported [application/json, application/*+json]
2026-05-11 18:17:14.771 ERROR
                [http-nio-8085-exec-10] [7448eabc-a898-400f-bb52-8bd914cd5c13]
                c.mahasbr.filter.AuthEntryPointJwt - Unauthorized error: Full authentication is required to access this resource
2026-05-11 18:17:14.772 ERROR
                [http-nio-8085-exec-10] [7448eabc-a898-400f-bb52-8bd914cd5c13]
                c.mahasbr.filter.AuthEntryPointJwt - Unauthorized error: Full authentication is required to access this resource
2026-05-11 18:17:14.773 ERROR
                [http-nio-8085-exec-10] []
                c.mahasbr.filter.AuthEntryPointJwt - Unauthorized error: Full authentication is required to access this resource
2026-05-11 18:17:14.774 ERROR
                [http-nio-8085-exec-10] []
                c.mahasbr.filter.AuthEntryPointJwt - Unauthorized error: Full authentication is required to access this resource
2026-05-11 18:17:14.772 DEBUG
                [http-nio-8085-exec-8] [a5f63310-56bc-45df-a33e-95b9554d8b2d]
                o.s.w.s.m.m.a.HttpEntityMethodProcessor - Writing [ApiResponse(success=false, message=Unauthorized, data=null)]
2026-05-11 18:17:14.775 ERROR
                [http-nio-8085-exec-2] []
                c.mahasbr.filter.AuthEntryPointJwt - Unauthorized error: Full authentication is required to access this resource
2026-05-11 18:17:14.775 ERROR
                [http-nio-8085-exec-2] []
                c.mahasbr.filter.AuthEntryPointJwt - Unauthorized error: Full authentication is required to access this resource
2026-05-11 18:17:14.776 DEBUG
                [http-nio-8085-exec-8] [a5f63310-56bc-45df-a33e-95b9554d8b2d]
                o.s.web.servlet.DispatcherServlet - Completed 401 UNAUTHORIZED
2026-05-11 18:17:14.792 DEBUG
                [http-nio-8085-exec-7] [a82f9461-e1a5-443a-81af-70c0dd037379]
                o.s.w.s.m.m.a.RequestResponseBodyMethodProcessor - Using 'application/json', given [application/json, text/plain, */*] and supported [application/json, application/*+json]
2026-05-11 18:17:14.792 DEBUG
                [http-nio-8085-exec-7] [a82f9461-e1a5-443a-81af-70c0dd037379]
                o.s.w.s.m.m.a.RequestResponseBodyMethodProcessor - Writing [{totalVisits=146, todayVisits=5}]
2026-05-11 18:17:14.793 DEBUG
                [http-nio-8085-exec-7] [a82f9461-e1a5-443a-81af-70c0dd037379]
                o.s.web.servlet.DispatcherServlet - Completed 200 OK
2026-05-11 18:17:15.935 DEBUG
                [http-nio-8085-exec-5] [fae44b8d-8609-42ec-a7b4-b86bed0b2b93]
                o.s.web.servlet.DispatcherServlet - GET "/MAHASBR/citizenSearch/visitor/summary", parameters={}
2026-05-11 18:17:15.936 DEBUG
                [http-nio-8085-exec-5] [fae44b8d-8609-42ec-a7b4-b86bed0b2b93]
                o.s.w.s.m.m.a.RequestMappingHandlerMapping - Mapped to com.mahasbr.controller.VisitorController#getVisitSummary()
2026-05-11 18:17:15.952 DEBUG
                [http-nio-8085-exec-5] [fae44b8d-8609-42ec-a7b4-b86bed0b2b93]
                o.s.w.s.m.m.a.RequestResponseBodyMethodProcessor - Using 'application/json', given [application/json, text/plain, */*] and supported [application/json, application/*+json]
2026-05-11 18:17:15.952 DEBUG
                [http-nio-8085-exec-5] [fae44b8d-8609-42ec-a7b4-b86bed0b2b93]
                o.s.w.s.m.m.a.RequestResponseBodyMethodProcessor - Writing [{totalVisits=146, todayVisits=5}]
2026-05-11 18:17:15.953 DEBUG
                [http-nio-8085-exec-5] [fae44b8d-8609-42ec-a7b4-b86bed0b2b93]
                o.s.web.servlet.DispatcherServlet - Completed 200 OK
2026-05-11 18:17:16.032 DEBUG
                [http-nio-8085-exec-1] [bd6b8516-5a59-44c5-806f-ccb6f4a60399]
                o.s.web.servlet.DispatcherServlet - GET "/MAHASBR/citizenSearch/menus/my", parameters={}
2026-05-11 18:17:16.034 DEBUG
                [http-nio-8085-exec-1] [bd6b8516-5a59-44c5-806f-ccb6f4a60399]
                o.s.w.s.m.m.a.RequestMappingHandlerMapping - Mapped to com.mahasbr.controller.MenuController#getMyMenus(Authentication)
2026-05-11 18:17:16.051 DEBUG
                [http-nio-8085-exec-1] [bd6b8516-5a59-44c5-806f-ccb6f4a60399]
                o.s.w.s.m.m.a.HttpEntityMethodProcessor - Using 'application/json', given [application/json, text/plain, */*] and supported [application/json, application/*+json]
2026-05-11 18:17:16.052 DEBUG
                [http-nio-8085-exec-1] [bd6b8516-5a59-44c5-806f-ccb6f4a60399]
                o.s.w.s.m.m.a.HttpEntityMethodProcessor - Writing [ApiResponse(success=true, message=Menus loaded successfully, data=[MenuDTO(id=18, nameEn=Dashboard,  (truncated)...]
2026-05-11 18:17:16.053 DEBUG
                [http-nio-8085-exec-1] [bd6b8516-5a59-44c5-806f-ccb6f4a60399]
                o.s.web.servlet.DispatcherServlet - Completed 200 OK
2026-05-11 18:17:16.054 DEBUG
                [http-nio-8085-exec-6] [e2f3de6b-20d7-40f8-a061-a16d2f88af83]
                o.s.web.servlet.DispatcherServlet - GET "/MAHASBR/api/auth/registoryData?page=0&size=12&sortBy=siNo", parameters={masked}
2026-05-11 18:17:16.054 DEBUG
                [http-nio-8085-exec-6] [e2f3de6b-20d7-40f8-a061-a16d2f88af83]
                o.s.w.s.m.m.a.RequestMappingHandlerMapping - Mapped to com.mahasbr.controller.PostLoginDashboardController#getMasterRegistoryDetails(Long, int)
2026-05-11 18:17:16.057 DEBUG
                [http-nio-8085-exec-3] [e70a4014-b8db-48d7-a44f-b070ce09f794]
                o.s.web.servlet.DispatcherServlet - GET "/MAHASBR/api/auth/districts", parameters={}
2026-05-11 18:17:16.057 DEBUG
                [http-nio-8085-exec-3] [e70a4014-b8db-48d7-a44f-b070ce09f794]
                o.s.w.s.m.m.a.RequestMappingHandlerMapping - Mapped to com.mahasbr.controller.PostLoginDashboardController#getAll()
2026-05-11 18:17:16.073 DEBUG
                [http-nio-8085-exec-6] [e2f3de6b-20d7-40f8-a061-a16d2f88af83]
                o.s.w.s.m.m.a.ExceptionHandlerExceptionResolver - Using @ExceptionHandler com.mahasbr.config.ExceptionHandlerController#handleGlobalException(Exception, WebRequest)
2026-05-11 18:17:16.074 DEBUG
                [http-nio-8085-exec-6] [e2f3de6b-20d7-40f8-a061-a16d2f88af83]
                o.s.w.s.m.m.a.HttpEntityMethodProcessor - Using 'application/json', given [application/json, text/plain, */*] and supported [text/plain, */*, application/json, application/*+json]
2026-05-11 18:17:16.074 DEBUG
                [http-nio-8085-exec-6] [e2f3de6b-20d7-40f8-a061-a16d2f88af83]
                o.s.w.s.m.m.a.HttpEntityMethodProcessor - Writing ["Internal Server Error"]
2026-05-11 18:17:16.074 WARN 
                [http-nio-8085-exec-6] [e2f3de6b-20d7-40f8-a061-a16d2f88af83]
                o.s.w.s.m.m.a.ExceptionHandlerExceptionResolver - Resolved [org.springframework.data.redis.RedisConnectionFailureException: Unable to connect to Redis]
2026-05-11 18:17:16.074 DEBUG
                [http-nio-8085-exec-6] [e2f3de6b-20d7-40f8-a061-a16d2f88af83]
                o.s.web.servlet.DispatcherServlet - Completed 500 INTERNAL_SERVER_ERROR
2026-05-11 18:17:16.095 DEBUG
                [http-nio-8085-exec-3] [e70a4014-b8db-48d7-a44f-b070ce09f794]
                o.s.w.s.m.m.a.HttpEntityMethodProcessor - Using 'application/json', given [application/json, text/plain, */*] and supported [application/json, application/*+json]
2026-05-11 18:17:16.095 DEBUG
                [http-nio-8085-exec-3] [e70a4014-b8db-48d7-a44f-b070ce09f794]
                o.s.w.s.m.m.a.HttpEntityMethodProcessor - Writing [[DistrictMaster(districtId=373, censusDistrictCode=919, districtName=Palghar, censusStateCode=27, di (truncated)...]
2026-05-11 18:17:16.096 DEBUG
                [http-nio-8085-exec-3] [e70a4014-b8db-48d7-a44f-b070ce09f794]
                o.s.web.servlet.DispatcherServlet - Completed 200 OK
2026-05-11 18:17:17.712 DEBUG
                [http-nio-8085-exec-4] [89694023-3334-47d4-9020-7b58e0b092ca]
                o.s.web.servlet.DispatcherServlet - GET "/MAHASBR/api/auth/registoryConcernData?page=0&size=10&sortBy=siNo", parameters={masked}
2026-05-11 18:17:17.712 DEBUG
                [http-nio-8085-exec-4] [89694023-3334-47d4-9020-7b58e0b092ca]
                o.s.w.s.m.m.a.RequestMappingHandlerMapping - Mapped to com.mahasbr.controller.PostLoginDashboardController#getConcernRegistryDetails(int, int, String)
2026-05-11 18:17:17.722 DEBUG
                [http-nio-8085-exec-4] [89694023-3334-47d4-9020-7b58e0b092ca]
                o.s.w.s.m.m.a.HttpEntityMethodProcessor - Using 'application/json', given [application/json, text/plain, */*] and supported [application/json, application/*+json]
2026-05-11 18:17:17.722 DEBUG
                [http-nio-8085-exec-4] [89694023-3334-47d4-9020-7b58e0b092ca]
                o.s.w.s.m.m.a.HttpEntityMethodProcessor - Writing [Page 1 of 0 containing UNKNOWN instances]
2026-05-11 18:17:17.722 DEBUG
                [http-nio-8085-exec-4] [89694023-3334-47d4-9020-7b58e0b092ca]
                o.s.web.servlet.DispatcherServlet - Completed 200 OK
2026-05-11 18:17:18.368 DEBUG
                [http-nio-8085-exec-9] [7b343f5b-67a0-4fc0-97bd-b116bbcaa54d]
                o.s.web.servlet.DispatcherServlet - GET "/MAHASBR/api/auth/registoryDuplicateData?page=0&size=10&sortBy=siNo", parameters={masked}
2026-05-11 18:17:18.368 DEBUG
                [http-nio-8085-exec-9] [7b343f5b-67a0-4fc0-97bd-b116bbcaa54d]
                o.s.w.s.m.m.a.RequestMappingHandlerMapping - Mapped to com.mahasbr.controller.PostLoginDashboardController#getDuplicateRegistryDetails(int, int, String)
2026-05-11 18:17:18.378 DEBUG
                [http-nio-8085-exec-9] [7b343f5b-67a0-4fc0-97bd-b116bbcaa54d]
                o.s.w.s.m.m.a.HttpEntityMethodProcessor - Using 'application/json', given [application/json, text/plain, */*] and supported [application/json, application/*+json]
2026-05-11 18:17:18.378 DEBUG
                [http-nio-8085-exec-9] [7b343f5b-67a0-4fc0-97bd-b116bbcaa54d]
                o.s.w.s.m.m.a.HttpEntityMethodProcessor - Writing [Page 1 of 0 containing UNKNOWN instances]
2026-05-11 18:17:18.378 DEBUG
                [http-nio-8085-exec-9] [7b343f5b-67a0-4fc0-97bd-b116bbcaa54d]
                o.s.web.servlet.DispatcherServlet - Completed 200 OK
2026-05-11 18:17:20.840 DEBUG
                [http-nio-8085-exec-10] [7386e266-be64-4ab9-8213-c6690d08596d]
                o.s.web.servlet.DispatcherServlet - GET "/MAHASBR/api/auth/registoryDuplicateData?page=0&size=10&sortBy=siNo", parameters={masked}
2026-05-11 18:17:20.840 DEBUG
                [http-nio-8085-exec-10] [7386e266-be64-4ab9-8213-c6690d08596d]
                o.s.w.s.m.m.a.RequestMappingHandlerMapping - Mapped to com.mahasbr.controller.PostLoginDashboardController#getDuplicateRegistryDetails(int, int, String)
2026-05-11 18:17:20.854 DEBUG
                [http-nio-8085-exec-10] [7386e266-be64-4ab9-8213-c6690d08596d]
                o.s.w.s.m.m.a.HttpEntityMethodProcessor - Using 'application/json', given [application/json, text/plain, */*] and supported [application/json, application/*+json]
2026-05-11 18:17:20.854 DEBUG
                [http-nio-8085-exec-10] [7386e266-be64-4ab9-8213-c6690d08596d]
                o.s.w.s.m.m.a.HttpEntityMethodProcessor - Writing [Page 1 of 0 containing UNKNOWN instances]
2026-05-11 18:17:20.855 DEBUG
                [http-nio-8085-exec-10] [7386e266-be64-4ab9-8213-c6690d08596d]
                o.s.web.servlet.DispatcherServlet - Completed 200 OK
2026-05-11 18:17:21.392 DEBUG
                [http-nio-8085-exec-2] [6357dde6-b54c-4958-b3ae-e315e81ef508]
                o.s.web.servlet.DispatcherServlet - GET "/MAHASBR/api/auth/registoryConcernData?page=0&size=10&sortBy=siNo", parameters={masked}
2026-05-11 18:17:21.392 DEBUG
                [http-nio-8085-exec-2] [6357dde6-b54c-4958-b3ae-e315e81ef508]
                o.s.w.s.m.m.a.RequestMappingHandlerMapping - Mapped to com.mahasbr.controller.PostLoginDashboardController#getConcernRegistryDetails(int, int, String)
2026-05-11 18:17:21.405 DEBUG
                [http-nio-8085-exec-2] [6357dde6-b54c-4958-b3ae-e315e81ef508]
                o.s.w.s.m.m.a.HttpEntityMethodProcessor - Using 'application/json', given [application/json, text/plain, */*] and supported [application/json, application/*+json]
2026-05-11 18:17:21.405 DEBUG
                [http-nio-8085-exec-2] [6357dde6-b54c-4958-b3ae-e315e81ef508]
                o.s.w.s.m.m.a.HttpEntityMethodProcessor - Writing [Page 1 of 0 containing UNKNOWN instances]
2026-05-11 18:17:21.406 DEBUG
                [http-nio-8085-exec-2] [6357dde6-b54c-4958-b3ae-e315e81ef508]
                o.s.web.servlet.DispatcherServlet - Completed 200 OK
2026-05-11 18:17:21.991 DEBUG
                [http-nio-8085-exec-7] [0d751f62-5fd8-405b-94ce-086856608956]
                o.s.web.servlet.DispatcherServlet - GET "/MAHASBR/api/auth/districts", parameters={}
2026-05-11 18:17:21.991 DEBUG
                [http-nio-8085-exec-8] [a2b69cde-5271-4bab-bbcf-548dd7627a46]
                o.s.web.servlet.DispatcherServlet - GET "/MAHASBR/api/auth/registoryData?page=0&size=12&sortBy=siNo", parameters={masked}
2026-05-11 18:17:21.992 DEBUG
                [http-nio-8085-exec-7] [0d751f62-5fd8-405b-94ce-086856608956]
                o.s.w.s.m.m.a.RequestMappingHandlerMapping - Mapped to com.mahasbr.controller.PostLoginDashboardController#getAll()
2026-05-11 18:17:21.992 DEBUG
                [http-nio-8085-exec-8] [a2b69cde-5271-4bab-bbcf-548dd7627a46]
                o.s.w.s.m.m.a.RequestMappingHandlerMapping - Mapped to com.mahasbr.controller.PostLoginDashboardController#getMasterRegistoryDetails(Long, int)
2026-05-11 18:17:22.006 DEBUG
                [http-nio-8085-exec-8] [a2b69cde-5271-4bab-bbcf-548dd7627a46]
                o.s.w.s.m.m.a.ExceptionHandlerExceptionResolver - Using @ExceptionHandler com.mahasbr.config.ExceptionHandlerController#handleGlobalException(Exception, WebRequest)
2026-05-11 18:17:22.006 DEBUG
                [http-nio-8085-exec-8] [a2b69cde-5271-4bab-bbcf-548dd7627a46]
                o.s.w.s.m.m.a.HttpEntityMethodProcessor - Using 'application/json', given [application/json, text/plain, */*] and supported [text/plain, */*, application/json, application/*+json]
2026-05-11 18:17:22.006 DEBUG
                [http-nio-8085-exec-8] [a2b69cde-5271-4bab-bbcf-548dd7627a46]
                o.s.w.s.m.m.a.HttpEntityMethodProcessor - Writing ["Internal Server Error"]
2026-05-11 18:17:22.007 WARN 
                [http-nio-8085-exec-8] [a2b69cde-5271-4bab-bbcf-548dd7627a46]
                o.s.w.s.m.m.a.ExceptionHandlerExceptionResolver - Resolved [org.springframework.data.redis.RedisConnectionFailureException: Unable to connect to Redis]
2026-05-11 18:17:22.007 DEBUG
                [http-nio-8085-exec-8] [a2b69cde-5271-4bab-bbcf-548dd7627a46]
                o.s.web.servlet.DispatcherServlet - Completed 500 INTERNAL_SERVER_ERROR
2026-05-11 18:17:22.024 DEBUG
                [http-nio-8085-exec-7] [0d751f62-5fd8-405b-94ce-086856608956]
                o.s.w.s.m.m.a.HttpEntityMethodProcessor - Using 'application/json', given [application/json, text/plain, */*] and supported [application/json, application/*+json]
2026-05-11 18:17:22.024 DEBUG
                [http-nio-8085-exec-7] [0d751f62-5fd8-405b-94ce-086856608956]
                o.s.w.s.m.m.a.HttpEntityMethodProcessor - Writing [[DistrictMaster(districtId=373, censusDistrictCode=919, districtName=Palghar, censusStateCode=27, di (truncated)...]
2026-05-11 18:17:22.025 DEBUG
                [http-nio-8085-exec-7] [0d751f62-5fd8-405b-94ce-086856608956]
                o.s.web.servlet.DispatcherServlet - Completed 200 OK
2026-05-11 18:17:23.362 DEBUG
                [http-nio-8085-exec-5] [70680d72-d479-490f-850e-5255d07c7c44]
                o.s.web.servlet.DispatcherServlet - GET "/MAHASBR/api/auth/registoryConcernData?page=0&size=10&sortBy=siNo", parameters={masked}
2026-05-11 18:17:23.363 DEBUG
                [http-nio-8085-exec-5] [70680d72-d479-490f-850e-5255d07c7c44]
                o.s.w.s.m.m.a.RequestMappingHandlerMapping - Mapped to com.mahasbr.controller.PostLoginDashboardController#getConcernRegistryDetails(int, int, String)
2026-05-11 18:17:23.374 DEBUG
                [http-nio-8085-exec-5] [70680d72-d479-490f-850e-5255d07c7c44]
                o.s.w.s.m.m.a.HttpEntityMethodProcessor - Using 'application/json', given [application/json, text/plain, */*] and supported [application/json, application/*+json]
2026-05-11 18:17:23.374 DEBUG
                [http-nio-8085-exec-5] [70680d72-d479-490f-850e-5255d07c7c44]
                o.s.w.s.m.m.a.HttpEntityMethodProcessor - Writing [Page 1 of 0 containing UNKNOWN instances]
2026-05-11 18:17:23.375 DEBUG
                [http-nio-8085-exec-5] [70680d72-d479-490f-850e-5255d07c7c44]
                o.s.web.servlet.DispatcherServlet - Completed 200 OK
2026-05-11 18:17:24.014 DEBUG
                [http-nio-8085-exec-1] [a18ff2b1-a088-49dc-a211-2956ddaff155]
                o.s.web.servlet.DispatcherServlet - GET "/MAHASBR/api/auth/registoryDuplicateData?page=0&size=10&sortBy=siNo", parameters={masked}
2026-05-11 18:17:24.014 DEBUG
                [http-nio-8085-exec-1] [a18ff2b1-a088-49dc-a211-2956ddaff155]
                o.s.w.s.m.m.a.RequestMappingHandlerMapping - Mapped to com.mahasbr.controller.PostLoginDashboardController#getDuplicateRegistryDetails(int, int, String)
2026-05-11 18:17:24.026 DEBUG
                [http-nio-8085-exec-1] [a18ff2b1-a088-49dc-a211-2956ddaff155]
                o.s.w.s.m.m.a.HttpEntityMethodProcessor - Using 'application/json', given [application/json, text/plain, */*] and supported [application/json, application/*+json]
2026-05-11 18:17:24.026 DEBUG
                [http-nio-8085-exec-1] [a18ff2b1-a088-49dc-a211-2956ddaff155]
                o.s.w.s.m.m.a.HttpEntityMethodProcessor - Writing [Page 1 of 0 containing UNKNOWN instances]
2026-05-11 18:17:24.027 DEBUG
                [http-nio-8085-exec-1] [a18ff2b1-a088-49dc-a211-2956ddaff155]
                o.s.web.servlet.DispatcherServlet - Completed 200 OK
2026-05-11 18:17:26.816 DEBUG
                [http-nio-8085-exec-6] [d3e9b8f4-7552-47ae-a8a2-4f1946aa89de]
                o.s.web.servlet.DispatcherServlet - GET "/MAHASBR/api/auth/registoryDuplicateData?page=0&size=10&sortBy=siNo", parameters={masked}
2026-05-11 18:17:26.817 DEBUG
                [http-nio-8085-exec-6] [d3e9b8f4-7552-47ae-a8a2-4f1946aa89de]
                o.s.w.s.m.m.a.RequestMappingHandlerMapping - Mapped to com.mahasbr.controller.PostLoginDashboardController#getDuplicateRegistryDetails(int, int, String)
2026-05-11 18:17:26.828 DEBUG
                [http-nio-8085-exec-6] [d3e9b8f4-7552-47ae-a8a2-4f1946aa89de]
                o.s.w.s.m.m.a.HttpEntityMethodProcessor - Using 'application/json', given [application/json, text/plain, */*] and supported [application/json, application/*+json]
2026-05-11 18:17:26.828 DEBUG
                [http-nio-8085-exec-6] [d3e9b8f4-7552-47ae-a8a2-4f1946aa89de]
                o.s.w.s.m.m.a.HttpEntityMethodProcessor - Writing [Page 1 of 0 containing UNKNOWN instances]
2026-05-11 18:17:26.829 DEBUG
                [http-nio-8085-exec-6] [d3e9b8f4-7552-47ae-a8a2-4f1946aa89de]
                o.s.web.servlet.DispatcherServlet - Completed 200 OK
2026-05-11 18:17:27.309 DEBUG
                [http-nio-8085-exec-3] [57c44f4e-e700-445a-9b55-d5b2c5f5ee1f]
                o.s.web.servlet.DispatcherServlet - GET "/MAHASBR/api/auth/registoryConcernData?page=0&size=10&sortBy=siNo", parameters={masked}
2026-05-11 18:17:27.310 DEBUG
                [http-nio-8085-exec-3] [57c44f4e-e700-445a-9b55-d5b2c5f5ee1f]
                o.s.w.s.m.m.a.RequestMappingHandlerMapping - Mapped to com.mahasbr.controller.PostLoginDashboardController#getConcernRegistryDetails(int, int, String)
2026-05-11 18:17:27.319 DEBUG
                [http-nio-8085-exec-3] [57c44f4e-e700-445a-9b55-d5b2c5f5ee1f]
                o.s.w.s.m.m.a.HttpEntityMethodProcessor - Using 'application/json', given [application/json, text/plain, */*] and supported [application/json, application/*+json]
2026-05-11 18:17:27.319 DEBUG
                [http-nio-8085-exec-3] [57c44f4e-e700-445a-9b55-d5b2c5f5ee1f]
                o.s.w.s.m.m.a.HttpEntityMethodProcessor - Writing [Page 1 of 0 containing UNKNOWN instances]
2026-05-11 18:17:27.320 DEBUG
                [http-nio-8085-exec-3] [57c44f4e-e700-445a-9b55-d5b2c5f5ee1f]
                o.s.web.servlet.DispatcherServlet - Completed 200 OK
2026-05-11 18:17:28.006 DEBUG
                [http-nio-8085-exec-4] [b909942a-2e21-46af-99eb-01587536439c]
                o.s.web.servlet.DispatcherServlet - GET "/MAHASBR/api/auth/registoryData?page=0&size=12&sortBy=siNo", parameters={masked}
2026-05-11 18:17:28.006 DEBUG
                [http-nio-8085-exec-4] [b909942a-2e21-46af-99eb-01587536439c]
                o.s.w.s.m.m.a.RequestMappingHandlerMapping - Mapped to com.mahasbr.controller.PostLoginDashboardController#getMasterRegistoryDetails(Long, int)
2026-05-11 18:17:28.010 DEBUG
                [http-nio-8085-exec-9] [d771d361-4317-4110-a11a-4a8a35b5c3dc]
                o.s.web.servlet.DispatcherServlet - GET "/MAHASBR/api/auth/districts", parameters={}
2026-05-11 18:17:28.010 DEBUG
                [http-nio-8085-exec-9] [d771d361-4317-4110-a11a-4a8a35b5c3dc]
                o.s.w.s.m.m.a.RequestMappingHandlerMapping - Mapped to com.mahasbr.controller.PostLoginDashboardController#getAll()
2026-05-11 18:17:28.018 DEBUG
                [http-nio-8085-exec-4] [b909942a-2e21-46af-99eb-01587536439c]
                o.s.w.s.m.m.a.ExceptionHandlerExceptionResolver - Using @ExceptionHandler com.mahasbr.config.ExceptionHandlerController#handleGlobalException(Exception, WebRequest)
2026-05-11 18:17:28.018 DEBUG
                [http-nio-8085-exec-4] [b909942a-2e21-46af-99eb-01587536439c]
                o.s.w.s.m.m.a.HttpEntityMethodProcessor - Using 'application/json', given [application/json, text/plain, */*] and supported [text/plain, */*, application/json, application/*+json]
2026-05-11 18:17:28.018 DEBUG
                [http-nio-8085-exec-4] [b909942a-2e21-46af-99eb-01587536439c]
                o.s.w.s.m.m.a.HttpEntityMethodProcessor - Writing ["Internal Server Error"]
2026-05-11 18:17:28.018 WARN 
                [http-nio-8085-exec-4] [b909942a-2e21-46af-99eb-01587536439c]
                o.s.w.s.m.m.a.ExceptionHandlerExceptionResolver - Resolved [org.springframework.data.redis.RedisConnectionFailureException: Unable to connect to Redis]
2026-05-11 18:17:28.019 DEBUG
                [http-nio-8085-exec-4] [b909942a-2e21-46af-99eb-01587536439c]
                o.s.web.servlet.DispatcherServlet - Completed 500 INTERNAL_SERVER_ERROR
2026-05-11 18:17:28.039 DEBUG
                [http-nio-8085-exec-9] [d771d361-4317-4110-a11a-4a8a35b5c3dc]
                o.s.w.s.m.m.a.HttpEntityMethodProcessor - Using 'application/json', given [application/json, text/plain, */*] and supported [application/json, application/*+json]
2026-05-11 18:17:28.039 DEBUG
                [http-nio-8085-exec-9] [d771d361-4317-4110-a11a-4a8a35b5c3dc]
                o.s.w.s.m.m.a.HttpEntityMethodProcessor - Writing [[DistrictMaster(districtId=373, censusDistrictCode=919, districtName=Palghar, censusStateCode=27, di (truncated)...]
2026-05-11 18:17:28.040 DEBUG
                [http-nio-8085-exec-9] [d771d361-4317-4110-a11a-4a8a35b5c3dc]
                o.s.web.servlet.DispatcherServlet - Completed 200 OK
2026-05-11 18:17:29.672 DEBUG
                [http-nio-8085-exec-10] [dd1d117c-b56b-4039-b9ee-fafc92bd5b47]
                o.s.web.servlet.DispatcherServlet - GET "/MAHASBR/api/auth/registoryConcernData?page=0&size=10&sortBy=siNo", parameters={masked}
2026-05-11 18:17:29.672 DEBUG
                [http-nio-8085-exec-10] [dd1d117c-b56b-4039-b9ee-fafc92bd5b47]
                o.s.w.s.m.m.a.RequestMappingHandlerMapping - Mapped to com.mahasbr.controller.PostLoginDashboardController#getConcernRegistryDetails(int, int, String)
2026-05-11 18:17:29.685 DEBUG
                [http-nio-8085-exec-10] [dd1d117c-b56b-4039-b9ee-fafc92bd5b47]
                o.s.w.s.m.m.a.HttpEntityMethodProcessor - Using 'application/json', given [application/json, text/plain, */*] and supported [application/json, application/*+json]
2026-05-11 18:17:29.685 DEBUG
                [http-nio-8085-exec-10] [dd1d117c-b56b-4039-b9ee-fafc92bd5b47]
                o.s.w.s.m.m.a.HttpEntityMethodProcessor - Writing [Page 1 of 0 containing UNKNOWN instances]
2026-05-11 18:17:29.686 DEBUG
                [http-nio-8085-exec-10] [dd1d117c-b56b-4039-b9ee-fafc92bd5b47]
                o.s.web.servlet.DispatcherServlet - Completed 200 OK
2026-05-11 18:17:30.352 DEBUG
                [http-nio-8085-exec-2] [ee3291e1-f170-4102-804b-ade4de591dfa]
                o.s.web.servlet.DispatcherServlet - GET "/MAHASBR/api/auth/registoryDuplicateData?page=0&size=10&sortBy=siNo", parameters={masked}
2026-05-11 18:17:30.352 DEBUG
                [http-nio-8085-exec-2] [ee3291e1-f170-4102-804b-ade4de591dfa]
                o.s.w.s.m.m.a.RequestMappingHandlerMapping - Mapped to com.mahasbr.controller.PostLoginDashboardController#getDuplicateRegistryDetails(int, int, String)
2026-05-11 18:17:30.364 DEBUG
                [http-nio-8085-exec-2] [ee3291e1-f170-4102-804b-ade4de591dfa]
                o.s.w.s.m.m.a.HttpEntityMethodProcessor - Using 'application/json', given [application/json, text/plain, */*] and supported [application/json, application/*+json]
2026-05-11 18:17:30.364 DEBUG
                [http-nio-8085-exec-2] [ee3291e1-f170-4102-804b-ade4de591dfa]
                o.s.w.s.m.m.a.HttpEntityMethodProcessor - Writing [Page 1 of 0 containing UNKNOWN instances]
2026-05-11 18:17:30.365 DEBUG
                [http-nio-8085-exec-2] [ee3291e1-f170-4102-804b-ade4de591dfa]
                o.s.web.servlet.DispatcherServlet - Completed 200 OK
2026-05-11 18:17:32.019 DEBUG
                [http-nio-8085-exec-8] [fee69679-54fe-46d3-adb1-5edc69c43f24]
                o.s.web.servlet.DispatcherServlet - GET "/MAHASBR/api/auth/registoryDuplicateData?page=0&size=10&sortBy=siNo", parameters={masked}
2026-05-11 18:17:32.019 DEBUG
                [http-nio-8085-exec-8] [fee69679-54fe-46d3-adb1-5edc69c43f24]
                o.s.w.s.m.m.a.RequestMappingHandlerMapping - Mapped to com.mahasbr.controller.PostLoginDashboardController#getDuplicateRegistryDetails(int, int, String)
2026-05-11 18:17:32.032 DEBUG
                [http-nio-8085-exec-8] [fee69679-54fe-46d3-adb1-5edc69c43f24]
                o.s.w.s.m.m.a.HttpEntityMethodProcessor - Using 'application/json', given [application/json, text/plain, */*] and supported [application/json, application/*+json]
2026-05-11 18:17:32.032 DEBUG
                [http-nio-8085-exec-8] [fee69679-54fe-46d3-adb1-5edc69c43f24]
                o.s.w.s.m.m.a.HttpEntityMethodProcessor - Writing [Page 1 of 0 containing UNKNOWN instances]
2026-05-11 18:17:32.032 DEBUG
                [http-nio-8085-exec-8] [fee69679-54fe-46d3-adb1-5edc69c43f24]
                o.s.web.servlet.DispatcherServlet - Completed 200 OK
2026-05-11 18:22:00.920 DEBUG
                [http-nio-8085-exec-6] [723a7d1d-7912-43a3-9ac4-a4638e2bbb29]
                o.s.web.servlet.DispatcherServlet - GET "/MAHASBR/citizenSearch/visitor/summary", parameters={}
2026-05-11 18:22:00.920 ERROR
                [http-nio-8085-exec-4] [320cdf31-cddd-4bff-941f-b71f9cf42866]
                c.mahasbr.filter.AuthEntryPointJwt - Unauthorized error: Full authentication is required to access this resource
2026-05-11 18:22:00.920 DEBUG
                [http-nio-8085-exec-3] [c9168926-38e0-4ebd-9fcb-17ecfb7d2fd8]
                o.s.web.servlet.DispatcherServlet - GET "/MAHASBR/citizenSearch/menus/my", parameters={}
2026-05-11 18:22:00.920 ERROR
                [http-nio-8085-exec-4] [320cdf31-cddd-4bff-941f-b71f9cf42866]
                c.mahasbr.filter.AuthEntryPointJwt - Unauthorized error: Full authentication is required to access this resource
2026-05-11 18:22:00.920 DEBUG
                [http-nio-8085-exec-6] [723a7d1d-7912-43a3-9ac4-a4638e2bbb29]
                o.s.w.s.m.m.a.RequestMappingHandlerMapping - Mapped to com.mahasbr.controller.VisitorController#getVisitSummary()
2026-05-11 18:22:00.920 DEBUG
                [http-nio-8085-exec-3] [c9168926-38e0-4ebd-9fcb-17ecfb7d2fd8]
                o.s.w.s.m.m.a.RequestMappingHandlerMapping - Mapped to com.mahasbr.controller.MenuController#getMyMenus(Authentication)
2026-05-11 18:22:00.921 DEBUG
                [http-nio-8085-exec-3] [c9168926-38e0-4ebd-9fcb-17ecfb7d2fd8]
                o.s.w.s.m.m.a.HttpEntityMethodProcessor - Using 'application/json', given [application/json, text/plain, */*] and supported [application/json, application/*+json]
2026-05-11 18:22:00.921 ERROR
                [http-nio-8085-exec-4] []
                c.mahasbr.filter.AuthEntryPointJwt - Unauthorized error: Full authentication is required to access this resource
2026-05-11 18:22:00.921 ERROR
                [http-nio-8085-exec-4] []
                c.mahasbr.filter.AuthEntryPointJwt - Unauthorized error: Full authentication is required to access this resource
2026-05-11 18:22:00.923 DEBUG
                [http-nio-8085-exec-3] [c9168926-38e0-4ebd-9fcb-17ecfb7d2fd8]
                o.s.w.s.m.m.a.HttpEntityMethodProcessor - Writing [ApiResponse(success=false, message=Unauthorized, data=null)]
2026-05-11 18:22:00.924 DEBUG
                [http-nio-8085-exec-3] [c9168926-38e0-4ebd-9fcb-17ecfb7d2fd8]
                o.s.web.servlet.DispatcherServlet - Completed 401 UNAUTHORIZED
2026-05-11 18:22:00.940 DEBUG
                [http-nio-8085-exec-6] [723a7d1d-7912-43a3-9ac4-a4638e2bbb29]
                o.s.w.s.m.m.a.RequestResponseBodyMethodProcessor - Using 'application/json', given [application/json, text/plain, */*] and supported [application/json, application/*+json]
2026-05-11 18:22:00.940 DEBUG
                [http-nio-8085-exec-6] [723a7d1d-7912-43a3-9ac4-a4638e2bbb29]
                o.s.w.s.m.m.a.RequestResponseBodyMethodProcessor - Writing [{totalVisits=146, todayVisits=5}]
2026-05-11 18:22:00.941 DEBUG
                [http-nio-8085-exec-6] [723a7d1d-7912-43a3-9ac4-a4638e2bbb29]
                o.s.web.servlet.DispatcherServlet - Completed 200 OK
2026-05-11 18:22:01.905 DEBUG
                [http-nio-8085-exec-9] [99e7ee1a-357b-4106-8faa-bc6e0c47e044]
                o.s.web.servlet.DispatcherServlet - GET "/MAHASBR/citizenSearch/visitor/summary", parameters={}
2026-05-11 18:22:01.905 DEBUG
                [http-nio-8085-exec-9] [99e7ee1a-357b-4106-8faa-bc6e0c47e044]
                o.s.w.s.m.m.a.RequestMappingHandlerMapping - Mapped to com.mahasbr.controller.VisitorController#getVisitSummary()
2026-05-11 18:22:01.917 DEBUG
                [http-nio-8085-exec-9] [99e7ee1a-357b-4106-8faa-bc6e0c47e044]
                o.s.w.s.m.m.a.RequestResponseBodyMethodProcessor - Using 'application/json', given [application/json, text/plain, */*] and supported [application/json, application/*+json]
2026-05-11 18:22:01.917 DEBUG
                [http-nio-8085-exec-9] [99e7ee1a-357b-4106-8faa-bc6e0c47e044]
                o.s.w.s.m.m.a.RequestResponseBodyMethodProcessor - Writing [{totalVisits=146, todayVisits=5}]
2026-05-11 18:22:01.918 DEBUG
                [http-nio-8085-exec-9] [99e7ee1a-357b-4106-8faa-bc6e0c47e044]
                o.s.web.servlet.DispatcherServlet - Completed 200 OK
2026-05-11 18:22:02.467 DEBUG
                [http-nio-8085-exec-10] [26a321fa-a171-42f9-b923-c146823ee1c0]
                o.s.web.servlet.DispatcherServlet - GET "/MAHASBR/citizenSearch/menus/my", parameters={}
2026-05-11 18:22:02.467 DEBUG
                [http-nio-8085-exec-2] [8b09f73d-73fe-4677-813b-139cf6410696]
                o.s.web.servlet.DispatcherServlet - GET "/MAHASBR/api/auth/registoryDuplicateData?page=0&size=10&sortBy=siNo", parameters={masked}
2026-05-11 18:22:02.467 DEBUG
                [http-nio-8085-exec-10] [26a321fa-a171-42f9-b923-c146823ee1c0]
                o.s.w.s.m.m.a.RequestMappingHandlerMapping - Mapped to com.mahasbr.controller.MenuController#getMyMenus(Authentication)
2026-05-11 18:22:02.468 DEBUG
                [http-nio-8085-exec-2] [8b09f73d-73fe-4677-813b-139cf6410696]
                o.s.w.s.m.m.a.RequestMappingHandlerMapping - Mapped to com.mahasbr.controller.PostLoginDashboardController#getDuplicateRegistryDetails(int, int, String)
2026-05-11 18:22:02.479 DEBUG
                [http-nio-8085-exec-2] [8b09f73d-73fe-4677-813b-139cf6410696]
                o.s.w.s.m.m.a.HttpEntityMethodProcessor - Using 'application/json', given [application/json, text/plain, */*] and supported [application/json, application/*+json]
2026-05-11 18:22:02.479 DEBUG
                [http-nio-8085-exec-2] [8b09f73d-73fe-4677-813b-139cf6410696]
                o.s.w.s.m.m.a.HttpEntityMethodProcessor - Writing [Page 1 of 0 containing UNKNOWN instances]
2026-05-11 18:22:02.479 DEBUG
                [http-nio-8085-exec-2] [8b09f73d-73fe-4677-813b-139cf6410696]
                o.s.web.servlet.DispatcherServlet - Completed 200 OK
2026-05-11 18:22:02.482 DEBUG
                [http-nio-8085-exec-10] [26a321fa-a171-42f9-b923-c146823ee1c0]
                o.s.w.s.m.m.a.HttpEntityMethodProcessor - Using 'application/json', given [application/json, text/plain, */*] and supported [application/json, application/*+json]
2026-05-11 18:22:02.482 DEBUG
                [http-nio-8085-exec-10] [26a321fa-a171-42f9-b923-c146823ee1c0]
                o.s.w.s.m.m.a.HttpEntityMethodProcessor - Writing [ApiResponse(success=true, message=Menus loaded successfully, data=[MenuDTO(id=18, nameEn=Dashboard,  (truncated)...]
2026-05-11 18:22:02.483 DEBUG
                [http-nio-8085-exec-10] [26a321fa-a171-42f9-b923-c146823ee1c0]
                o.s.web.servlet.DispatcherServlet - Completed 200 OK
2026-05-11 18:23:25.550 DEBUG
                [http-nio-8085-exec-4] [70f2a183-5ae1-412a-8839-f0116efe2608]
                o.s.web.servlet.DispatcherServlet - GET "/MAHASBR/api/auth/districts", parameters={}
2026-05-11 18:23:25.550 DEBUG
                [http-nio-8085-exec-4] [70f2a183-5ae1-412a-8839-f0116efe2608]
                o.s.w.s.m.m.a.RequestMappingHandlerMapping - Mapped to com.mahasbr.controller.PostLoginDashboardController#getAll()
2026-05-11 18:23:25.552 DEBUG
                [http-nio-8085-exec-3] [5900d8e0-cc10-4c84-9868-5bd4caa8b86c]
                o.s.web.servlet.DispatcherServlet - GET "/MAHASBR/api/auth/registoryData?page=0&size=12&sortBy=siNo", parameters={masked}
2026-05-11 18:23:25.552 DEBUG
                [http-nio-8085-exec-3] [5900d8e0-cc10-4c84-9868-5bd4caa8b86c]
                o.s.w.s.m.m.a.RequestMappingHandlerMapping - Mapped to com.mahasbr.controller.PostLoginDashboardController#getMasterRegistoryDetails(Long, int)
2026-05-11 18:23:25.565 DEBUG
                [http-nio-8085-exec-3] [5900d8e0-cc10-4c84-9868-5bd4caa8b86c]
                o.s.w.s.m.m.a.ExceptionHandlerExceptionResolver - Using @ExceptionHandler com.mahasbr.config.ExceptionHandlerController#handleGlobalException(Exception, WebRequest)
2026-05-11 18:23:25.566 DEBUG
                [http-nio-8085-exec-3] [5900d8e0-cc10-4c84-9868-5bd4caa8b86c]
                o.s.w.s.m.m.a.HttpEntityMethodProcessor - Using 'application/json', given [application/json, text/plain, */*] and supported [text/plain, */*, application/json, application/*+json]
2026-05-11 18:23:25.566 DEBUG
                [http-nio-8085-exec-3] [5900d8e0-cc10-4c84-9868-5bd4caa8b86c]
                o.s.w.s.m.m.a.HttpEntityMethodProcessor - Writing ["Internal Server Error"]
2026-05-11 18:23:25.566 WARN 
                [http-nio-8085-exec-3] [5900d8e0-cc10-4c84-9868-5bd4caa8b86c]
                o.s.w.s.m.m.a.ExceptionHandlerExceptionResolver - Resolved [org.springframework.data.redis.RedisConnectionFailureException: Unable to connect to Redis]
2026-05-11 18:23:25.566 DEBUG
                [http-nio-8085-exec-3] [5900d8e0-cc10-4c84-9868-5bd4caa8b86c]
                o.s.web.servlet.DispatcherServlet - Completed 500 INTERNAL_SERVER_ERROR
2026-05-11 18:23:25.576 DEBUG
                [http-nio-8085-exec-4] [70f2a183-5ae1-412a-8839-f0116efe2608]
                o.s.w.s.m.m.a.HttpEntityMethodProcessor - Using 'application/json', given [application/json, text/plain, */*] and supported [application/json, application/*+json]
2026-05-11 18:23:25.576 DEBUG
                [http-nio-8085-exec-4] [70f2a183-5ae1-412a-8839-f0116efe2608]
                o.s.w.s.m.m.a.HttpEntityMethodProcessor - Writing [[DistrictMaster(districtId=373, censusDistrictCode=919, districtName=Palghar, censusStateCode=27, di (truncated)...]
2026-05-11 18:23:25.577 DEBUG
                [http-nio-8085-exec-4] [70f2a183-5ae1-412a-8839-f0116efe2608]
                o.s.web.servlet.DispatcherServlet - Completed 200 OK
2026-05-11 18:24:12.368 DEBUG
                [Thread-8] []
                o.s.d.r.l.RedisMessageListenerContainer - Stopped RedisMessageListenerContainer
2026-05-11 18:24:12.384 INFO 
                [Thread-8] []
                com.zaxxer.hikari.HikariDataSource - HikariPool-1 - Shutdown initiated...
2026-05-11 18:24:12.432 INFO 
                [Thread-8] []
                com.zaxxer.hikari.HikariDataSource - HikariPool-1 - Shutdown completed.
2026-05-11 18:24:29.925 INFO 
                [restartedMain] []
                c.m.SbrBackEndProjectApplication - Starting SbrBackEndProjectApplication using Java 21.0.5 with PID 10416 (E:\SBR_Workspace\MAHASBR\target\classes started by Jitendra.Ghasle in E:\SBR_Workspace\MAHASBR)
2026-05-11 18:24:29.925 INFO 
                [restartedMain] []
                c.m.SbrBackEndProjectApplication - The following 1 profile is active: "prod"
2026-05-11 18:24:31.155 INFO 
                [restartedMain] []
                com.zaxxer.hikari.HikariDataSource - HikariPool-2 - Starting...
2026-05-11 18:24:31.283 INFO 
                [restartedMain] []
                com.zaxxer.hikari.pool.HikariPool - HikariPool-2 - Added connection oracle.jdbc.driver.T4CConnection@5a49234b
2026-05-11 18:24:31.283 INFO 
                [restartedMain] []
                com.zaxxer.hikari.HikariDataSource - HikariPool-2 - Start completed.
2026-05-11 18:24:32.653 DEBUG
                [restartedMain] []
                o.s.b.w.s.ServletContextInitializerBeans - Mapping filters: springSecurityFilterChain urls=[/*] order=-100, XssFilter urls=[/*] order=1, characterEncodingFilter urls=[/*] order=-2147483648, formContentFilter urls=[/*] order=-9900, requestContextFilter urls=[/*] order=-105, authenticationJwtTokenFilter urls=[/*] order=2147483647, xssFilter urls=[/*] order=2147483647, correlationIdFilter urls=[/*] order=2147483647
2026-05-11 18:24:32.653 DEBUG
                [restartedMain] []
                o.s.b.w.s.ServletContextInitializerBeans - Mapping servlets: dispatcherServlet urls=[/]
2026-05-11 18:24:33.722 WARN 
                [restartedMain] []
                o.s.b.a.o.j.JpaBaseConfiguration$JpaWebConfiguration - spring.jpa.open-in-view is enabled by default. Therefore, database queries may be performed during view rendering. Explicitly configure spring.jpa.open-in-view to disable this warning
2026-05-11 18:24:33.789 DEBUG
                [restartedMain] []
                o.s.w.s.m.m.a.RequestMappingHandlerMapping - 156 mappings in 'requestMappingHandlerMapping'
2026-05-11 18:24:33.870 INFO 
                [restartedMain] []
                c.mahasbr.security.WebSecurityConfig - Configuring HTTP Security...
2026-05-11 18:24:34.931 DEBUG
                [restartedMain] []
                o.s.w.s.h.SimpleUrlHandlerMapping - Patterns [/webjars/**, /**, /swagger-ui*/*swagger-initializer.js, /swagger-ui*/**] in 'resourceHandlerMapping'
2026-05-11 18:24:35.062 DEBUG
                [restartedMain] []
                o.s.w.s.m.m.a.RequestMappingHandlerAdapter - ControllerAdvice beans: 0 @ModelAttribute, 0 @InitBinder, 1 RequestBodyAdvice, 1 ResponseBodyAdvice
2026-05-11 18:24:35.076 DEBUG
                [restartedMain] []
                o.s.w.s.m.m.a.ExceptionHandlerExceptionResolver - ControllerAdvice beans: 3 @ExceptionHandler, 1 ResponseBodyAdvice
2026-05-11 18:24:35.194 DEBUG
                [restartedMain] []
                o.s.d.r.l.RedisMessageListenerContainer - Starting RedisMessageListenerContainer...
2026-05-11 18:24:35.194 DEBUG
                [restartedMain] []
                o.s.d.r.l.RedisMessageListenerContainer - Postpone listening for Redis messages until actual listeners are added
2026-05-11 18:24:36.029 INFO 
                [restartedMain] []
                c.m.SbrBackEndProjectApplication - Started SbrBackEndProjectApplication in 6.637 seconds (process running for 1302.479)
2026-05-11 18:27:45.532 DEBUG
                [RMI TCP Connection(33)-127.0.0.1] []
                o.s.d.r.l.RedisMessageListenerContainer - Stopped RedisMessageListenerContainer
2026-05-11 18:27:45.552 INFO 
                [RMI TCP Connection(33)-127.0.0.1] []
                com.zaxxer.hikari.HikariDataSource - HikariPool-2 - Shutdown initiated...
2026-05-11 18:27:45.610 INFO 
                [RMI TCP Connection(33)-127.0.0.1] []
                com.zaxxer.hikari.HikariDataSource - HikariPool-2 - Shutdown completed.
2026-05-11 18:28:08.271 INFO 
                [restartedMain] []
                c.m.SbrBackEndProjectApplication - Starting SbrBackEndProjectApplication using Java 17.0.12 with PID 31132 (E:\SBR_Workspace\MAHASBR\target\classes started by Jitendra.Ghasle in E:\SBR_Workspace\MAHASBR)
2026-05-11 18:28:08.274 INFO 
                [restartedMain] []
                c.m.SbrBackEndProjectApplication - The following 1 profile is active: "prod"
2026-05-11 18:28:13.119 INFO 
                [restartedMain] []
                com.zaxxer.hikari.HikariDataSource - HikariPool-1 - Starting...
2026-05-11 18:28:14.015 INFO 
                [restartedMain] []
                com.zaxxer.hikari.pool.HikariPool - HikariPool-1 - Added connection oracle.jdbc.driver.T4CConnection@49c6fa22
2026-05-11 18:28:14.018 INFO 
                [restartedMain] []
                com.zaxxer.hikari.HikariDataSource - HikariPool-1 - Start completed.
2026-05-11 18:28:18.846 DEBUG
                [restartedMain] []
                o.s.b.w.s.ServletContextInitializerBeans - Mapping filters: springSecurityFilterChain urls=[/*] order=-100, XssFilter urls=[/*] order=1, characterEncodingFilter urls=[/*] order=-2147483648, formContentFilter urls=[/*] order=-9900, requestContextFilter urls=[/*] order=-105, authenticationJwtTokenFilter urls=[/*] order=2147483647, xssFilter urls=[/*] order=2147483647, correlationIdFilter urls=[/*] order=2147483647
2026-05-11 18:28:18.847 DEBUG
                [restartedMain] []
                o.s.b.w.s.ServletContextInitializerBeans - Mapping servlets: dispatcherServlet urls=[/]
2026-05-11 18:28:29.655 WARN 
                [restartedMain] []
                o.s.b.a.o.j.JpaBaseConfiguration$JpaWebConfiguration - spring.jpa.open-in-view is enabled by default. Therefore, database queries may be performed during view rendering. Explicitly configure spring.jpa.open-in-view to disable this warning
2026-05-11 18:28:29.799 DEBUG
                [restartedMain] []
                o.s.w.s.m.m.a.RequestMappingHandlerMapping - 156 mappings in 'requestMappingHandlerMapping'
2026-05-11 18:28:30.894 INFO 
                [restartedMain] []
                c.mahasbr.security.WebSecurityConfig - Configuring HTTP Security...
2026-05-11 18:28:33.238 DEBUG
                [restartedMain] []
                o.s.w.s.h.SimpleUrlHandlerMapping - Patterns [/webjars/**, /**, /swagger-ui*/*swagger-initializer.js, /swagger-ui*/**] in 'resourceHandlerMapping'
2026-05-11 18:28:33.803 DEBUG
                [restartedMain] []
                o.s.w.s.m.m.a.RequestMappingHandlerAdapter - ControllerAdvice beans: 0 @ModelAttribute, 0 @InitBinder, 1 RequestBodyAdvice, 1 ResponseBodyAdvice
2026-05-11 18:28:33.863 DEBUG
                [restartedMain] []
                o.s.w.s.m.m.a.ExceptionHandlerExceptionResolver - ControllerAdvice beans: 3 @ExceptionHandler, 1 ResponseBodyAdvice
2026-05-11 18:28:34.138 DEBUG
                [restartedMain] []
                o.s.d.r.l.RedisMessageListenerContainer - Starting RedisMessageListenerContainer...
2026-05-11 18:28:34.141 DEBUG
                [restartedMain] []
                o.s.d.r.l.RedisMessageListenerContainer - Postpone listening for Redis messages until actual listeners are added
2026-05-11 18:28:36.652 INFO 
                [restartedMain] []
                c.m.SbrBackEndProjectApplication - Started SbrBackEndProjectApplication in 29.012 seconds (process running for 31.592)
2026-05-11 18:29:50.405 INFO 
                [http-nio-8085-exec-4] []
                o.s.web.servlet.DispatcherServlet - Initializing Servlet 'dispatcherServlet'
2026-05-11 18:29:50.407 DEBUG
                [http-nio-8085-exec-4] []
                o.s.web.servlet.DispatcherServlet - Detected StandardServletMultipartResolver
2026-05-11 18:29:50.407 DEBUG
                [http-nio-8085-exec-4] []
                o.s.web.servlet.DispatcherServlet - Detected AcceptHeaderLocaleResolver
2026-05-11 18:29:50.408 DEBUG
                [http-nio-8085-exec-4] []
                o.s.web.servlet.DispatcherServlet - Detected FixedThemeResolver
2026-05-11 18:29:50.410 DEBUG
                [http-nio-8085-exec-4] []
                o.s.web.servlet.DispatcherServlet - Detected org.springframework.web.servlet.view.DefaultRequestToViewNameTranslator@4dd3efc6
2026-05-11 18:29:50.411 DEBUG
                [http-nio-8085-exec-4] []
                o.s.web.servlet.DispatcherServlet - Detected org.springframework.web.servlet.support.SessionFlashMapManager@10d80563
2026-05-11 18:29:50.412 DEBUG
                [http-nio-8085-exec-4] []
                o.s.web.servlet.DispatcherServlet - enableLoggingRequestDetails='false': request parameters and headers will be masked to prevent unsafe logging of potentially sensitive data
2026-05-11 18:29:50.413 INFO 
                [http-nio-8085-exec-4] []
                o.s.web.servlet.DispatcherServlet - Completed initialization in 7 ms
2026-05-11 18:29:50.796 ERROR
                [http-nio-8085-exec-4] [ae4c5337-783e-4e17-a08b-b537fedcf89a]
                c.mahasbr.filter.AuthEntryPointJwt - Unauthorized error: Full authentication is required to access this resource
2026-05-11 18:29:50.797 ERROR
                [http-nio-8085-exec-4] [ae4c5337-783e-4e17-a08b-b537fedcf89a]
                c.mahasbr.filter.AuthEntryPointJwt - Unauthorized error: Full authentication is required to access this resource
2026-05-11 18:29:50.797 ERROR
                [http-nio-8085-exec-1] [b84742c6-7cef-4460-b728-4eb346a2d398]
                c.mahasbr.filter.AuthEntryPointJwt - Unauthorized error: Full authentication is required to access this resource
2026-05-11 18:29:50.798 DEBUG
                [http-nio-8085-exec-5] [b6f050e1-33da-4fcb-a774-b40a31854eae]
                o.s.web.servlet.DispatcherServlet - GET "/MAHASBR/citizenSearch/visitor/summary", parameters={}
2026-05-11 18:29:50.798 DEBUG
                [http-nio-8085-exec-6] [8e58b8a8-fce3-48b3-a70e-df119281dcfe]
                o.s.web.servlet.DispatcherServlet - GET "/MAHASBR/citizenSearch/menus/my", parameters={}
2026-05-11 18:29:50.803 DEBUG
                [http-nio-8085-exec-5] [b6f050e1-33da-4fcb-a774-b40a31854eae]
                o.s.w.s.m.m.a.RequestMappingHandlerMapping - Mapped to com.mahasbr.controller.VisitorController#getVisitSummary()
2026-05-11 18:29:50.799 ERROR
                [http-nio-8085-exec-1] [b84742c6-7cef-4460-b728-4eb346a2d398]
                c.mahasbr.filter.AuthEntryPointJwt - Unauthorized error: Full authentication is required to access this resource
2026-05-11 18:29:50.803 DEBUG
                [http-nio-8085-exec-6] [8e58b8a8-fce3-48b3-a70e-df119281dcfe]
                o.s.w.s.m.m.a.RequestMappingHandlerMapping - Mapped to com.mahasbr.controller.MenuController#getMyMenus(Authentication)
2026-05-11 18:29:50.810 ERROR
                [http-nio-8085-exec-4] []
                c.mahasbr.filter.AuthEntryPointJwt - Unauthorized error: Full authentication is required to access this resource
2026-05-11 18:29:50.811 ERROR
                [http-nio-8085-exec-4] []
                c.mahasbr.filter.AuthEntryPointJwt - Unauthorized error: Full authentication is required to access this resource
2026-05-11 18:29:50.811 ERROR
                [http-nio-8085-exec-1] []
                c.mahasbr.filter.AuthEntryPointJwt - Unauthorized error: Full authentication is required to access this resource
2026-05-11 18:29:50.813 ERROR
                [http-nio-8085-exec-1] []
                c.mahasbr.filter.AuthEntryPointJwt - Unauthorized error: Full authentication is required to access this resource
2026-05-11 18:29:50.880 DEBUG
                [http-nio-8085-exec-5] [b6f050e1-33da-4fcb-a774-b40a31854eae]
                o.s.w.s.m.m.a.RequestResponseBodyMethodProcessor - Using 'application/json', given [application/json, text/plain, */*] and supported [application/json, application/*+json]
2026-05-11 18:29:50.881 DEBUG
                [http-nio-8085-exec-6] [8e58b8a8-fce3-48b3-a70e-df119281dcfe]
                o.s.w.s.m.m.a.HttpEntityMethodProcessor - Using 'application/json', given [application/json, text/plain, */*] and supported [application/json, application/*+json]
2026-05-11 18:29:50.883 DEBUG
                [http-nio-8085-exec-5] [b6f050e1-33da-4fcb-a774-b40a31854eae]
                o.s.w.s.m.m.a.RequestResponseBodyMethodProcessor - Writing [{totalVisits=146, todayVisits=5}]
2026-05-11 18:29:50.884 DEBUG
                [http-nio-8085-exec-6] [8e58b8a8-fce3-48b3-a70e-df119281dcfe]
                o.s.w.s.m.m.a.HttpEntityMethodProcessor - Writing [ApiResponse(success=false, message=Unauthorized, data=null)]
2026-05-11 18:29:50.906 DEBUG
                [http-nio-8085-exec-6] [8e58b8a8-fce3-48b3-a70e-df119281dcfe]
                o.s.web.servlet.DispatcherServlet - Completed 401 UNAUTHORIZED
2026-05-11 18:29:50.910 DEBUG
                [http-nio-8085-exec-5] [b6f050e1-33da-4fcb-a774-b40a31854eae]
                o.s.web.servlet.DispatcherServlet - Completed 200 OK
2026-05-11 18:29:57.544 DEBUG
                [http-nio-8085-exec-10] [418c6f69-b3e8-44f8-bfdb-72c03269d5e0]
                o.s.web.servlet.DispatcherServlet - GET "/MAHASBR/citizenSearch/visitor/summary", parameters={}
2026-05-11 18:29:57.544 DEBUG
                [http-nio-8085-exec-10] [418c6f69-b3e8-44f8-bfdb-72c03269d5e0]
                o.s.w.s.m.m.a.RequestMappingHandlerMapping - Mapped to com.mahasbr.controller.VisitorController#getVisitSummary()
2026-05-11 18:29:57.557 DEBUG
                [http-nio-8085-exec-2] [3b5156ac-e788-4709-b06d-dcb32be27319]
                o.s.web.servlet.DispatcherServlet - GET "/MAHASBR/citizenSearch/menus/my", parameters={}
2026-05-11 18:29:57.557 DEBUG
                [http-nio-8085-exec-2] [3b5156ac-e788-4709-b06d-dcb32be27319]
                o.s.w.s.m.m.a.RequestMappingHandlerMapping - Mapped to com.mahasbr.controller.MenuController#getMyMenus(Authentication)
2026-05-11 18:29:57.558 DEBUG
                [http-nio-8085-exec-2] [3b5156ac-e788-4709-b06d-dcb32be27319]
                o.s.w.s.m.m.a.HttpEntityMethodProcessor - Using 'application/json', given [application/json, text/plain, */*] and supported [application/json, application/*+json]
2026-05-11 18:29:57.559 DEBUG
                [http-nio-8085-exec-2] [3b5156ac-e788-4709-b06d-dcb32be27319]
                o.s.w.s.m.m.a.HttpEntityMethodProcessor - Writing [ApiResponse(success=false, message=Unauthorized, data=null)]
2026-05-11 18:29:57.560 DEBUG
                [http-nio-8085-exec-2] [3b5156ac-e788-4709-b06d-dcb32be27319]
                o.s.web.servlet.DispatcherServlet - Completed 401 UNAUTHORIZED
2026-05-11 18:29:57.567 DEBUG
                [http-nio-8085-exec-10] [418c6f69-b3e8-44f8-bfdb-72c03269d5e0]
                o.s.w.s.m.m.a.RequestResponseBodyMethodProcessor - Using 'application/json', given [application/json, text/plain, */*] and supported [application/json, application/*+json]
2026-05-11 18:29:57.568 DEBUG
                [http-nio-8085-exec-10] [418c6f69-b3e8-44f8-bfdb-72c03269d5e0]
                o.s.w.s.m.m.a.RequestResponseBodyMethodProcessor - Writing [{totalVisits=146, todayVisits=5}]
2026-05-11 18:29:57.570 DEBUG
                [http-nio-8085-exec-10] [418c6f69-b3e8-44f8-bfdb-72c03269d5e0]
                o.s.web.servlet.DispatcherServlet - Completed 200 OK
2026-05-11 18:29:59.592 DEBUG
                [http-nio-8085-exec-3] [6cab4154-8afc-4c65-aa29-a4cc2fa3af03]
                o.s.web.servlet.DispatcherServlet - GET "/MAHASBR/citizenSearch/visitor/summary", parameters={}
2026-05-11 18:29:59.593 DEBUG
                [http-nio-8085-exec-3] [6cab4154-8afc-4c65-aa29-a4cc2fa3af03]
                o.s.w.s.m.m.a.RequestMappingHandlerMapping - Mapped to com.mahasbr.controller.VisitorController#getVisitSummary()
2026-05-11 18:29:59.603 DEBUG
                [http-nio-8085-exec-7] [5b3b9915-9c89-4e8e-94ee-6f2a18948def]
                o.s.web.servlet.DispatcherServlet - GET "/MAHASBR/citizenSearch/menus/my", parameters={}
2026-05-11 18:29:59.604 DEBUG
                [http-nio-8085-exec-7] [5b3b9915-9c89-4e8e-94ee-6f2a18948def]
                o.s.w.s.m.m.a.RequestMappingHandlerMapping - Mapped to com.mahasbr.controller.MenuController#getMyMenus(Authentication)
2026-05-11 18:29:59.606 DEBUG
                [http-nio-8085-exec-7] [5b3b9915-9c89-4e8e-94ee-6f2a18948def]
                o.s.w.s.m.m.a.HttpEntityMethodProcessor - Using 'application/json', given [application/json, text/plain, */*] and supported [application/json, application/*+json]
2026-05-11 18:29:59.607 DEBUG
                [http-nio-8085-exec-7] [5b3b9915-9c89-4e8e-94ee-6f2a18948def]
                o.s.w.s.m.m.a.HttpEntityMethodProcessor - Writing [ApiResponse(success=false, message=Unauthorized, data=null)]
2026-05-11 18:29:59.608 DEBUG
                [http-nio-8085-exec-7] [5b3b9915-9c89-4e8e-94ee-6f2a18948def]
                o.s.web.servlet.DispatcherServlet - Completed 401 UNAUTHORIZED
2026-05-11 18:29:59.617 ERROR
                [http-nio-8085-exec-8] [896884cf-e817-4035-b92e-86c3e84d2a42]
                c.mahasbr.filter.AuthEntryPointJwt - Unauthorized error: Full authentication is required to access this resource
2026-05-11 18:29:59.618 ERROR
                [http-nio-8085-exec-8] [896884cf-e817-4035-b92e-86c3e84d2a42]
                c.mahasbr.filter.AuthEntryPointJwt - Unauthorized error: Full authentication is required to access this resource
2026-05-11 18:29:59.619 DEBUG
                [http-nio-8085-exec-3] [6cab4154-8afc-4c65-aa29-a4cc2fa3af03]
                o.s.w.s.m.m.a.RequestResponseBodyMethodProcessor - Using 'application/json', given [application/json, text/plain, */*] and supported [application/json, application/*+json]
2026-05-11 18:29:59.620 ERROR
                [http-nio-8085-exec-8] []
                c.mahasbr.filter.AuthEntryPointJwt - Unauthorized error: Full authentication is required to access this resource
2026-05-11 18:29:59.621 DEBUG
                [http-nio-8085-exec-3] [6cab4154-8afc-4c65-aa29-a4cc2fa3af03]
                o.s.w.s.m.m.a.RequestResponseBodyMethodProcessor - Writing [{totalVisits=146, todayVisits=5}]
2026-05-11 18:29:59.622 ERROR
                [http-nio-8085-exec-8] []
                c.mahasbr.filter.AuthEntryPointJwt - Unauthorized error: Full authentication is required to access this resource
2026-05-11 18:29:59.623 DEBUG
                [http-nio-8085-exec-3] [6cab4154-8afc-4c65-aa29-a4cc2fa3af03]
                o.s.web.servlet.DispatcherServlet - Completed 200 OK
2026-05-11 18:30:10.069 DEBUG
                [http-nio-8085-exec-4] [b4ad65a0-2a00-4833-a558-a9b6d4e42d69]
                o.s.web.servlet.DispatcherServlet - GET "/MAHASBR/citizenSearch/menus/my", parameters={}
2026-05-11 18:30:10.069 DEBUG
                [http-nio-8085-exec-9] [0e27252b-82b8-446f-823b-07be4b82dea1]
                o.s.web.servlet.DispatcherServlet - GET "/MAHASBR/citizenSearch/visitor/summary", parameters={}
2026-05-11 18:30:10.071 DEBUG
                [http-nio-8085-exec-4] [b4ad65a0-2a00-4833-a558-a9b6d4e42d69]
                o.s.w.s.m.m.a.RequestMappingHandlerMapping - Mapped to com.mahasbr.controller.MenuController#getMyMenus(Authentication)
2026-05-11 18:30:10.071 DEBUG
                [http-nio-8085-exec-1] [c6d2e9c0-ff39-49a9-9e47-5b54f5d3a217]
                o.s.web.servlet.DispatcherServlet - GET "/MAHASBR/api/auth/registoryDuplicateData?page=0&size=10&sortBy=siNo", parameters={masked}
2026-05-11 18:30:10.071 DEBUG
                [http-nio-8085-exec-9] [0e27252b-82b8-446f-823b-07be4b82dea1]
                o.s.w.s.m.m.a.RequestMappingHandlerMapping - Mapped to com.mahasbr.controller.VisitorController#getVisitSummary()
2026-05-11 18:30:10.072 DEBUG
                [http-nio-8085-exec-1] [c6d2e9c0-ff39-49a9-9e47-5b54f5d3a217]
                o.s.w.s.m.m.a.RequestMappingHandlerMapping - Mapped to com.mahasbr.controller.PostLoginDashboardController#getDuplicateRegistryDetails(int, int, String)
2026-05-11 18:30:10.088 DEBUG
                [http-nio-8085-exec-9] [0e27252b-82b8-446f-823b-07be4b82dea1]
                o.s.w.s.m.m.a.RequestResponseBodyMethodProcessor - Using 'application/json', given [application/json, text/plain, */*] and supported [application/json, application/*+json]
2026-05-11 18:30:10.089 DEBUG
                [http-nio-8085-exec-9] [0e27252b-82b8-446f-823b-07be4b82dea1]
                o.s.w.s.m.m.a.RequestResponseBodyMethodProcessor - Writing [{totalVisits=146, todayVisits=5}]
2026-05-11 18:30:10.091 DEBUG
                [http-nio-8085-exec-9] [0e27252b-82b8-446f-823b-07be4b82dea1]
                o.s.web.servlet.DispatcherServlet - Completed 200 OK
2026-05-11 18:30:10.185 DEBUG
                [http-nio-8085-exec-4] [b4ad65a0-2a00-4833-a558-a9b6d4e42d69]
                o.s.w.s.m.m.a.HttpEntityMethodProcessor - Using 'application/json', given [application/json, text/plain, */*] and supported [application/json, application/*+json]
2026-05-11 18:30:10.197 DEBUG
                [http-nio-8085-exec-4] [b4ad65a0-2a00-4833-a558-a9b6d4e42d69]
                o.s.w.s.m.m.a.HttpEntityMethodProcessor - Writing [ApiResponse(success=true, message=Menus loaded successfully, data=[MenuDTO(id=18, nameEn=Dashboard,  (truncated)...]
2026-05-11 18:30:10.201 DEBUG
                [http-nio-8085-exec-4] [b4ad65a0-2a00-4833-a558-a9b6d4e42d69]
                o.s.web.servlet.DispatcherServlet - Completed 200 OK
2026-05-11 18:30:10.207 DEBUG
                [http-nio-8085-exec-1] [c6d2e9c0-ff39-49a9-9e47-5b54f5d3a217]
                o.s.w.s.m.m.a.HttpEntityMethodProcessor - Using 'application/json', given [application/json, text/plain, */*] and supported [application/json, application/*+json]
2026-05-11 18:30:10.211 DEBUG
                [http-nio-8085-exec-1] [c6d2e9c0-ff39-49a9-9e47-5b54f5d3a217]
                o.s.w.s.m.m.a.HttpEntityMethodProcessor - Writing [Page 1 of 0 containing UNKNOWN instances]
2026-05-11 18:30:10.221 DEBUG
                [http-nio-8085-exec-1] [c6d2e9c0-ff39-49a9-9e47-5b54f5d3a217]
                o.s.web.servlet.DispatcherServlet - Completed 200 OK
2026-05-11 18:30:19.721 DEBUG
                [http-nio-8085-exec-5] [a4390c68-97d3-4d74-afc5-cfb756ba14a7]
                o.s.web.servlet.DispatcherServlet - GET "/MAHASBR/api/auth/districts", parameters={}
2026-05-11 18:30:19.722 DEBUG
                [http-nio-8085-exec-6] [858a70c8-6cae-4d0e-83e3-65f3d735dc92]
                o.s.web.servlet.DispatcherServlet - GET "/MAHASBR/api/auth/registoryData?page=0&size=12&sortBy=siNo", parameters={masked}
2026-05-11 18:30:19.722 DEBUG
                [http-nio-8085-exec-5] [a4390c68-97d3-4d74-afc5-cfb756ba14a7]
                o.s.w.s.m.m.a.RequestMappingHandlerMapping - Mapped to com.mahasbr.controller.PostLoginDashboardController#getAll()
2026-05-11 18:30:19.723 DEBUG
                [http-nio-8085-exec-6] [858a70c8-6cae-4d0e-83e3-65f3d735dc92]
                o.s.w.s.m.m.a.RequestMappingHandlerMapping - Mapped to com.mahasbr.controller.PostLoginDashboardController#getMasterRegistoryDetails(Long, int)
2026-05-11 18:30:19.777 DEBUG
                [http-nio-8085-exec-5] [a4390c68-97d3-4d74-afc5-cfb756ba14a7]
                o.s.w.s.m.m.a.HttpEntityMethodProcessor - Using 'application/json', given [application/json, text/plain, */*] and supported [application/json, application/*+json]
2026-05-11 18:30:19.778 DEBUG
                [http-nio-8085-exec-5] [a4390c68-97d3-4d74-afc5-cfb756ba14a7]
                o.s.w.s.m.m.a.HttpEntityMethodProcessor - Writing [[DistrictMaster(districtId=373, censusDistrictCode=919, districtName=Palghar, censusStateCode=27, di (truncated)...]
2026-05-11 18:30:19.788 DEBUG
                [http-nio-8085-exec-5] [a4390c68-97d3-4d74-afc5-cfb756ba14a7]
                o.s.web.servlet.DispatcherServlet - Completed 200 OK
2026-05-11 18:30:20.809 DEBUG
                [http-nio-8085-exec-6] [858a70c8-6cae-4d0e-83e3-65f3d735dc92]
                o.s.w.s.m.m.a.ExceptionHandlerExceptionResolver - Using @ExceptionHandler com.mahasbr.config.ExceptionHandlerController#handleGlobalException(Exception, WebRequest)
2026-05-11 18:30:20.811 DEBUG
                [http-nio-8085-exec-6] [858a70c8-6cae-4d0e-83e3-65f3d735dc92]
                o.s.w.s.m.m.a.HttpEntityMethodProcessor - Using 'application/json', given [application/json, text/plain, */*] and supported [text/plain, */*, application/json, application/*+json]
2026-05-11 18:30:20.812 DEBUG
                [http-nio-8085-exec-6] [858a70c8-6cae-4d0e-83e3-65f3d735dc92]
                o.s.w.s.m.m.a.HttpEntityMethodProcessor - Writing ["Internal Server Error"]
2026-05-11 18:30:20.814 WARN 
                [http-nio-8085-exec-6] [858a70c8-6cae-4d0e-83e3-65f3d735dc92]
                o.s.w.s.m.m.a.ExceptionHandlerExceptionResolver - Resolved [org.springframework.data.redis.RedisConnectionFailureException: Unable to connect to Redis]
2026-05-11 18:30:20.815 DEBUG
                [http-nio-8085-exec-6] [858a70c8-6cae-4d0e-83e3-65f3d735dc92]
                o.s.web.servlet.DispatcherServlet - Completed 500 INTERNAL_SERVER_ERROR
2026-05-11 18:30:20.935 DEBUG
                [http-nio-8085-exec-2] [aafdbc45-f25c-4b29-9e80-52d3174114bc]
                o.s.web.servlet.DispatcherServlet - GET "/MAHASBR/citizenSearch/menus/my", parameters={}
2026-05-11 18:30:20.936 DEBUG
                [http-nio-8085-exec-2] [aafdbc45-f25c-4b29-9e80-52d3174114bc]
                o.s.w.s.m.m.a.RequestMappingHandlerMapping - Mapped to com.mahasbr.controller.MenuController#getMyMenus(Authentication)
2026-05-11 18:30:20.942 DEBUG
                [http-nio-8085-exec-10] [bbe45b22-623e-4807-8c93-3689c746fb53]
                o.s.web.servlet.DispatcherServlet - GET "/MAHASBR/api/auth/registoryData?page=0&size=12&sortBy=siNo", parameters={masked}
2026-05-11 18:30:20.953 DEBUG
                [http-nio-8085-exec-10] [bbe45b22-623e-4807-8c93-3689c746fb53]
                o.s.w.s.m.m.a.RequestMappingHandlerMapping - Mapped to com.mahasbr.controller.PostLoginDashboardController#getMasterRegistoryDetails(Long, int)
2026-05-11 18:30:20.961 DEBUG
                [http-nio-8085-exec-7] [36449b24-f048-4b4e-a6b2-0794d0a57cd1]
                o.s.web.servlet.DispatcherServlet - GET "/MAHASBR/api/auth/districts", parameters={}
2026-05-11 18:30:20.966 DEBUG
                [http-nio-8085-exec-7] [36449b24-f048-4b4e-a6b2-0794d0a57cd1]
                o.s.w.s.m.m.a.RequestMappingHandlerMapping - Mapped to com.mahasbr.controller.PostLoginDashboardController#getAll()
2026-05-11 18:30:20.973 DEBUG
                [http-nio-8085-exec-2] [aafdbc45-f25c-4b29-9e80-52d3174114bc]
                o.s.w.s.m.m.a.HttpEntityMethodProcessor - Using 'application/json', given [application/json, text/plain, */*] and supported [application/json, application/*+json]
2026-05-11 18:30:20.974 DEBUG
                [http-nio-8085-exec-2] [aafdbc45-f25c-4b29-9e80-52d3174114bc]
                o.s.w.s.m.m.a.HttpEntityMethodProcessor - Writing [ApiResponse(success=true, message=Menus loaded successfully, data=[MenuDTO(id=18, nameEn=Dashboard,  (truncated)...]
2026-05-11 18:30:20.979 DEBUG
                [http-nio-8085-exec-2] [aafdbc45-f25c-4b29-9e80-52d3174114bc]
                o.s.web.servlet.DispatcherServlet - Completed 200 OK
2026-05-11 18:30:20.990 DEBUG
                [http-nio-8085-exec-10] [bbe45b22-623e-4807-8c93-3689c746fb53]
                o.s.w.s.m.m.a.ExceptionHandlerExceptionResolver - Using @ExceptionHandler com.mahasbr.config.ExceptionHandlerController#handleGlobalException(Exception, WebRequest)
2026-05-11 18:30:20.992 DEBUG
                [http-nio-8085-exec-10] [bbe45b22-623e-4807-8c93-3689c746fb53]
                o.s.w.s.m.m.a.HttpEntityMethodProcessor - Using 'application/json', given [application/json, text/plain, */*] and supported [text/plain, */*, application/json, application/*+json]
2026-05-11 18:30:20.993 DEBUG
                [http-nio-8085-exec-10] [bbe45b22-623e-4807-8c93-3689c746fb53]
                o.s.w.s.m.m.a.HttpEntityMethodProcessor - Writing ["Internal Server Error"]
2026-05-11 18:30:20.994 WARN 
                [http-nio-8085-exec-10] [bbe45b22-623e-4807-8c93-3689c746fb53]
                o.s.w.s.m.m.a.ExceptionHandlerExceptionResolver - Resolved [org.springframework.data.redis.RedisConnectionFailureException: Unable to connect to Redis]
2026-05-11 18:30:20.997 DEBUG
                [http-nio-8085-exec-10] [bbe45b22-623e-4807-8c93-3689c746fb53]
                o.s.web.servlet.DispatcherServlet - Completed 500 INTERNAL_SERVER_ERROR
2026-05-11 18:30:21.027 DEBUG
                [http-nio-8085-exec-7] [36449b24-f048-4b4e-a6b2-0794d0a57cd1]
                o.s.w.s.m.m.a.HttpEntityMethodProcessor - Using 'application/json', given [application/json, text/plain, */*] and supported [application/json, application/*+json]
2026-05-11 18:30:21.029 DEBUG
                [http-nio-8085-exec-7] [36449b24-f048-4b4e-a6b2-0794d0a57cd1]
                o.s.w.s.m.m.a.HttpEntityMethodProcessor - Writing [[DistrictMaster(districtId=373, censusDistrictCode=919, districtName=Palghar, censusStateCode=27, di (truncated)...]
2026-05-11 18:30:21.031 DEBUG
                [http-nio-8085-exec-7] [36449b24-f048-4b4e-a6b2-0794d0a57cd1]
                o.s.web.servlet.DispatcherServlet - Completed 200 OK
2026-05-11 18:30:23.516 DEBUG
                [http-nio-8085-exec-3] [29f71757-9959-4733-90d1-f82de0cf8ebb]
                o.s.web.servlet.DispatcherServlet - GET "/MAHASBR/api/auth/registoryData?page=0&size=12&sortBy=siNo", parameters={masked}
2026-05-11 18:30:23.516 DEBUG
                [http-nio-8085-exec-3] [29f71757-9959-4733-90d1-f82de0cf8ebb]
                o.s.w.s.m.m.a.RequestMappingHandlerMapping - Mapped to com.mahasbr.controller.PostLoginDashboardController#getMasterRegistoryDetails(Long, int)
2026-05-11 18:30:23.523 DEBUG
                [http-nio-8085-exec-8] [09fcc43e-c29a-4565-b3c6-a8343370b64d]
                o.s.web.servlet.DispatcherServlet - GET "/MAHASBR/citizenSearch/menus/my", parameters={}
2026-05-11 18:30:23.524 DEBUG
                [http-nio-8085-exec-8] [09fcc43e-c29a-4565-b3c6-a8343370b64d]
                o.s.w.s.m.m.a.RequestMappingHandlerMapping - Mapped to com.mahasbr.controller.MenuController#getMyMenus(Authentication)
2026-05-11 18:30:23.526 DEBUG
                [http-nio-8085-exec-9] [6802585f-c00a-4e3e-ba64-ba414116bcd6]
                o.s.web.servlet.DispatcherServlet - GET "/MAHASBR/api/auth/districts", parameters={}
2026-05-11 18:30:23.528 DEBUG
                [http-nio-8085-exec-9] [6802585f-c00a-4e3e-ba64-ba414116bcd6]
                o.s.w.s.m.m.a.RequestMappingHandlerMapping - Mapped to com.mahasbr.controller.PostLoginDashboardController#getAll()
2026-05-11 18:30:23.536 DEBUG
                [http-nio-8085-exec-3] [29f71757-9959-4733-90d1-f82de0cf8ebb]
                o.s.w.s.m.m.a.ExceptionHandlerExceptionResolver - Using @ExceptionHandler com.mahasbr.config.ExceptionHandlerController#handleGlobalException(Exception, WebRequest)
2026-05-11 18:30:23.538 DEBUG
                [http-nio-8085-exec-3] [29f71757-9959-4733-90d1-f82de0cf8ebb]
                o.s.w.s.m.m.a.HttpEntityMethodProcessor - Using 'application/json', given [application/json, text/plain, */*] and supported [text/plain, */*, application/json, application/*+json]
2026-05-11 18:30:23.538 DEBUG
                [http-nio-8085-exec-3] [29f71757-9959-4733-90d1-f82de0cf8ebb]
                o.s.w.s.m.m.a.HttpEntityMethodProcessor - Writing ["Internal Server Error"]
2026-05-11 18:30:23.539 WARN 
                [http-nio-8085-exec-3] [29f71757-9959-4733-90d1-f82de0cf8ebb]
                o.s.w.s.m.m.a.ExceptionHandlerExceptionResolver - Resolved [org.springframework.data.redis.RedisConnectionFailureException: Unable to connect to Redis]
2026-05-11 18:30:23.541 DEBUG
                [http-nio-8085-exec-3] [29f71757-9959-4733-90d1-f82de0cf8ebb]
                o.s.web.servlet.DispatcherServlet - Completed 500 INTERNAL_SERVER_ERROR
2026-05-11 18:30:23.544 DEBUG
                [http-nio-8085-exec-8] [09fcc43e-c29a-4565-b3c6-a8343370b64d]
                o.s.w.s.m.m.a.HttpEntityMethodProcessor - Using 'application/json', given [application/json, text/plain, */*] and supported [application/json, application/*+json]
2026-05-11 18:30:23.546 DEBUG
                [http-nio-8085-exec-8] [09fcc43e-c29a-4565-b3c6-a8343370b64d]
                o.s.w.s.m.m.a.HttpEntityMethodProcessor - Writing [ApiResponse(success=true, message=Menus loaded successfully, data=[MenuDTO(id=18, nameEn=Dashboard,  (truncated)...]
2026-05-11 18:30:23.547 DEBUG
                [http-nio-8085-exec-8] [09fcc43e-c29a-4565-b3c6-a8343370b64d]
                o.s.web.servlet.DispatcherServlet - Completed 200 OK
2026-05-11 18:30:23.572 DEBUG
                [http-nio-8085-exec-9] [6802585f-c00a-4e3e-ba64-ba414116bcd6]
                o.s.w.s.m.m.a.HttpEntityMethodProcessor - Using 'application/json', given [application/json, text/plain, */*] and supported [application/json, application/*+json]
2026-05-11 18:30:23.574 DEBUG
                [http-nio-8085-exec-9] [6802585f-c00a-4e3e-ba64-ba414116bcd6]
                o.s.w.s.m.m.a.HttpEntityMethodProcessor - Writing [[DistrictMaster(districtId=373, censusDistrictCode=919, districtName=Palghar, censusStateCode=27, di (truncated)...]
2026-05-11 18:30:23.577 DEBUG
                [http-nio-8085-exec-9] [6802585f-c00a-4e3e-ba64-ba414116bcd6]
                o.s.web.servlet.DispatcherServlet - Completed 200 OK
2026-05-11 18:30:26.694 DEBUG
                [http-nio-8085-exec-4] [a94e79c7-7036-477d-9016-91b3cfb1a547]
                o.s.web.servlet.DispatcherServlet - POST "/MAHASBR/api/auth/logout", parameters={}
2026-05-11 18:30:26.703 DEBUG
                [http-nio-8085-exec-1] [4ca7ba5a-d862-4cef-95eb-167a5c23ed17]
                o.s.web.servlet.DispatcherServlet - GET "/MAHASBR/citizenSearch/visitor/summary", parameters={}
2026-05-11 18:30:26.708 DEBUG
                [http-nio-8085-exec-4] [a94e79c7-7036-477d-9016-91b3cfb1a547]
                o.s.w.s.m.m.a.RequestMappingHandlerMapping - Mapped to com.mahasbr.controller.LoginController#logout(String, HttpServletRequest)
2026-05-11 18:30:26.708 DEBUG
                [http-nio-8085-exec-1] [4ca7ba5a-d862-4cef-95eb-167a5c23ed17]
                o.s.w.s.m.m.a.RequestMappingHandlerMapping - Mapped to com.mahasbr.controller.VisitorController#getVisitSummary()
2026-05-11 18:30:26.723 DEBUG
                [http-nio-8085-exec-1] [4ca7ba5a-d862-4cef-95eb-167a5c23ed17]
                o.s.w.s.m.m.a.RequestResponseBodyMethodProcessor - Using 'application/json', given [application/json, text/plain, */*] and supported [application/json, application/*+json]
2026-05-11 18:30:26.726 DEBUG
                [http-nio-8085-exec-1] [4ca7ba5a-d862-4cef-95eb-167a5c23ed17]
                o.s.w.s.m.m.a.RequestResponseBodyMethodProcessor - Writing [{totalVisits=146, todayVisits=5}]
2026-05-11 18:30:26.728 DEBUG
                [http-nio-8085-exec-1] [4ca7ba5a-d862-4cef-95eb-167a5c23ed17]
                o.s.web.servlet.DispatcherServlet - Completed 200 OK
2026-05-11 18:30:27.114 DEBUG
                [http-nio-8085-exec-4] [a94e79c7-7036-477d-9016-91b3cfb1a547]
                o.s.w.s.m.m.a.HttpEntityMethodProcessor - Using 'application/json', given [application/json, text/plain, */*] and supported [application/json, application/*+json]
2026-05-11 18:30:27.115 DEBUG
                [http-nio-8085-exec-4] [a94e79c7-7036-477d-9016-91b3cfb1a547]
                o.s.w.s.m.m.a.HttpEntityMethodProcessor - Writing [{message=User logged out successfully}]
2026-05-11 18:30:27.116 DEBUG
                [http-nio-8085-exec-4] [a94e79c7-7036-477d-9016-91b3cfb1a547]
                o.s.web.servlet.DispatcherServlet - Completed 200 OK
2026-05-11 18:53:26.365 DEBUG
                [http-nio-8085-exec-8] [992e12d6-cdfc-4b4d-9614-1f9705ab113b]
                o.s.web.servlet.DispatcherServlet - POST "/MAHASBR/api/auth/signin", parameters={}
2026-05-11 18:53:26.367 DEBUG
                [http-nio-8085-exec-8] [992e12d6-cdfc-4b4d-9614-1f9705ab113b]
                o.s.w.s.m.m.a.RequestMappingHandlerMapping - Mapped to com.mahasbr.controller.LoginController#authenticateUser(LoginRequest, BindingResult, HttpServletRequest)
2026-05-11 18:53:26.368 ERROR
                [http-nio-8085-exec-9] [a3235a68-da19-4b30-9461-8a9cf250049b]
                c.mahasbr.filter.AuthEntryPointJwt - Unauthorized error: Full authentication is required to access this resource
2026-05-11 18:53:26.368 ERROR
                [http-nio-8085-exec-9] [a3235a68-da19-4b30-9461-8a9cf250049b]
                c.mahasbr.filter.AuthEntryPointJwt - Unauthorized error: Full authentication is required to access this resource
2026-05-11 18:53:26.369 ERROR
                [http-nio-8085-exec-9] []
                c.mahasbr.filter.AuthEntryPointJwt - Unauthorized error: Full authentication is required to access this resource
2026-05-11 18:53:26.370 ERROR
                [http-nio-8085-exec-9] []
                c.mahasbr.filter.AuthEntryPointJwt - Unauthorized error: Full authentication is required to access this resource
2026-05-11 18:53:26.403 DEBUG
                [http-nio-8085-exec-8] [992e12d6-cdfc-4b4d-9614-1f9705ab113b]
                o.s.w.s.m.m.a.RequestResponseBodyMethodProcessor - Read "application/json;charset=UTF-8" to [LoginRequest(username=DISH_MH, password=Pass@123, recaptchaResponse=0cAFcWeA6vA_3Cj8vAKK19KqVOM3fuej (truncated)...]
2026-05-11 18:53:26.764 DEBUG
                [http-nio-8085-exec-8] [992e12d6-cdfc-4b4d-9614-1f9705ab113b]
                o.s.w.s.m.m.a.HttpEntityMethodProcessor - Using 'application/json', given [application/json, text/plain, */*] and supported [application/json, application/*+json]
2026-05-11 18:53:26.774 DEBUG
                [http-nio-8085-exec-8] [992e12d6-cdfc-4b4d-9614-1f9705ab113b]
                o.s.w.s.m.m.a.HttpEntityMethodProcessor - Writing [JwtResponse(token=eyJhbGciOiJIUzI1NiJ9.eyJyb2xlcyI6WyJST0xFX1JFR19BVVRIX0FQSSJdLCJyZWdpc3RyeUlkIjoyM (truncated)...]
2026-05-11 18:53:26.777 DEBUG
                [http-nio-8085-exec-8] [992e12d6-cdfc-4b4d-9614-1f9705ab113b]
                o.s.web.servlet.DispatcherServlet - Completed 200 OK
2026-05-11 18:53:26.851 DEBUG
                [http-nio-8085-exec-4] [9cb431b0-a3a0-4eb8-8dc5-3b41822e3681]
                o.s.web.servlet.DispatcherServlet - GET "/MAHASBR/citizenSearch/menus/my", parameters={}
2026-05-11 18:53:26.852 DEBUG
                [http-nio-8085-exec-4] [9cb431b0-a3a0-4eb8-8dc5-3b41822e3681]
                o.s.w.s.m.m.a.RequestMappingHandlerMapping - Mapped to com.mahasbr.controller.MenuController#getMyMenus(Authentication)
2026-05-11 18:53:26.862 DEBUG
                [http-nio-8085-exec-6] [c86e5a09-06d1-41e1-a5d9-ddb7baaeb58a]
                o.s.web.servlet.DispatcherServlet - GET "/MAHASBR/api/auth/registoryData?page=0&size=12&sortBy=siNo", parameters={masked}
2026-05-11 18:53:26.863 DEBUG
                [http-nio-8085-exec-6] [c86e5a09-06d1-41e1-a5d9-ddb7baaeb58a]
                o.s.w.s.m.m.a.RequestMappingHandlerMapping - Mapped to com.mahasbr.controller.PostLoginDashboardController#getMasterRegistoryDetails(Long, int)
2026-05-11 18:53:26.873 DEBUG
                [http-nio-8085-exec-4] [9cb431b0-a3a0-4eb8-8dc5-3b41822e3681]
                o.s.w.s.m.m.a.HttpEntityMethodProcessor - Using 'application/json', given [application/json, text/plain, */*] and supported [application/json, application/*+json]
2026-05-11 18:53:26.873 DEBUG
                [http-nio-8085-exec-4] [9cb431b0-a3a0-4eb8-8dc5-3b41822e3681]
                o.s.w.s.m.m.a.HttpEntityMethodProcessor - Writing [ApiResponse(success=true, message=Menus loaded successfully, data=[MenuDTO(id=18, nameEn=Dashboard,  (truncated)...]
2026-05-11 18:53:26.875 DEBUG
                [http-nio-8085-exec-2] [ba5c0128-2b8f-435d-9acd-45dd9e82fb54]
                o.s.web.servlet.DispatcherServlet - GET "/MAHASBR/api/auth/districts", parameters={}
2026-05-11 18:53:26.875 DEBUG
                [http-nio-8085-exec-4] [9cb431b0-a3a0-4eb8-8dc5-3b41822e3681]
                o.s.web.servlet.DispatcherServlet - Completed 200 OK
2026-05-11 18:53:26.876 DEBUG
                [http-nio-8085-exec-2] [ba5c0128-2b8f-435d-9acd-45dd9e82fb54]
                o.s.w.s.m.m.a.RequestMappingHandlerMapping - Mapped to com.mahasbr.controller.PostLoginDashboardController#getAll()
2026-05-11 18:53:26.890 DEBUG
                [http-nio-8085-exec-6] [c86e5a09-06d1-41e1-a5d9-ddb7baaeb58a]
                o.s.w.s.m.m.a.ExceptionHandlerExceptionResolver - Using @ExceptionHandler com.mahasbr.config.ExceptionHandlerController#handleGlobalException(Exception, WebRequest)
2026-05-11 18:53:26.891 DEBUG
                [http-nio-8085-exec-6] [c86e5a09-06d1-41e1-a5d9-ddb7baaeb58a]
                o.s.w.s.m.m.a.HttpEntityMethodProcessor - Using 'application/json', given [application/json, text/plain, */*] and supported [text/plain, */*, application/json, application/*+json]
2026-05-11 18:53:26.891 DEBUG
                [http-nio-8085-exec-6] [c86e5a09-06d1-41e1-a5d9-ddb7baaeb58a]
                o.s.w.s.m.m.a.HttpEntityMethodProcessor - Writing ["Internal Server Error"]
2026-05-11 18:53:26.892 WARN 
                [http-nio-8085-exec-6] [c86e5a09-06d1-41e1-a5d9-ddb7baaeb58a]
                o.s.w.s.m.m.a.ExceptionHandlerExceptionResolver - Resolved [org.springframework.data.redis.RedisConnectionFailureException: Unable to connect to Redis]
2026-05-11 18:53:26.893 DEBUG
                [http-nio-8085-exec-6] [c86e5a09-06d1-41e1-a5d9-ddb7baaeb58a]
                o.s.web.servlet.DispatcherServlet - Completed 500 INTERNAL_SERVER_ERROR
2026-05-11 18:53:26.921 DEBUG
                [http-nio-8085-exec-3] [4865deb8-d147-4466-9897-ceff437fe6fc]
                o.s.web.servlet.DispatcherServlet - GET "/MAHASBR/citizenSearch/menus/my", parameters={}
2026-05-11 18:53:26.921 DEBUG
                [http-nio-8085-exec-2] [ba5c0128-2b8f-435d-9acd-45dd9e82fb54]
                o.s.w.s.m.m.a.HttpEntityMethodProcessor - Using 'application/json', given [application/json, text/plain, */*] and supported [application/json, application/*+json]
2026-05-11 18:53:26.922 DEBUG
                [http-nio-8085-exec-3] [4865deb8-d147-4466-9897-ceff437fe6fc]
                o.s.w.s.m.m.a.RequestMappingHandlerMapping - Mapped to com.mahasbr.controller.MenuController#getMyMenus(Authentication)
2026-05-11 18:53:26.922 DEBUG
                [http-nio-8085-exec-2] [ba5c0128-2b8f-435d-9acd-45dd9e82fb54]
                o.s.w.s.m.m.a.HttpEntityMethodProcessor - Writing [[DistrictMaster(districtId=373, censusDistrictCode=919, districtName=Palghar, censusStateCode=27, di (truncated)...]
2026-05-11 18:53:26.924 DEBUG
                [http-nio-8085-exec-2] [ba5c0128-2b8f-435d-9acd-45dd9e82fb54]
                o.s.web.servlet.DispatcherServlet - Completed 200 OK
2026-05-11 18:53:26.938 DEBUG
                [http-nio-8085-exec-3] [4865deb8-d147-4466-9897-ceff437fe6fc]
                o.s.w.s.m.m.a.HttpEntityMethodProcessor - Using 'application/json', given [application/json, text/plain, */*] and supported [application/json, application/*+json]
2026-05-11 18:53:26.938 DEBUG
                [http-nio-8085-exec-3] [4865deb8-d147-4466-9897-ceff437fe6fc]
                o.s.w.s.m.m.a.HttpEntityMethodProcessor - Writing [ApiResponse(success=true, message=Menus loaded successfully, data=[MenuDTO(id=18, nameEn=Dashboard,  (truncated)...]
2026-05-11 18:53:26.939 DEBUG
                [http-nio-8085-exec-3] [4865deb8-d147-4466-9897-ceff437fe6fc]
                o.s.web.servlet.DispatcherServlet - Completed 200 OK
2026-05-11 18:54:34.128 DEBUG
                [http-nio-8085-exec-8] [ce6c16a8-1b81-4f92-969b-08c9266af9bd]
                o.s.web.servlet.DispatcherServlet - GET "/MAHASBR/citizenSearch/visitor/summary", parameters={}
2026-05-11 18:54:34.131 DEBUG
                [http-nio-8085-exec-8] [ce6c16a8-1b81-4f92-969b-08c9266af9bd]
                o.s.w.s.m.m.a.RequestMappingHandlerMapping - Mapped to com.mahasbr.controller.VisitorController#getVisitSummary()
2026-05-11 18:54:34.151 DEBUG
                [http-nio-8085-exec-8] [ce6c16a8-1b81-4f92-969b-08c9266af9bd]
                o.s.w.s.m.m.a.RequestResponseBodyMethodProcessor - Using 'application/json', given [application/json, text/plain, */*] and supported [application/json, application/*+json]
2026-05-11 18:54:34.152 DEBUG
                [http-nio-8085-exec-8] [ce6c16a8-1b81-4f92-969b-08c9266af9bd]
                o.s.w.s.m.m.a.RequestResponseBodyMethodProcessor - Writing [{totalVisits=146, todayVisits=5}]
2026-05-11 18:54:34.153 DEBUG
                [http-nio-8085-exec-8] [ce6c16a8-1b81-4f92-969b-08c9266af9bd]
                o.s.web.servlet.DispatcherServlet - Completed 200 OK
2026-05-11 18:57:51.885 DEBUG
                [SpringApplicationShutdownHook] []
                o.s.d.r.l.RedisMessageListenerContainer - Stopped RedisMessageListenerContainer
2026-05-11 18:57:51.978 INFO 
                [SpringApplicationShutdownHook] []
                com.zaxxer.hikari.HikariDataSource - HikariPool-1 - Shutdown initiated...
2026-05-11 18:57:52.058 INFO 
                [SpringApplicationShutdownHook] []
                com.zaxxer.hikari.HikariDataSource - HikariPool-1 - Shutdown completed.
2026-05-11 19:09:23.428 INFO 
                [restartedMain] []
                c.m.SbrBackEndProjectApplication - Starting SbrBackEndProjectApplication using Java 17.0.12 with PID 38524 (E:\SBR_Workspace\MAHASBR\target\classes started by Jitendra.Ghasle in E:\SBR_Workspace\MAHASBR)
2026-05-11 19:09:23.432 INFO 
                [restartedMain] []
                c.m.SbrBackEndProjectApplication - The following 1 profile is active: "prod"
2026-05-11 19:10:11.043 INFO 
                [restartedMain] []
                com.zaxxer.hikari.HikariDataSource - HikariPool-1 - Starting...
2026-05-11 19:10:11.829 INFO 
                [restartedMain] []
                com.zaxxer.hikari.pool.HikariPool - HikariPool-1 - Added connection oracle.jdbc.driver.T4CConnection@5ed10ee2
2026-05-11 19:10:11.833 INFO 
                [restartedMain] []
                com.zaxxer.hikari.HikariDataSource - HikariPool-1 - Start completed.
2026-05-11 19:10:20.158 DEBUG
                [restartedMain] []
                o.s.b.w.s.ServletContextInitializerBeans - Mapping filters: springSecurityFilterChain urls=[/*] order=-100, XssFilter urls=[/*] order=1, characterEncodingFilter urls=[/*] order=-2147483648, formContentFilter urls=[/*] order=-9900, requestContextFilter urls=[/*] order=-105, authenticationJwtTokenFilter urls=[/*] order=2147483647, xssFilter urls=[/*] order=2147483647, correlationIdFilter urls=[/*] order=2147483647
2026-05-11 19:10:20.160 DEBUG
                [restartedMain] []
                o.s.b.w.s.ServletContextInitializerBeans - Mapping servlets: dispatcherServlet urls=[/]
2026-05-11 19:10:24.033 WARN 
                [restartedMain] []
                o.s.b.a.o.j.JpaBaseConfiguration$JpaWebConfiguration - spring.jpa.open-in-view is enabled by default. Therefore, database queries may be performed during view rendering. Explicitly configure spring.jpa.open-in-view to disable this warning
2026-05-11 19:10:24.285 DEBUG
                [restartedMain] []
                o.s.w.s.m.m.a.RequestMappingHandlerMapping - 156 mappings in 'requestMappingHandlerMapping'
2026-05-11 19:10:25.760 INFO 
                [restartedMain] []
                c.mahasbr.security.WebSecurityConfig - Configuring HTTP Security...
2026-05-11 19:10:28.053 DEBUG
                [restartedMain] []
                o.s.w.s.h.SimpleUrlHandlerMapping - Patterns [/webjars/**, /**, /swagger-ui*/*swagger-initializer.js, /swagger-ui*/**] in 'resourceHandlerMapping'
2026-05-11 19:10:28.414 DEBUG
                [restartedMain] []
                o.s.w.s.m.m.a.RequestMappingHandlerAdapter - ControllerAdvice beans: 0 @ModelAttribute, 0 @InitBinder, 1 RequestBodyAdvice, 1 ResponseBodyAdvice
2026-05-11 19:10:28.599 DEBUG
                [restartedMain] []
                o.s.w.s.m.m.a.ExceptionHandlerExceptionResolver - ControllerAdvice beans: 3 @ExceptionHandler, 1 ResponseBodyAdvice
2026-05-11 19:10:29.774 DEBUG
                [restartedMain] []
                o.s.d.r.l.RedisMessageListenerContainer - Starting RedisMessageListenerContainer...
2026-05-11 19:10:29.775 DEBUG
                [restartedMain] []
                o.s.d.r.l.RedisMessageListenerContainer - Postpone listening for Redis messages until actual listeners are added
2026-05-11 19:10:32.271 INFO 
                [http-nio-8085-exec-3] []
                o.s.web.servlet.DispatcherServlet - Initializing Servlet 'dispatcherServlet'
2026-05-11 19:10:32.273 DEBUG
                [http-nio-8085-exec-3] []
                o.s.web.servlet.DispatcherServlet - Detected StandardServletMultipartResolver
2026-05-11 19:10:32.273 DEBUG
                [http-nio-8085-exec-3] []
                o.s.web.servlet.DispatcherServlet - Detected AcceptHeaderLocaleResolver
2026-05-11 19:10:32.273 DEBUG
                [http-nio-8085-exec-3] []
                o.s.web.servlet.DispatcherServlet - Detected FixedThemeResolver
2026-05-11 19:10:32.276 DEBUG
                [http-nio-8085-exec-3] []
                o.s.web.servlet.DispatcherServlet - Detected org.springframework.web.servlet.view.DefaultRequestToViewNameTranslator@6077d4f9
2026-05-11 19:10:32.278 DEBUG
                [http-nio-8085-exec-3] []
                o.s.web.servlet.DispatcherServlet - Detected org.springframework.web.servlet.support.SessionFlashMapManager@32a5c7c4
2026-05-11 19:10:32.279 DEBUG
                [http-nio-8085-exec-3] []
                o.s.web.servlet.DispatcherServlet - enableLoggingRequestDetails='false': request parameters and headers will be masked to prevent unsafe logging of potentially sensitive data
2026-05-11 19:10:32.279 INFO 
                [http-nio-8085-exec-3] []
                o.s.web.servlet.DispatcherServlet - Completed initialization in 6 ms
2026-05-11 19:10:33.537 INFO 
                [restartedMain] []
                c.m.SbrBackEndProjectApplication - Started SbrBackEndProjectApplication in 70.916 seconds (process running for 77.456)
2026-05-11 19:10:33.707 DEBUG
                [http-nio-8085-exec-4] [78fe7bde-cd93-4d2d-a4e4-fac1aacea8a8]
                o.s.web.servlet.DispatcherServlet - GET "/MAHASBR/citizenSearch/visitor/summary", parameters={}
2026-05-11 19:10:33.712 DEBUG
                [http-nio-8085-exec-4] [78fe7bde-cd93-4d2d-a4e4-fac1aacea8a8]
                o.s.w.s.m.m.a.RequestMappingHandlerMapping - Mapped to com.mahasbr.controller.VisitorController#getVisitSummary()
2026-05-11 19:10:33.968 DEBUG
                [http-nio-8085-exec-4] [78fe7bde-cd93-4d2d-a4e4-fac1aacea8a8]
                o.s.w.s.m.m.a.RequestResponseBodyMethodProcessor - Using 'application/json', given [application/json, text/plain, */*] and supported [application/json, application/*+json]
2026-05-11 19:10:33.991 DEBUG
                [http-nio-8085-exec-4] [78fe7bde-cd93-4d2d-a4e4-fac1aacea8a8]
                o.s.w.s.m.m.a.RequestResponseBodyMethodProcessor - Writing [{todayVisits=5, totalVisits=146}]
2026-05-11 19:10:34.167 DEBUG
                [http-nio-8085-exec-4] [78fe7bde-cd93-4d2d-a4e4-fac1aacea8a8]
                o.s.web.servlet.DispatcherServlet - Completed 200 OK
2026-05-11 19:10:34.237 DEBUG
                [http-nio-8085-exec-10] [90d9fa93-ba8f-41bb-b4da-d65cdb6a8244]
                o.s.web.servlet.DispatcherServlet - GET "/MAHASBR/api/auth/districts", parameters={}
2026-05-11 19:10:34.249 DEBUG
                [http-nio-8085-exec-10] [90d9fa93-ba8f-41bb-b4da-d65cdb6a8244]
                o.s.w.s.m.m.a.RequestMappingHandlerMapping - Mapped to com.mahasbr.controller.PostLoginDashboardController#getAll()
2026-05-11 19:10:34.790 DEBUG
                [http-nio-8085-exec-9] [2ff31b8b-2450-46e1-a543-9406d17fc5f6]
                o.s.web.servlet.DispatcherServlet - GET "/MAHASBR/api/auth/registoryData?page=0&size=12&sortBy=siNo", parameters={masked}
2026-05-11 19:10:34.795 DEBUG
                [http-nio-8085-exec-9] [2ff31b8b-2450-46e1-a543-9406d17fc5f6]
                o.s.w.s.m.m.a.RequestMappingHandlerMapping - Mapped to com.mahasbr.controller.PostLoginDashboardController#getMasterRegistoryDetails(Long, int)
2026-05-11 19:10:34.804 DEBUG
                [http-nio-8085-exec-8] [ec546ae9-b4ff-4f2f-9d94-4ecafc6f0eda]
                o.s.web.servlet.DispatcherServlet - GET "/MAHASBR/citizenSearch/menus/my", parameters={}
2026-05-11 19:10:34.809 DEBUG
                [http-nio-8085-exec-8] [ec546ae9-b4ff-4f2f-9d94-4ecafc6f0eda]
                o.s.w.s.m.m.a.RequestMappingHandlerMapping - Mapped to com.mahasbr.controller.MenuController#getMyMenus(Authentication)
2026-05-11 19:10:34.844 DEBUG
                [http-nio-8085-exec-10] [90d9fa93-ba8f-41bb-b4da-d65cdb6a8244]
                o.s.w.s.m.m.a.HttpEntityMethodProcessor - Using 'application/json', given [application/json, text/plain, */*] and supported [application/json, application/*+json]
2026-05-11 19:10:34.905 DEBUG
                [http-nio-8085-exec-10] [90d9fa93-ba8f-41bb-b4da-d65cdb6a8244]
                o.s.w.s.m.m.a.HttpEntityMethodProcessor - Writing [[DistrictMaster(districtId=373, censusDistrictCode=919, districtName=Palghar, censusStateCode=27, di (truncated)...]
2026-05-11 19:10:34.971 DEBUG
                [http-nio-8085-exec-8] [ec546ae9-b4ff-4f2f-9d94-4ecafc6f0eda]
                o.s.w.s.m.m.a.HttpEntityMethodProcessor - Using 'application/json', given [application/json, text/plain, */*] and supported [application/json, application/*+json]
2026-05-11 19:10:34.977 DEBUG
                [http-nio-8085-exec-10] [90d9fa93-ba8f-41bb-b4da-d65cdb6a8244]
                o.s.web.servlet.DispatcherServlet - Completed 200 OK
2026-05-11 19:10:35.225 DEBUG
                [http-nio-8085-exec-8] [ec546ae9-b4ff-4f2f-9d94-4ecafc6f0eda]
                o.s.w.s.m.m.a.HttpEntityMethodProcessor - Writing [ApiResponse(success=true, message=Menus loaded successfully, data=[MenuDTO(id=18, nameEn=Dashboard,  (truncated)...]
2026-05-11 19:10:35.243 DEBUG
                [http-nio-8085-exec-8] [ec546ae9-b4ff-4f2f-9d94-4ecafc6f0eda]
                o.s.web.servlet.DispatcherServlet - Completed 200 OK
2026-05-11 19:10:35.480 DEBUG
                [http-nio-8085-exec-1] [826eeea4-f7bd-4882-aec0-5ccc0677299f]
                o.s.web.servlet.DispatcherServlet - GET "/MAHASBR/citizenSearch/visitor/summary", parameters={}
2026-05-11 19:10:35.487 DEBUG
                [http-nio-8085-exec-1] [826eeea4-f7bd-4882-aec0-5ccc0677299f]
                o.s.w.s.m.m.a.RequestMappingHandlerMapping - Mapped to com.mahasbr.controller.VisitorController#getVisitSummary()
2026-05-11 19:10:35.519 DEBUG
                [http-nio-8085-exec-1] [826eeea4-f7bd-4882-aec0-5ccc0677299f]
                o.s.w.s.m.m.a.RequestResponseBodyMethodProcessor - Using 'application/json', given [application/json, text/plain, */*] and supported [application/json, application/*+json]
2026-05-11 19:10:35.521 DEBUG
                [http-nio-8085-exec-1] [826eeea4-f7bd-4882-aec0-5ccc0677299f]
                o.s.w.s.m.m.a.RequestResponseBodyMethodProcessor - Writing [{todayVisits=5, totalVisits=146}]
2026-05-11 19:10:35.522 DEBUG
                [http-nio-8085-exec-1] [826eeea4-f7bd-4882-aec0-5ccc0677299f]
                o.s.web.servlet.DispatcherServlet - Completed 200 OK
2026-05-11 19:10:35.563 DEBUG
                [http-nio-8085-exec-6] [64216990-a6fc-46e0-8e8b-297fc4091bf0]
                o.s.web.servlet.DispatcherServlet - POST "/MAHASBR/api/auth/logout", parameters={}
2026-05-11 19:10:35.564 DEBUG
                [http-nio-8085-exec-6] [64216990-a6fc-46e0-8e8b-297fc4091bf0]
                o.s.w.s.m.m.a.RequestMappingHandlerMapping - Mapped to com.mahasbr.controller.LoginController#logout(String, HttpServletRequest)
2026-05-11 19:10:35.643 WARN 
                [http-nio-8085-exec-7] [74900234-0999-458a-be7c-fd49351f7adc]
                com.mahasbr.filter.AuthTokenFilter - Rejected blacklisted token for request
2026-05-11 19:10:35.656 DEBUG
                [http-nio-8085-exec-6] [64216990-a6fc-46e0-8e8b-297fc4091bf0]
                o.s.w.s.m.m.a.HttpEntityMethodProcessor - Using 'application/json', given [application/json, text/plain, */*] and supported [application/json, application/*+json]
2026-05-11 19:10:35.659 DEBUG
                [http-nio-8085-exec-6] [64216990-a6fc-46e0-8e8b-297fc4091bf0]
                o.s.w.s.m.m.a.HttpEntityMethodProcessor - Writing [{message=User logged out successfully}]
2026-05-11 19:10:35.662 DEBUG
                [http-nio-8085-exec-6] [64216990-a6fc-46e0-8e8b-297fc4091bf0]
                o.s.web.servlet.DispatcherServlet - Completed 200 OK
2026-05-11 19:10:37.242 DEBUG
                [http-nio-8085-exec-9] [2ff31b8b-2450-46e1-a543-9406d17fc5f6]
                o.s.w.s.m.m.a.ExceptionHandlerExceptionResolver - Using @ExceptionHandler com.mahasbr.config.ExceptionHandlerController#handleGlobalException(Exception, WebRequest)
2026-05-11 19:10:37.243 DEBUG
                [http-nio-8085-exec-9] [2ff31b8b-2450-46e1-a543-9406d17fc5f6]
                o.s.w.s.m.m.a.HttpEntityMethodProcessor - Using 'application/json', given [application/json, text/plain, */*] and supported [text/plain, */*, application/json, application/*+json]
2026-05-11 19:10:37.244 DEBUG
                [http-nio-8085-exec-9] [2ff31b8b-2450-46e1-a543-9406d17fc5f6]
                o.s.w.s.m.m.a.HttpEntityMethodProcessor - Writing ["Internal Server Error"]
2026-05-11 19:10:37.245 WARN 
                [http-nio-8085-exec-9] [2ff31b8b-2450-46e1-a543-9406d17fc5f6]
                o.s.w.s.m.m.a.ExceptionHandlerExceptionResolver - Resolved [org.springframework.data.redis.RedisConnectionFailureException: Unable to connect to Redis]
2026-05-11 19:10:37.247 DEBUG
                [http-nio-8085-exec-9] [2ff31b8b-2450-46e1-a543-9406d17fc5f6]
                o.s.web.servlet.DispatcherServlet - Completed 500 INTERNAL_SERVER_ERROR
2026-05-11 19:11:33.333 DEBUG
                [http-nio-8085-exec-3] [66e3e801-f0e0-4fcf-9854-5ae91f797769]
                o.s.web.servlet.DispatcherServlet - GET "/MAHASBR/citizenSearch/visitor/summary", parameters={}
2026-05-11 19:11:33.334 DEBUG
                [http-nio-8085-exec-3] [66e3e801-f0e0-4fcf-9854-5ae91f797769]
                o.s.w.s.m.m.a.RequestMappingHandlerMapping - Mapped to com.mahasbr.controller.VisitorController#getVisitSummary()
2026-05-11 19:11:33.348 DEBUG
                [http-nio-8085-exec-3] [66e3e801-f0e0-4fcf-9854-5ae91f797769]
                o.s.w.s.m.m.a.RequestResponseBodyMethodProcessor - Using 'application/json', given [application/json, text/plain, */*] and supported [application/json, application/*+json]
2026-05-11 19:11:33.348 DEBUG
                [http-nio-8085-exec-3] [66e3e801-f0e0-4fcf-9854-5ae91f797769]
                o.s.w.s.m.m.a.RequestResponseBodyMethodProcessor - Writing [{todayVisits=5, totalVisits=146}]
2026-05-11 19:11:33.349 DEBUG
                [http-nio-8085-exec-3] [66e3e801-f0e0-4fcf-9854-5ae91f797769]
                o.s.web.servlet.DispatcherServlet - Completed 200 OK
2026-05-11 19:11:37.451 DEBUG
                [http-nio-8085-exec-8] [ac8d5c32-05a6-48e3-b55b-cf79e73c1b66]
                o.s.web.servlet.DispatcherServlet - GET "/MAHASBR/citizenSearch/visitor/summary", parameters={}
2026-05-11 19:11:37.452 DEBUG
                [http-nio-8085-exec-8] [ac8d5c32-05a6-48e3-b55b-cf79e73c1b66]
                o.s.w.s.m.m.a.RequestMappingHandlerMapping - Mapped to com.mahasbr.controller.VisitorController#getVisitSummary()
2026-05-11 19:11:37.471 DEBUG
                [http-nio-8085-exec-8] [ac8d5c32-05a6-48e3-b55b-cf79e73c1b66]
                o.s.w.s.m.m.a.RequestResponseBodyMethodProcessor - Using 'application/json', given [application/json, text/plain, */*] and supported [application/json, application/*+json]
2026-05-11 19:11:37.472 DEBUG
                [http-nio-8085-exec-8] [ac8d5c32-05a6-48e3-b55b-cf79e73c1b66]
                o.s.w.s.m.m.a.RequestResponseBodyMethodProcessor - Writing [{todayVisits=5, totalVisits=146}]
2026-05-11 19:11:37.473 DEBUG
                [http-nio-8085-exec-8] [ac8d5c32-05a6-48e3-b55b-cf79e73c1b66]
                o.s.web.servlet.DispatcherServlet - Completed 200 OK
2026-05-11 19:12:39.813 DEBUG
                [http-nio-8085-exec-6] [53de002a-06da-4e22-b830-c2a2d4aa0fe4]
                o.s.web.servlet.DispatcherServlet - GET "/MAHASBR/citizenSearch/visitor/summary", parameters={}
2026-05-11 19:12:39.814 DEBUG
                [http-nio-8085-exec-6] [53de002a-06da-4e22-b830-c2a2d4aa0fe4]
                o.s.w.s.m.m.a.RequestMappingHandlerMapping - Mapped to com.mahasbr.controller.VisitorController#getVisitSummary()
2026-05-11 19:12:39.835 DEBUG
                [http-nio-8085-exec-6] [53de002a-06da-4e22-b830-c2a2d4aa0fe4]
                o.s.w.s.m.m.a.RequestResponseBodyMethodProcessor - Using 'application/json', given [application/json, text/plain, */*] and supported [application/json, application/*+json]
2026-05-11 19:12:39.835 DEBUG
                [http-nio-8085-exec-6] [53de002a-06da-4e22-b830-c2a2d4aa0fe4]
                o.s.w.s.m.m.a.RequestResponseBodyMethodProcessor - Writing [{todayVisits=5, totalVisits=146}]
2026-05-11 19:12:39.836 DEBUG
                [http-nio-8085-exec-6] [53de002a-06da-4e22-b830-c2a2d4aa0fe4]
                o.s.web.servlet.DispatcherServlet - Completed 200 OK
2026-05-11 19:13:01.416 DEBUG
                [http-nio-8085-exec-7] [a61a0f2a-13e7-43a4-86b2-1a38b0851cc9]
                o.s.web.servlet.DispatcherServlet - POST "/MAHASBR/api/auth/signin", parameters={}
2026-05-11 19:13:01.417 DEBUG
                [http-nio-8085-exec-7] [a61a0f2a-13e7-43a4-86b2-1a38b0851cc9]
                o.s.w.s.m.m.a.RequestMappingHandlerMapping - Mapped to com.mahasbr.controller.LoginController#authenticateUser(LoginRequest, BindingResult, HttpServletRequest)
2026-05-11 19:13:01.441 DEBUG
                [http-nio-8085-exec-7] [a61a0f2a-13e7-43a4-86b2-1a38b0851cc9]
                o.s.w.s.m.m.a.RequestResponseBodyMethodProcessor - Read "application/json;charset=UTF-8" to [LoginRequest(username=DISH_MH, password=Pass@123, recaptchaResponse=0cAFcWeA4wge2pKKqqS_xe_8g1Z7RRDf (truncated)...]
2026-05-11 19:13:02.345 DEBUG
                [http-nio-8085-exec-7] [a61a0f2a-13e7-43a4-86b2-1a38b0851cc9]
                o.s.w.s.m.m.a.HttpEntityMethodProcessor - Using 'application/json', given [application/json, text/plain, */*] and supported [application/json, application/*+json]
2026-05-11 19:13:02.358 DEBUG
                [http-nio-8085-exec-7] [a61a0f2a-13e7-43a4-86b2-1a38b0851cc9]
                o.s.w.s.m.m.a.HttpEntityMethodProcessor - Writing [JwtResponse(token=eyJhbGciOiJIUzI1NiJ9.eyJyb2xlcyI6WyJST0xFX1JFR19BVVRIX0FQSSJdLCJyZWdpc3RyeUlkIjoyM (truncated)...]
2026-05-11 19:13:02.364 DEBUG
                [http-nio-8085-exec-7] [a61a0f2a-13e7-43a4-86b2-1a38b0851cc9]
                o.s.web.servlet.DispatcherServlet - Completed 200 OK
2026-05-11 19:13:02.467 DEBUG
                [http-nio-8085-exec-9] [2f17b64a-22f8-456a-af69-bebc21c4c67c]
                o.s.web.servlet.DispatcherServlet - GET "/MAHASBR/citizenSearch/menus/my", parameters={}
2026-05-11 19:13:02.468 DEBUG
                [http-nio-8085-exec-9] [2f17b64a-22f8-456a-af69-bebc21c4c67c]
                o.s.w.s.m.m.a.RequestMappingHandlerMapping - Mapped to com.mahasbr.controller.MenuController#getMyMenus(Authentication)
2026-05-11 19:13:02.484 DEBUG
                [http-nio-8085-exec-9] [2f17b64a-22f8-456a-af69-bebc21c4c67c]
                o.s.w.s.m.m.a.HttpEntityMethodProcessor - Using 'application/json', given [application/json, text/plain, */*] and supported [application/json, application/*+json]
2026-05-11 19:13:02.484 DEBUG
                [http-nio-8085-exec-9] [2f17b64a-22f8-456a-af69-bebc21c4c67c]
                o.s.w.s.m.m.a.HttpEntityMethodProcessor - Writing [ApiResponse(success=true, message=Menus loaded successfully, data=[MenuDTO(id=18, nameEn=Dashboard,  (truncated)...]
2026-05-11 19:13:02.485 DEBUG
                [http-nio-8085-exec-9] [2f17b64a-22f8-456a-af69-bebc21c4c67c]
                o.s.web.servlet.DispatcherServlet - Completed 200 OK
2026-05-11 19:13:03.666 DEBUG
                [http-nio-8085-exec-3] [fcfbcbc8-c48e-40e5-981b-23010420c372]
                o.s.web.servlet.DispatcherServlet - GET "/MAHASBR/citizenSearch/menus/my", parameters={}
2026-05-11 19:13:03.666 DEBUG
                [http-nio-8085-exec-3] [fcfbcbc8-c48e-40e5-981b-23010420c372]
                o.s.w.s.m.m.a.RequestMappingHandlerMapping - Mapped to com.mahasbr.controller.MenuController#getMyMenus(Authentication)
2026-05-11 19:13:03.669 DEBUG
                [http-nio-8085-exec-4] [274da393-f68f-4297-8b69-76905a1b3d93]
                o.s.web.servlet.DispatcherServlet - GET "/MAHASBR/api/auth/districts", parameters={}
2026-05-11 19:13:03.669 DEBUG
                [http-nio-8085-exec-2] [b4bb2ff8-320a-4976-baa7-eed7d9462cf1]
                o.s.web.servlet.DispatcherServlet - GET "/MAHASBR/api/auth/registoryData?page=0&size=12&sortBy=siNo", parameters={masked}
2026-05-11 19:13:03.670 DEBUG
                [http-nio-8085-exec-4] [274da393-f68f-4297-8b69-76905a1b3d93]
                o.s.w.s.m.m.a.RequestMappingHandlerMapping - Mapped to com.mahasbr.controller.PostLoginDashboardController#getAll()
2026-05-11 19:13:03.670 DEBUG
                [http-nio-8085-exec-2] [b4bb2ff8-320a-4976-baa7-eed7d9462cf1]
                o.s.w.s.m.m.a.RequestMappingHandlerMapping - Mapped to com.mahasbr.controller.PostLoginDashboardController#getMasterRegistoryDetails(Long, int)
2026-05-11 19:13:03.680 DEBUG
                [http-nio-8085-exec-3] [fcfbcbc8-c48e-40e5-981b-23010420c372]
                o.s.w.s.m.m.a.HttpEntityMethodProcessor - Using 'application/json', given [application/json, text/plain, */*] and supported [application/json, application/*+json]
2026-05-11 19:13:03.680 DEBUG
                [http-nio-8085-exec-3] [fcfbcbc8-c48e-40e5-981b-23010420c372]
                o.s.w.s.m.m.a.HttpEntityMethodProcessor - Writing [ApiResponse(success=true, message=Menus loaded successfully, data=[MenuDTO(id=18, nameEn=Dashboard,  (truncated)...]
2026-05-11 19:13:03.681 DEBUG
                [http-nio-8085-exec-3] [fcfbcbc8-c48e-40e5-981b-23010420c372]
                o.s.web.servlet.DispatcherServlet - Completed 200 OK
2026-05-11 19:13:03.692 DEBUG
                [http-nio-8085-exec-2] [b4bb2ff8-320a-4976-baa7-eed7d9462cf1]
                o.s.w.s.m.m.a.ExceptionHandlerExceptionResolver - Using @ExceptionHandler com.mahasbr.config.ExceptionHandlerController#handleGlobalException(Exception, WebRequest)
2026-05-11 19:13:03.693 DEBUG
                [http-nio-8085-exec-2] [b4bb2ff8-320a-4976-baa7-eed7d9462cf1]
                o.s.w.s.m.m.a.HttpEntityMethodProcessor - Using 'application/json', given [application/json, text/plain, */*] and supported [text/plain, */*, application/json, application/*+json]
2026-05-11 19:13:03.694 DEBUG
                [http-nio-8085-exec-2] [b4bb2ff8-320a-4976-baa7-eed7d9462cf1]
                o.s.w.s.m.m.a.HttpEntityMethodProcessor - Writing ["Internal Server Error"]
2026-05-11 19:13:03.694 WARN 
                [http-nio-8085-exec-2] [b4bb2ff8-320a-4976-baa7-eed7d9462cf1]
                o.s.w.s.m.m.a.ExceptionHandlerExceptionResolver - Resolved [org.springframework.data.redis.RedisConnectionFailureException: Unable to connect to Redis]
2026-05-11 19:13:03.695 DEBUG
                [http-nio-8085-exec-2] [b4bb2ff8-320a-4976-baa7-eed7d9462cf1]
                o.s.web.servlet.DispatcherServlet - Completed 500 INTERNAL_SERVER_ERROR
2026-05-11 19:13:03.707 DEBUG
                [http-nio-8085-exec-4] [274da393-f68f-4297-8b69-76905a1b3d93]
                o.s.w.s.m.m.a.HttpEntityMethodProcessor - Using 'application/json', given [application/json, text/plain, */*] and supported [application/json, application/*+json]
2026-05-11 19:13:03.708 DEBUG
                [http-nio-8085-exec-4] [274da393-f68f-4297-8b69-76905a1b3d93]
                o.s.w.s.m.m.a.HttpEntityMethodProcessor - Writing [[DistrictMaster(districtId=373, censusDistrictCode=919, districtName=Palghar, censusStateCode=27, di (truncated)...]
2026-05-11 19:13:03.711 DEBUG
                [http-nio-8085-exec-4] [274da393-f68f-4297-8b69-76905a1b3d93]
                o.s.web.servlet.DispatcherServlet - Completed 200 OK
2026-05-11 19:13:09.930 DEBUG
                [http-nio-8085-exec-10] [c29af689-1abf-4987-abde-f37b0fcdecf5]
                o.s.web.servlet.DispatcherServlet - POST "/MAHASBR/api/auth/logout", parameters={}
2026-05-11 19:13:09.931 DEBUG
                [http-nio-8085-exec-10] [c29af689-1abf-4987-abde-f37b0fcdecf5]
                o.s.w.s.m.m.a.RequestMappingHandlerMapping - Mapped to com.mahasbr.controller.LoginController#logout(String, HttpServletRequest)
2026-05-11 19:13:09.953 DEBUG
                [http-nio-8085-exec-10] [c29af689-1abf-4987-abde-f37b0fcdecf5]
                o.s.w.s.m.m.a.HttpEntityMethodProcessor - Using 'application/json', given [application/json, text/plain, */*] and supported [application/json, application/*+json]
2026-05-11 19:13:09.954 DEBUG
                [http-nio-8085-exec-10] [c29af689-1abf-4987-abde-f37b0fcdecf5]
                o.s.w.s.m.m.a.HttpEntityMethodProcessor - Writing [{message=User logged out successfully}]
2026-05-11 19:13:09.955 DEBUG
                [http-nio-8085-exec-10] [c29af689-1abf-4987-abde-f37b0fcdecf5]
                o.s.web.servlet.DispatcherServlet - Completed 200 OK
2026-05-11 19:13:10.488 WARN 
                [http-nio-8085-exec-5] [eecc06de-dd18-4c07-bef9-2a9419db2378]
                com.mahasbr.filter.AuthTokenFilter - Rejected blacklisted token for request
2026-05-11 19:13:22.201 DEBUG
                [http-nio-8085-exec-8] [0876ecab-793d-4ac0-a3a9-45053290b083]
                o.s.web.servlet.DispatcherServlet - GET "/MAHASBR/citizenSearch/visitor/summary", parameters={}
2026-05-11 19:13:22.202 DEBUG
                [http-nio-8085-exec-8] [0876ecab-793d-4ac0-a3a9-45053290b083]
                o.s.w.s.m.m.a.RequestMappingHandlerMapping - Mapped to com.mahasbr.controller.VisitorController#getVisitSummary()
2026-05-11 19:13:22.226 DEBUG
                [http-nio-8085-exec-8] [0876ecab-793d-4ac0-a3a9-45053290b083]
                o.s.w.s.m.m.a.RequestResponseBodyMethodProcessor - Using 'application/json', given [application/json, text/plain, */*] and supported [application/json, application/*+json]
2026-05-11 19:13:22.226 DEBUG
                [http-nio-8085-exec-8] [0876ecab-793d-4ac0-a3a9-45053290b083]
                o.s.w.s.m.m.a.RequestResponseBodyMethodProcessor - Writing [{todayVisits=5, totalVisits=146}]
2026-05-11 19:13:22.227 DEBUG
                [http-nio-8085-exec-8] [0876ecab-793d-4ac0-a3a9-45053290b083]
                o.s.web.servlet.DispatcherServlet - Completed 200 OK
2026-05-11 19:13:22.234 DEBUG
                [http-nio-8085-exec-1] [de463dfa-612c-4575-8d2e-b754ebb29d2c]
                o.s.web.servlet.DispatcherServlet - POST "/MAHASBR/citizenSearch/visitor", parameters={}
2026-05-11 19:13:22.235 DEBUG
                [http-nio-8085-exec-1] [de463dfa-612c-4575-8d2e-b754ebb29d2c]
                o.s.w.s.m.m.a.RequestMappingHandlerMapping - Mapped to com.mahasbr.controller.VisitorController#recordVisit(HttpServletRequest)
2026-05-11 19:13:22.343 DEBUG
                [http-nio-8085-exec-7] [a2a6d58b-1642-401a-9672-668c30f03de9]
                o.s.web.servlet.DispatcherServlet - GET "/MAHASBR/citizenSearch/visitor/summary", parameters={}
2026-05-11 19:13:22.344 DEBUG
                [http-nio-8085-exec-7] [a2a6d58b-1642-401a-9672-668c30f03de9]
                o.s.w.s.m.m.a.RequestMappingHandlerMapping - Mapped to com.mahasbr.controller.VisitorController#getVisitSummary()
2026-05-11 19:13:22.344 DEBUG
                [http-nio-8085-exec-6] [6a386f36-25bf-4557-baee-10e22ae5247c]
                o.s.web.servlet.DispatcherServlet - GET "/MAHASBR/citizenSearch/visitor/summary", parameters={}
2026-05-11 19:13:22.345 DEBUG
                [http-nio-8085-exec-6] [6a386f36-25bf-4557-baee-10e22ae5247c]
                o.s.w.s.m.m.a.RequestMappingHandlerMapping - Mapped to com.mahasbr.controller.VisitorController#getVisitSummary()
2026-05-11 19:13:22.359 DEBUG
                [http-nio-8085-exec-9] [ef8f83a8-a516-49d8-a1f5-f33dc51d3a9c]
                o.s.web.servlet.DispatcherServlet - GET "/MAHASBR/citizenSearch/visitor/summary", parameters={}
2026-05-11 19:13:22.360 DEBUG
                [http-nio-8085-exec-9] [ef8f83a8-a516-49d8-a1f5-f33dc51d3a9c]
                o.s.w.s.m.m.a.RequestMappingHandlerMapping - Mapped to com.mahasbr.controller.VisitorController#getVisitSummary()
2026-05-11 19:13:22.364 DEBUG
                [http-nio-8085-exec-3] [667e9eff-f607-4d7f-87d5-3a77fc63c337]
                o.s.web.servlet.DispatcherServlet - GET "/MAHASBR/citizenSearch/districts", parameters={}
2026-05-11 19:13:22.364 DEBUG
                [http-nio-8085-exec-6] [6a386f36-25bf-4557-baee-10e22ae5247c]
                o.s.w.s.m.m.a.RequestResponseBodyMethodProcessor - Using 'application/json', given [application/json, text/plain, */*] and supported [application/json, application/*+json]
2026-05-11 19:13:22.365 DEBUG
                [http-nio-8085-exec-3] [667e9eff-f607-4d7f-87d5-3a77fc63c337]
                o.s.w.s.m.m.a.RequestMappingHandlerMapping - Mapped to com.mahasbr.controller.SearchBRNController#getAll()
2026-05-11 19:13:22.366 DEBUG
                [http-nio-8085-exec-7] [a2a6d58b-1642-401a-9672-668c30f03de9]
                o.s.w.s.m.m.a.RequestResponseBodyMethodProcessor - Using 'application/json', given [application/json, text/plain, */*] and supported [application/json, application/*+json]
2026-05-11 19:13:22.368 DEBUG
                [http-nio-8085-exec-6] [6a386f36-25bf-4557-baee-10e22ae5247c]
                o.s.w.s.m.m.a.RequestResponseBodyMethodProcessor - Writing [{todayVisits=5, totalVisits=146}]
2026-05-11 19:13:22.383 DEBUG
                [http-nio-8085-exec-7] [a2a6d58b-1642-401a-9672-668c30f03de9]
                o.s.w.s.m.m.a.RequestResponseBodyMethodProcessor - Writing [{todayVisits=5, totalVisits=146}]
2026-05-11 19:13:22.384 DEBUG
                [http-nio-8085-exec-6] [6a386f36-25bf-4557-baee-10e22ae5247c]
                o.s.web.servlet.DispatcherServlet - Completed 200 OK
2026-05-11 19:13:22.385 DEBUG
                [http-nio-8085-exec-9] [ef8f83a8-a516-49d8-a1f5-f33dc51d3a9c]
                o.s.w.s.m.m.a.RequestResponseBodyMethodProcessor - Using 'application/json', given [application/json, text/plain, */*] and supported [application/json, application/*+json]
2026-05-11 19:13:22.389 DEBUG
                [http-nio-8085-exec-7] [a2a6d58b-1642-401a-9672-668c30f03de9]
                o.s.web.servlet.DispatcherServlet - Completed 200 OK
2026-05-11 19:13:22.391 DEBUG
                [http-nio-8085-exec-1] [de463dfa-612c-4575-8d2e-b754ebb29d2c]
                o.s.w.s.m.m.a.RequestResponseBodyMethodProcessor - Using 'application/json', given [application/json, text/plain, */*] and supported [application/json, application/*+json]
2026-05-11 19:13:22.395 DEBUG
                [http-nio-8085-exec-9] [ef8f83a8-a516-49d8-a1f5-f33dc51d3a9c]
                o.s.w.s.m.m.a.RequestResponseBodyMethodProcessor - Writing [{todayVisits=5, totalVisits=146}]
2026-05-11 19:13:22.398 DEBUG
                [http-nio-8085-exec-1] [de463dfa-612c-4575-8d2e-b754ebb29d2c]
                o.s.w.s.m.m.a.RequestResponseBodyMethodProcessor - Writing [{message=Visit recorded successfully}]
2026-05-11 19:13:22.401 DEBUG
                [http-nio-8085-exec-3] [667e9eff-f607-4d7f-87d5-3a77fc63c337]
                o.s.w.s.m.m.a.HttpEntityMethodProcessor - Using 'application/json', given [application/json, text/plain, */*] and supported [application/json, application/*+json]
2026-05-11 19:13:22.409 DEBUG
                [http-nio-8085-exec-9] [ef8f83a8-a516-49d8-a1f5-f33dc51d3a9c]
                o.s.web.servlet.DispatcherServlet - Completed 200 OK
2026-05-11 19:13:22.411 DEBUG
                [http-nio-8085-exec-3] [667e9eff-f607-4d7f-87d5-3a77fc63c337]
                o.s.w.s.m.m.a.HttpEntityMethodProcessor - Writing [[DistrictMaster(districtId=373, censusDistrictCode=919, districtName=Palghar, censusStateCode=27, di (truncated)...]
2026-05-11 19:13:22.411 DEBUG
                [http-nio-8085-exec-1] [de463dfa-612c-4575-8d2e-b754ebb29d2c]
                o.s.web.servlet.DispatcherServlet - Completed 200 OK
2026-05-11 19:13:22.425 DEBUG
                [http-nio-8085-exec-3] [667e9eff-f607-4d7f-87d5-3a77fc63c337]
                o.s.web.servlet.DispatcherServlet - Completed 200 OK
2026-05-11 19:13:22.971 DEBUG
                [http-nio-8085-exec-8] [848d21ca-71cf-40a0-8972-2336d584a263]
                o.s.web.servlet.DispatcherServlet - GET "/MAHASBR/citizenSearch/circulars", parameters={}
2026-05-11 19:13:22.972 DEBUG
                [http-nio-8085-exec-8] [848d21ca-71cf-40a0-8972-2336d584a263]
                o.s.w.s.m.m.a.RequestMappingHandlerMapping - Mapped to com.mahasbr.controller.SearchBRNController#getAllCirculars()
2026-05-11 19:13:22.975 DEBUG
                [http-nio-8085-exec-10] [efa0927b-af6c-48b5-a295-ca4933e72769]
                o.s.web.servlet.DispatcherServlet - GET "/MAHASBR/citizenSearch/visitor/summary", parameters={}
2026-05-11 19:13:22.975 DEBUG
                [http-nio-8085-exec-5] [e740505c-4665-4b79-a6e7-e006cced4a56]
                o.s.web.servlet.DispatcherServlet - GET "/MAHASBR/citizenSearch/visitor/summary", parameters={}
2026-05-11 19:13:22.976 DEBUG
                [http-nio-8085-exec-10] [efa0927b-af6c-48b5-a295-ca4933e72769]
                o.s.w.s.m.m.a.RequestMappingHandlerMapping - Mapped to com.mahasbr.controller.VisitorController#getVisitSummary()
2026-05-11 19:13:22.976 DEBUG
                [http-nio-8085-exec-5] [e740505c-4665-4b79-a6e7-e006cced4a56]
                o.s.w.s.m.m.a.RequestMappingHandlerMapping - Mapped to com.mahasbr.controller.VisitorController#getVisitSummary()
2026-05-11 19:13:22.976 DEBUG
                [http-nio-8085-exec-2] [41b8ca97-4bf1-4ed3-bba6-7f0aa3e4d258]
                o.s.web.servlet.DispatcherServlet - GET "/MAHASBR/citizenSearch/visitor/summary", parameters={}
2026-05-11 19:13:22.976 DEBUG
                [http-nio-8085-exec-4] [20b02db3-305a-433f-8a77-2b305e8c2c73]
                o.s.web.servlet.DispatcherServlet - GET "/MAHASBR/citizenSearch/visitor/summary", parameters={}
2026-05-11 19:13:22.977 DEBUG
                [http-nio-8085-exec-2] [41b8ca97-4bf1-4ed3-bba6-7f0aa3e4d258]
                o.s.w.s.m.m.a.RequestMappingHandlerMapping - Mapped to com.mahasbr.controller.VisitorController#getVisitSummary()
2026-05-11 19:13:22.977 DEBUG
                [http-nio-8085-exec-4] [20b02db3-305a-433f-8a77-2b305e8c2c73]
                o.s.w.s.m.m.a.RequestMappingHandlerMapping - Mapped to com.mahasbr.controller.VisitorController#getVisitSummary()
2026-05-11 19:13:22.991 DEBUG
                [http-nio-8085-exec-10] [efa0927b-af6c-48b5-a295-ca4933e72769]
                o.s.w.s.m.m.a.RequestResponseBodyMethodProcessor - Using 'application/json', given [application/json, text/plain, */*] and supported [application/json, application/*+json]
2026-05-11 19:13:22.991 DEBUG
                [http-nio-8085-exec-4] [20b02db3-305a-433f-8a77-2b305e8c2c73]
                o.s.w.s.m.m.a.RequestResponseBodyMethodProcessor - Using 'application/json', given [application/json, text/plain, */*] and supported [application/json, application/*+json]
2026-05-11 19:13:22.991 DEBUG
                [http-nio-8085-exec-5] [e740505c-4665-4b79-a6e7-e006cced4a56]
                o.s.w.s.m.m.a.RequestResponseBodyMethodProcessor - Using 'application/json', given [application/json, text/plain, */*] and supported [application/json, application/*+json]
2026-05-11 19:13:22.991 DEBUG
                [http-nio-8085-exec-10] [efa0927b-af6c-48b5-a295-ca4933e72769]
                o.s.w.s.m.m.a.RequestResponseBodyMethodProcessor - Writing [{todayVisits=6, totalVisits=147}]
2026-05-11 19:13:22.991 DEBUG
                [http-nio-8085-exec-4] [20b02db3-305a-433f-8a77-2b305e8c2c73]
                o.s.w.s.m.m.a.RequestResponseBodyMethodProcessor - Writing [{todayVisits=6, totalVisits=147}]
2026-05-11 19:13:22.992 DEBUG
                [http-nio-8085-exec-5] [e740505c-4665-4b79-a6e7-e006cced4a56]
                o.s.w.s.m.m.a.RequestResponseBodyMethodProcessor - Writing [{todayVisits=6, totalVisits=147}]
2026-05-11 19:13:22.992 DEBUG
                [http-nio-8085-exec-10] [efa0927b-af6c-48b5-a295-ca4933e72769]
                o.s.web.servlet.DispatcherServlet - Completed 200 OK
2026-05-11 19:13:22.992 DEBUG
                [http-nio-8085-exec-4] [20b02db3-305a-433f-8a77-2b305e8c2c73]
                o.s.web.servlet.DispatcherServlet - Completed 200 OK
2026-05-11 19:13:22.992 DEBUG
                [http-nio-8085-exec-5] [e740505c-4665-4b79-a6e7-e006cced4a56]
                o.s.web.servlet.DispatcherServlet - Completed 200 OK
2026-05-11 19:13:22.993 DEBUG
                [http-nio-8085-exec-2] [41b8ca97-4bf1-4ed3-bba6-7f0aa3e4d258]
                o.s.w.s.m.m.a.RequestResponseBodyMethodProcessor - Using 'application/json', given [application/json, text/plain, */*] and supported [application/json, application/*+json]
2026-05-11 19:13:22.995 DEBUG
                [http-nio-8085-exec-2] [41b8ca97-4bf1-4ed3-bba6-7f0aa3e4d258]
                o.s.w.s.m.m.a.RequestResponseBodyMethodProcessor - Writing [{todayVisits=6, totalVisits=147}]
2026-05-11 19:13:22.996 DEBUG
                [http-nio-8085-exec-2] [41b8ca97-4bf1-4ed3-bba6-7f0aa3e4d258]
                o.s.web.servlet.DispatcherServlet - Completed 200 OK
2026-05-11 19:13:23.057 DEBUG
                [http-nio-8085-exec-8] [848d21ca-71cf-40a0-8972-2336d584a263]
                o.s.w.s.m.m.a.HttpEntityMethodProcessor - Using 'application/json', given [application/json, text/plain, */*] and supported [application/json, application/*+json]
2026-05-11 19:13:23.059 DEBUG
                [http-nio-8085-exec-8] [848d21ca-71cf-40a0-8972-2336d584a263]
                o.s.w.s.m.m.a.HttpEntityMethodProcessor - Writing [[com.mahasbr.dto.CircularResponseDTO@474faf98]]
2026-05-11 19:13:23.062 DEBUG
                [http-nio-8085-exec-8] [848d21ca-71cf-40a0-8972-2336d584a263]
                o.s.web.servlet.DispatcherServlet - Completed 200 OK
2026-05-11 19:13:23.372 ERROR
                [http-nio-8085-exec-3] [96f256f3-2028-4b8c-8a2f-a4ed83523dab]
                c.mahasbr.filter.AuthEntryPointJwt - Unauthorized error: Full authentication is required to access this resource
2026-05-11 19:13:23.377 ERROR
                [http-nio-8085-exec-3] [96f256f3-2028-4b8c-8a2f-a4ed83523dab]
                c.mahasbr.filter.AuthEntryPointJwt - Unauthorized error: Full authentication is required to access this resource
2026-05-11 19:13:23.376 DEBUG
                [http-nio-8085-exec-9] [28cfb72e-e8fe-45b7-b0c9-3857581869b5]
                o.s.web.servlet.DispatcherServlet - GET "/MAHASBR/citizenSearch/visitor/summary", parameters={}
2026-05-11 19:13:23.377 DEBUG
                [http-nio-8085-exec-6] [05682ba5-5db9-4e33-8445-5341b7b1c6b0]
                o.s.web.servlet.DispatcherServlet - GET "/MAHASBR/citizenSearch/visitor/summary", parameters={}
2026-05-11 19:13:23.377 DEBUG
                [http-nio-8085-exec-1] [2168c0ef-ac35-4512-9303-4ef6ae909d45]
                o.s.web.servlet.DispatcherServlet - GET "/MAHASBR/citizenSearch/visitor/summary", parameters={}
2026-05-11 19:13:23.380 DEBUG
                [http-nio-8085-exec-6] [05682ba5-5db9-4e33-8445-5341b7b1c6b0]
                o.s.w.s.m.m.a.RequestMappingHandlerMapping - Mapped to com.mahasbr.controller.VisitorController#getVisitSummary()
2026-05-11 19:13:23.378 DEBUG
                [http-nio-8085-exec-7] [cab1b87c-562a-4a99-8f24-82b42ccf8c79]
                o.s.web.servlet.DispatcherServlet - GET "/MAHASBR/citizenSearch/visitor/summary", parameters={}
2026-05-11 19:13:23.379 DEBUG
                [http-nio-8085-exec-9] [28cfb72e-e8fe-45b7-b0c9-3857581869b5]
                o.s.w.s.m.m.a.RequestMappingHandlerMapping - Mapped to com.mahasbr.controller.VisitorController#getVisitSummary()
2026-05-11 19:13:23.381 DEBUG
                [http-nio-8085-exec-7] [cab1b87c-562a-4a99-8f24-82b42ccf8c79]
                o.s.w.s.m.m.a.RequestMappingHandlerMapping - Mapped to com.mahasbr.controller.VisitorController#getVisitSummary()
2026-05-11 19:13:23.380 DEBUG
                [http-nio-8085-exec-1] [2168c0ef-ac35-4512-9303-4ef6ae909d45]
                o.s.w.s.m.m.a.RequestMappingHandlerMapping - Mapped to com.mahasbr.controller.VisitorController#getVisitSummary()
2026-05-11 19:13:23.392 DEBUG
                [http-nio-8085-exec-10] [9037a8a5-8be2-45d0-8888-67b9f1ca5a8a]
                o.s.web.servlet.DispatcherServlet - GET "/MAHASBR/citizenSearch/districts", parameters={}
2026-05-11 19:13:23.393 DEBUG
                [http-nio-8085-exec-10] [9037a8a5-8be2-45d0-8888-67b9f1ca5a8a]
                o.s.w.s.m.m.a.RequestMappingHandlerMapping - Mapped to com.mahasbr.controller.SearchBRNController#getAll()
2026-05-11 19:13:23.398 DEBUG
                [http-nio-8085-exec-9] [28cfb72e-e8fe-45b7-b0c9-3857581869b5]
                o.s.w.s.m.m.a.RequestResponseBodyMethodProcessor - Using 'application/json', given [application/json, text/plain, */*] and supported [application/json, application/*+json]
2026-05-11 19:13:23.398 DEBUG
                [http-nio-8085-exec-6] [05682ba5-5db9-4e33-8445-5341b7b1c6b0]
                o.s.w.s.m.m.a.RequestResponseBodyMethodProcessor - Using 'application/json', given [application/json, text/plain, */*] and supported [application/json, application/*+json]
2026-05-11 19:13:23.400 DEBUG
                [http-nio-8085-exec-9] [28cfb72e-e8fe-45b7-b0c9-3857581869b5]
                o.s.w.s.m.m.a.RequestResponseBodyMethodProcessor - Writing [{todayVisits=6, totalVisits=147}]
2026-05-11 19:13:23.400 DEBUG
                [http-nio-8085-exec-1] [2168c0ef-ac35-4512-9303-4ef6ae909d45]
                o.s.w.s.m.m.a.RequestResponseBodyMethodProcessor - Using 'application/json', given [application/json, text/plain, */*] and supported [application/json, application/*+json]
2026-05-11 19:13:23.401 DEBUG
                [http-nio-8085-exec-7] [cab1b87c-562a-4a99-8f24-82b42ccf8c79]
                o.s.w.s.m.m.a.RequestResponseBodyMethodProcessor - Using 'application/json', given [application/json, text/plain, */*] and supported [application/json, application/*+json]
2026-05-11 19:13:23.400 DEBUG
                [http-nio-8085-exec-2] [7cf46f72-9260-4140-b063-857ab3d604fe]
                o.s.web.servlet.DispatcherServlet - GET "/MAHASBR/citizenSearch/registry", parameters={}
2026-05-11 19:13:23.404 DEBUG
                [http-nio-8085-exec-7] [cab1b87c-562a-4a99-8f24-82b42ccf8c79]
                o.s.w.s.m.m.a.RequestResponseBodyMethodProcessor - Writing [{todayVisits=6, totalVisits=147}]
2026-05-11 19:13:23.400 DEBUG
                [http-nio-8085-exec-6] [05682ba5-5db9-4e33-8445-5341b7b1c6b0]
                o.s.w.s.m.m.a.RequestResponseBodyMethodProcessor - Writing [{todayVisits=6, totalVisits=147}]
2026-05-11 19:13:23.405 DEBUG
                [http-nio-8085-exec-7] [cab1b87c-562a-4a99-8f24-82b42ccf8c79]
                o.s.web.servlet.DispatcherServlet - Completed 200 OK
2026-05-11 19:13:23.401 DEBUG
                [http-nio-8085-exec-1] [2168c0ef-ac35-4512-9303-4ef6ae909d45]
                o.s.w.s.m.m.a.RequestResponseBodyMethodProcessor - Writing [{todayVisits=6, totalVisits=147}]
2026-05-11 19:13:23.401 DEBUG
                [http-nio-8085-exec-9] [28cfb72e-e8fe-45b7-b0c9-3857581869b5]
                o.s.web.servlet.DispatcherServlet - Completed 200 OK
2026-05-11 19:13:23.410 DEBUG
                [http-nio-8085-exec-1] [2168c0ef-ac35-4512-9303-4ef6ae909d45]
                o.s.web.servlet.DispatcherServlet - Completed 200 OK
2026-05-11 19:13:23.404 DEBUG
                [http-nio-8085-exec-2] [7cf46f72-9260-4140-b063-857ab3d604fe]
                o.s.w.s.m.m.a.RequestMappingHandlerMapping - Mapped to com.mahasbr.controller.SearchBRNController#getRegistringAutherity()
2026-05-11 19:13:23.406 DEBUG
                [http-nio-8085-exec-6] [05682ba5-5db9-4e33-8445-5341b7b1c6b0]
                o.s.web.servlet.DispatcherServlet - Completed 200 OK
2026-05-11 19:13:23.413 DEBUG
                [http-nio-8085-exec-10] [9037a8a5-8be2-45d0-8888-67b9f1ca5a8a]
                o.s.w.s.m.m.a.HttpEntityMethodProcessor - Using 'application/json', given [application/json, text/plain, */*] and supported [application/json, application/*+json]
2026-05-11 19:13:23.415 DEBUG
                [http-nio-8085-exec-10] [9037a8a5-8be2-45d0-8888-67b9f1ca5a8a]
                o.s.w.s.m.m.a.HttpEntityMethodProcessor - Writing [[DistrictMaster(districtId=373, censusDistrictCode=919, districtName=Palghar, censusStateCode=27, di (truncated)...]
2026-05-11 19:13:23.416 DEBUG
                [http-nio-8085-exec-8] [0f214b88-485a-429b-9ffb-159d971ab92e]
                o.s.web.servlet.DispatcherServlet - GET "/MAHASBR/citizenSearch/citizenDashboardDataRegDeRegNewReg", parameters={}
2026-05-11 19:13:23.417 DEBUG
                [http-nio-8085-exec-8] [0f214b88-485a-429b-9ffb-159d971ab92e]
                o.s.w.s.m.m.a.RequestMappingHandlerMapping - Mapped to com.mahasbr.controller.CitizenDashboardController#citizenDashboardDataRegDeRegNewReg()
2026-05-11 19:13:23.417 DEBUG
                [http-nio-8085-exec-10] [9037a8a5-8be2-45d0-8888-67b9f1ca5a8a]
                o.s.web.servlet.DispatcherServlet - Completed 200 OK
2026-05-11 19:13:23.428 DEBUG
                [http-nio-8085-exec-2] [7cf46f72-9260-4140-b063-857ab3d604fe]
                o.s.w.s.m.m.a.HttpEntityMethodProcessor - Using 'application/json', given [application/json, text/plain, */*] and supported [application/json, application/*+json]
2026-05-11 19:13:23.471 DEBUG
                [http-nio-8085-exec-2] [7cf46f72-9260-4140-b063-857ab3d604fe]
                o.s.w.s.m.m.a.HttpEntityMethodProcessor - Writing [[RegistryMasterResponse(id=21, registryNameEn=The Office of Charity Commissioner Maharashtra State,  (truncated)...]
2026-05-11 19:13:23.460 DEBUG
                [http-nio-8085-exec-5] [59529284-4227-4535-aa2e-4cd50d4e9047]
                o.s.web.servlet.DispatcherServlet - GET "/MAHASBR/citizenSearch/division", parameters={}
2026-05-11 19:13:23.474 DEBUG
                [http-nio-8085-exec-2] [7cf46f72-9260-4140-b063-857ab3d604fe]
                o.s.web.servlet.DispatcherServlet - Completed 200 OK
2026-05-11 19:13:23.465 DEBUG
                [http-nio-8085-exec-11] [8537b3b8-caf8-4c72-9621-fdc1a78b57a3]
                o.s.web.servlet.DispatcherServlet - POST "/MAHASBR/citizenSearch/dashboardData", parameters={}
2026-05-11 19:13:23.479 DEBUG
                [http-nio-8085-exec-11] [8537b3b8-caf8-4c72-9621-fdc1a78b57a3]
                o.s.w.s.m.m.a.RequestMappingHandlerMapping - Mapped to com.mahasbr.controller.CitizenDashboardController#getDashboardData(CitizenDashboardFilter)
2026-05-11 19:13:23.476 DEBUG
                [http-nio-8085-exec-5] [59529284-4227-4535-aa2e-4cd50d4e9047]
                o.s.w.s.m.m.a.RequestMappingHandlerMapping - Mapped to com.mahasbr.controller.SearchBRNController#findDivisionService()
2026-05-11 19:13:23.479 DEBUG
                [http-nio-8085-exec-4] [71cc10a2-08bb-4124-bc5a-91c9689edc69]
                o.s.web.servlet.DispatcherServlet - GET "/MAHASBR/citizenSearch/districts", parameters={}
2026-05-11 19:13:23.482 DEBUG
                [http-nio-8085-exec-4] [71cc10a2-08bb-4124-bc5a-91c9689edc69]
                o.s.w.s.m.m.a.RequestMappingHandlerMapping - Mapped to com.mahasbr.controller.SearchBRNController#getAll()
2026-05-11 19:13:23.501 DEBUG
                [http-nio-8085-exec-4] [71cc10a2-08bb-4124-bc5a-91c9689edc69]
                o.s.w.s.m.m.a.HttpEntityMethodProcessor - Using 'application/json', given [application/json, text/plain, */*] and supported [application/json, application/*+json]
2026-05-11 19:13:23.512 DEBUG
                [http-nio-8085-exec-4] [71cc10a2-08bb-4124-bc5a-91c9689edc69]
                o.s.w.s.m.m.a.HttpEntityMethodProcessor - Writing [[DistrictMaster(districtId=373, censusDistrictCode=919, districtName=Palghar, censusStateCode=27, di (truncated)...]
2026-05-11 19:13:23.517 DEBUG
                [http-nio-8085-exec-4] [71cc10a2-08bb-4124-bc5a-91c9689edc69]
                o.s.web.servlet.DispatcherServlet - Completed 200 OK
2026-05-11 19:13:23.543 DEBUG
                [http-nio-8085-exec-5] [59529284-4227-4535-aa2e-4cd50d4e9047]
                o.s.w.s.m.m.a.HttpEntityMethodProcessor - Using 'application/json', given [application/json, text/plain, */*] and supported [application/json, application/*+json]
2026-05-11 19:13:23.549 DEBUG
                [http-nio-8085-exec-5] [59529284-4227-4535-aa2e-4cd50d4e9047]
                o.s.w.s.m.m.a.HttpEntityMethodProcessor - Writing [[DivisionDto(divisionId=7, divisionName=Amravati, divisionCode=AMR, isActive=true), DivisionDto(divi (truncated)...]
2026-05-11 19:13:23.555 DEBUG
                [http-nio-8085-exec-5] [59529284-4227-4535-aa2e-4cd50d4e9047]
                o.s.web.servlet.DispatcherServlet - Completed 200 OK
2026-05-11 19:13:23.568 DEBUG
                [http-nio-8085-exec-11] [8537b3b8-caf8-4c72-9621-fdc1a78b57a3]
                o.s.w.s.m.m.a.RequestResponseBodyMethodProcessor - Read "application/json;charset=UTF-8" to [CitizenDashboardFilter(countType=NR, act=, region=, district=, year=, quarter=, nic=)]
2026-05-11 19:13:23.569 INFO 
                [http-nio-8085-exec-11] [8537b3b8-caf8-4c72-9621-fdc1a78b57a3]
                c.m.c.CitizenDashboardController - ? Received Filter: CitizenDashboardFilter(countType=NR, act=, region=, district=, year=, quarter=, nic=)
2026-05-11 19:13:23.611 DEBUG
                [http-nio-8085-exec-7] [98cffa3c-3d67-4a53-93b7-788a2516d621]
                o.s.web.servlet.DispatcherServlet - GET "/MAHASBR/citizenSearch/visitor/summary", parameters={}
2026-05-11 19:13:23.612 DEBUG
                [http-nio-8085-exec-7] [98cffa3c-3d67-4a53-93b7-788a2516d621]
                o.s.w.s.m.m.a.RequestMappingHandlerMapping - Mapped to com.mahasbr.controller.VisitorController#getVisitSummary()
2026-05-11 19:13:23.627 DEBUG
                [http-nio-8085-exec-9] [3cc76b4d-3ad1-4c97-92a4-e0d0036e93d0]
                o.s.web.servlet.DispatcherServlet - GET "/MAHASBR/citizenSearch/visitor/summary", parameters={}
2026-05-11 19:13:23.628 DEBUG
                [http-nio-8085-exec-9] [3cc76b4d-3ad1-4c97-92a4-e0d0036e93d0]
                o.s.w.s.m.m.a.RequestMappingHandlerMapping - Mapped to com.mahasbr.controller.VisitorController#getVisitSummary()
2026-05-11 19:13:23.629 DEBUG
                [http-nio-8085-exec-7] [98cffa3c-3d67-4a53-93b7-788a2516d621]
                o.s.w.s.m.m.a.RequestResponseBodyMethodProcessor - Using 'application/json', given [application/json, text/plain, */*] and supported [application/json, application/*+json]
2026-05-11 19:13:23.632 DEBUG
                [http-nio-8085-exec-7] [98cffa3c-3d67-4a53-93b7-788a2516d621]
                o.s.w.s.m.m.a.RequestResponseBodyMethodProcessor - Writing [{todayVisits=6, totalVisits=147}]
2026-05-11 19:13:23.635 DEBUG
                [http-nio-8085-exec-7] [98cffa3c-3d67-4a53-93b7-788a2516d621]
                o.s.web.servlet.DispatcherServlet - Completed 200 OK
2026-05-11 19:13:23.642 DEBUG
                [http-nio-8085-exec-9] [3cc76b4d-3ad1-4c97-92a4-e0d0036e93d0]
                o.s.w.s.m.m.a.RequestResponseBodyMethodProcessor - Using 'application/json', given [application/json, text/plain, */*] and supported [application/json, application/*+json]
2026-05-11 19:13:23.644 DEBUG
                [http-nio-8085-exec-9] [3cc76b4d-3ad1-4c97-92a4-e0d0036e93d0]
                o.s.w.s.m.m.a.RequestResponseBodyMethodProcessor - Writing [{todayVisits=6, totalVisits=147}]
2026-05-11 19:13:23.662 DEBUG
                [http-nio-8085-exec-9] [3cc76b4d-3ad1-4c97-92a4-e0d0036e93d0]
                o.s.web.servlet.DispatcherServlet - Completed 200 OK
2026-05-11 19:13:23.684 ERROR
                [http-nio-8085-exec-3] []
                c.mahasbr.filter.AuthEntryPointJwt - Unauthorized error: Full authentication is required to access this resource
2026-05-11 19:13:23.688 ERROR
                [http-nio-8085-exec-3] []
                c.mahasbr.filter.AuthEntryPointJwt - Unauthorized error: Full authentication is required to access this resource
2026-05-11 19:13:23.812 DEBUG
                [http-nio-8085-exec-6] [1e5fe00c-1c0f-4d37-93d1-4c4b6440742b]
                o.s.web.servlet.DispatcherServlet - GET "/MAHASBR/citizenSearch/visitor/summary", parameters={}
2026-05-11 19:13:23.815 DEBUG
                [http-nio-8085-exec-6] [1e5fe00c-1c0f-4d37-93d1-4c4b6440742b]
                o.s.w.s.m.m.a.RequestMappingHandlerMapping - Mapped to com.mahasbr.controller.VisitorController#getVisitSummary()
2026-05-11 19:13:23.817 DEBUG
                [http-nio-8085-exec-1] [977f92a2-10b1-48d6-8c55-080b9bbe0a1d]
                o.s.web.servlet.DispatcherServlet - GET "/MAHASBR/citizenSearch/visitor/summary", parameters={}
2026-05-11 19:13:23.822 DEBUG
                [http-nio-8085-exec-1] [977f92a2-10b1-48d6-8c55-080b9bbe0a1d]
                o.s.w.s.m.m.a.RequestMappingHandlerMapping - Mapped to com.mahasbr.controller.VisitorController#getVisitSummary()
2026-05-11 19:13:23.838 DEBUG
                [http-nio-8085-exec-6] [1e5fe00c-1c0f-4d37-93d1-4c4b6440742b]
                o.s.w.s.m.m.a.RequestResponseBodyMethodProcessor - Using 'application/json', given [application/json, text/plain, */*] and supported [application/json, application/*+json]
2026-05-11 19:13:23.841 DEBUG
                [http-nio-8085-exec-1] [977f92a2-10b1-48d6-8c55-080b9bbe0a1d]
                o.s.w.s.m.m.a.RequestResponseBodyMethodProcessor - Using 'application/json', given [application/json, text/plain, */*] and supported [application/json, application/*+json]
2026-05-11 19:13:23.851 DEBUG
                [http-nio-8085-exec-6] [1e5fe00c-1c0f-4d37-93d1-4c4b6440742b]
                o.s.w.s.m.m.a.RequestResponseBodyMethodProcessor - Writing [{todayVisits=6, totalVisits=147}]
2026-05-11 19:13:23.851 DEBUG
                [http-nio-8085-exec-1] [977f92a2-10b1-48d6-8c55-080b9bbe0a1d]
                o.s.w.s.m.m.a.RequestResponseBodyMethodProcessor - Writing [{todayVisits=6, totalVisits=147}]
2026-05-11 19:13:23.853 DEBUG
                [http-nio-8085-exec-1] [977f92a2-10b1-48d6-8c55-080b9bbe0a1d]
                o.s.web.servlet.DispatcherServlet - Completed 200 OK
2026-05-11 19:13:23.854 DEBUG
                [http-nio-8085-exec-6] [1e5fe00c-1c0f-4d37-93d1-4c4b6440742b]
                o.s.web.servlet.DispatcherServlet - Completed 200 OK
2026-05-11 19:13:23.866 DEBUG
                [http-nio-8085-exec-10] [4f3589bf-a3a6-4b72-b90e-859f436cbbce]
                o.s.web.servlet.DispatcherServlet - GET "/MAHASBR/citizenSearch/visitor/summary", parameters={}
2026-05-11 19:13:23.867 DEBUG
                [http-nio-8085-exec-10] [4f3589bf-a3a6-4b72-b90e-859f436cbbce]
                o.s.w.s.m.m.a.RequestMappingHandlerMapping - Mapped to com.mahasbr.controller.VisitorController#getVisitSummary()
2026-05-11 19:13:23.877 DEBUG
                [http-nio-8085-exec-2] [a952a19f-2d33-4a35-9520-0edd88fa5944]
                o.s.web.servlet.DispatcherServlet - GET "/MAHASBR/citizenSearch/menus/my", parameters={}
2026-05-11 19:13:23.877 DEBUG
                [http-nio-8085-exec-2] [a952a19f-2d33-4a35-9520-0edd88fa5944]
                o.s.w.s.m.m.a.RequestMappingHandlerMapping - Mapped to com.mahasbr.controller.MenuController#getMyMenus(Authentication)
2026-05-11 19:13:23.878 DEBUG
                [http-nio-8085-exec-2] [a952a19f-2d33-4a35-9520-0edd88fa5944]
                o.s.w.s.m.m.a.HttpEntityMethodProcessor - Using 'application/json', given [application/json, text/plain, */*] and supported [application/json, application/*+json]
2026-05-11 19:13:23.879 DEBUG
                [http-nio-8085-exec-2] [a952a19f-2d33-4a35-9520-0edd88fa5944]
                o.s.w.s.m.m.a.HttpEntityMethodProcessor - Writing [ApiResponse(success=false, message=Unauthorized, data=null)]
2026-05-11 19:13:23.880 DEBUG
                [http-nio-8085-exec-2] [a952a19f-2d33-4a35-9520-0edd88fa5944]
                o.s.web.servlet.DispatcherServlet - Completed 401 UNAUTHORIZED
2026-05-11 19:13:23.887 ERROR
                [http-nio-8085-exec-4] [fce94e9b-ae7c-4e24-99a5-d08fb7f42b88]
                c.mahasbr.filter.AuthEntryPointJwt - Unauthorized error: Full authentication is required to access this resource
2026-05-11 19:13:23.888 DEBUG
                [http-nio-8085-exec-10] [4f3589bf-a3a6-4b72-b90e-859f436cbbce]
                o.s.w.s.m.m.a.RequestResponseBodyMethodProcessor - Using 'application/json', given [application/json, text/plain, */*] and supported [application/json, application/*+json]
2026-05-11 19:13:23.889 DEBUG
                [http-nio-8085-exec-10] [4f3589bf-a3a6-4b72-b90e-859f436cbbce]
                o.s.w.s.m.m.a.RequestResponseBodyMethodProcessor - Writing [{todayVisits=6, totalVisits=147}]
2026-05-11 19:13:23.888 ERROR
                [http-nio-8085-exec-4] [fce94e9b-ae7c-4e24-99a5-d08fb7f42b88]
                c.mahasbr.filter.AuthEntryPointJwt - Unauthorized error: Full authentication is required to access this resource
2026-05-11 19:13:23.890 DEBUG
                [http-nio-8085-exec-10] [4f3589bf-a3a6-4b72-b90e-859f436cbbce]
                o.s.web.servlet.DispatcherServlet - Completed 200 OK
2026-05-11 19:13:23.891 ERROR
                [http-nio-8085-exec-4] []
                c.mahasbr.filter.AuthEntryPointJwt - Unauthorized error: Full authentication is required to access this resource
2026-05-11 19:13:23.893 ERROR
                [http-nio-8085-exec-4] []
                c.mahasbr.filter.AuthEntryPointJwt - Unauthorized error: Full authentication is required to access this resource
2026-05-11 19:13:23.923 ERROR
                [http-nio-8085-exec-5] [a7809439-61e4-473f-8a21-d92c0c0d57c0]
                c.mahasbr.filter.AuthEntryPointJwt - Unauthorized error: Full authentication is required to access this resource
2026-05-11 19:13:23.924 ERROR
                [http-nio-8085-exec-5] [a7809439-61e4-473f-8a21-d92c0c0d57c0]
                c.mahasbr.filter.AuthEntryPointJwt - Unauthorized error: Full authentication is required to access this resource
2026-05-11 19:13:23.925 DEBUG
                [http-nio-8085-exec-7] [75ba2ddf-f6ff-4b3b-bb44-0758b792fb90]
                o.s.web.servlet.DispatcherServlet - GET "/MAHASBR/citizenSearch/menus/my", parameters={}
2026-05-11 19:13:23.928 DEBUG
                [http-nio-8085-exec-7] [75ba2ddf-f6ff-4b3b-bb44-0758b792fb90]
                o.s.w.s.m.m.a.RequestMappingHandlerMapping - Mapped to com.mahasbr.controller.MenuController#getMyMenus(Authentication)
2026-05-11 19:13:23.926 ERROR
                [http-nio-8085-exec-5] []
                c.mahasbr.filter.AuthEntryPointJwt - Unauthorized error: Full authentication is required to access this resource
2026-05-11 19:13:23.931 DEBUG
                [http-nio-8085-exec-7] [75ba2ddf-f6ff-4b3b-bb44-0758b792fb90]
                o.s.w.s.m.m.a.HttpEntityMethodProcessor - Using 'application/json', given [application/json, text/plain, */*] and supported [application/json, application/*+json]
2026-05-11 19:13:24.013 ERROR
                [http-nio-8085-exec-5] []
                c.mahasbr.filter.AuthEntryPointJwt - Unauthorized error: Full authentication is required to access this resource
2026-05-11 19:13:24.014 DEBUG
                [http-nio-8085-exec-7] [75ba2ddf-f6ff-4b3b-bb44-0758b792fb90]
                o.s.w.s.m.m.a.HttpEntityMethodProcessor - Writing [ApiResponse(success=false, message=Unauthorized, data=null)]
2026-05-11 19:13:24.020 DEBUG
                [http-nio-8085-exec-7] [75ba2ddf-f6ff-4b3b-bb44-0758b792fb90]
                o.s.web.servlet.DispatcherServlet - Completed 401 UNAUTHORIZED
2026-05-11 19:13:24.113 DEBUG
                [http-nio-8085-exec-9] [5446de89-a5ab-4740-92e9-ba8997d21ebe]
                o.s.web.servlet.DispatcherServlet - GET "/MAHASBR/citizenSearch/visitor/summary", parameters={}
2026-05-11 19:13:24.114 DEBUG
                [http-nio-8085-exec-9] [5446de89-a5ab-4740-92e9-ba8997d21ebe]
                o.s.w.s.m.m.a.RequestMappingHandlerMapping - Mapped to com.mahasbr.controller.VisitorController#getVisitSummary()
2026-05-11 19:13:24.118 ERROR
                [http-nio-8085-exec-3] [f02edfaa-26e1-4260-a584-835e0554ae33]
                c.mahasbr.filter.AuthEntryPointJwt - Unauthorized error: Full authentication is required to access this resource
2026-05-11 19:13:24.122 ERROR
                [http-nio-8085-exec-3] [f02edfaa-26e1-4260-a584-835e0554ae33]
                c.mahasbr.filter.AuthEntryPointJwt - Unauthorized error: Full authentication is required to access this resource
2026-05-11 19:13:24.123 ERROR
                [http-nio-8085-exec-1] [5df22387-19be-47d7-ab99-e16e8d7d4b7c]
                c.mahasbr.filter.AuthEntryPointJwt - Unauthorized error: Full authentication is required to access this resource
2026-05-11 19:13:24.123 ERROR
                [http-nio-8085-exec-3] []
                c.mahasbr.filter.AuthEntryPointJwt - Unauthorized error: Full authentication is required to access this resource
2026-05-11 19:13:24.124 ERROR
                [http-nio-8085-exec-1] [5df22387-19be-47d7-ab99-e16e8d7d4b7c]
                c.mahasbr.filter.AuthEntryPointJwt - Unauthorized error: Full authentication is required to access this resource
2026-05-11 19:13:24.124 ERROR
                [http-nio-8085-exec-3] []
                c.mahasbr.filter.AuthEntryPointJwt - Unauthorized error: Full authentication is required to access this resource
2026-05-11 19:13:24.126 ERROR
                [http-nio-8085-exec-1] []
                c.mahasbr.filter.AuthEntryPointJwt - Unauthorized error: Full authentication is required to access this resource
2026-05-11 19:13:24.126 DEBUG
                [http-nio-8085-exec-9] [5446de89-a5ab-4740-92e9-ba8997d21ebe]
                o.s.w.s.m.m.a.RequestResponseBodyMethodProcessor - Using 'application/json', given [application/json, text/plain, */*] and supported [application/json, application/*+json]
2026-05-11 19:13:24.128 ERROR
                [http-nio-8085-exec-1] []
                c.mahasbr.filter.AuthEntryPointJwt - Unauthorized error: Full authentication is required to access this resource
2026-05-11 19:13:24.128 DEBUG
                [http-nio-8085-exec-9] [5446de89-a5ab-4740-92e9-ba8997d21ebe]
                o.s.w.s.m.m.a.RequestResponseBodyMethodProcessor - Writing [{todayVisits=6, totalVisits=147}]
2026-05-11 19:13:24.130 DEBUG
                [http-nio-8085-exec-9] [5446de89-a5ab-4740-92e9-ba8997d21ebe]
                o.s.web.servlet.DispatcherServlet - Completed 200 OK
2026-05-11 19:13:24.176 DEBUG
                [http-nio-8085-exec-6] [6082a5c2-9776-419b-86ed-1af1038a7420]
                o.s.web.servlet.DispatcherServlet - GET "/MAHASBR/citizenSearch/menus/my", parameters={}
2026-05-11 19:13:24.177 DEBUG
                [http-nio-8085-exec-6] [6082a5c2-9776-419b-86ed-1af1038a7420]
                o.s.w.s.m.m.a.RequestMappingHandlerMapping - Mapped to com.mahasbr.controller.MenuController#getMyMenus(Authentication)
2026-05-11 19:13:24.192 DEBUG
                [http-nio-8085-exec-6] [6082a5c2-9776-419b-86ed-1af1038a7420]
                o.s.w.s.m.m.a.HttpEntityMethodProcessor - Using 'application/json', given [application/json, text/plain, */*] and supported [application/json, application/*+json]
2026-05-11 19:13:24.193 DEBUG
                [http-nio-8085-exec-2] [019ba76e-4773-4960-baed-d98fba57c886]
                o.s.web.servlet.DispatcherServlet - GET "/MAHASBR/citizenSearch/visitor/summary", parameters={}
2026-05-11 19:13:24.208 DEBUG
                [http-nio-8085-exec-2] [019ba76e-4773-4960-baed-d98fba57c886]
                o.s.w.s.m.m.a.RequestMappingHandlerMapping - Mapped to com.mahasbr.controller.VisitorController#getVisitSummary()
2026-05-11 19:13:24.193 DEBUG
                [http-nio-8085-exec-6] [6082a5c2-9776-419b-86ed-1af1038a7420]
                o.s.w.s.m.m.a.HttpEntityMethodProcessor - Writing [ApiResponse(success=false, message=Unauthorized, data=null)]
2026-05-11 19:13:24.211 DEBUG
                [http-nio-8085-exec-10] [04061475-d3b8-474b-801b-4e5a7468ae48]
                o.s.web.servlet.DispatcherServlet - GET "/MAHASBR/citizenSearch/menus/my", parameters={}
2026-05-11 19:13:24.212 DEBUG
                [http-nio-8085-exec-10] [04061475-d3b8-474b-801b-4e5a7468ae48]
                o.s.w.s.m.m.a.RequestMappingHandlerMapping - Mapped to com.mahasbr.controller.MenuController#getMyMenus(Authentication)
2026-05-11 19:13:24.212 DEBUG
                [http-nio-8085-exec-6] [6082a5c2-9776-419b-86ed-1af1038a7420]
                o.s.web.servlet.DispatcherServlet - Completed 401 UNAUTHORIZED
2026-05-11 19:13:24.213 DEBUG
                [http-nio-8085-exec-10] [04061475-d3b8-474b-801b-4e5a7468ae48]
                o.s.w.s.m.m.a.HttpEntityMethodProcessor - Using 'application/json', given [application/json, text/plain, */*] and supported [application/json, application/*+json]
2026-05-11 19:13:24.215 DEBUG
                [http-nio-8085-exec-10] [04061475-d3b8-474b-801b-4e5a7468ae48]
                o.s.w.s.m.m.a.HttpEntityMethodProcessor - Writing [ApiResponse(success=false, message=Unauthorized, data=null)]
2026-05-11 19:13:24.217 DEBUG
                [http-nio-8085-exec-10] [04061475-d3b8-474b-801b-4e5a7468ae48]
                o.s.web.servlet.DispatcherServlet - Completed 401 UNAUTHORIZED
2026-05-11 19:13:24.221 DEBUG
                [http-nio-8085-exec-2] [019ba76e-4773-4960-baed-d98fba57c886]
                o.s.w.s.m.m.a.RequestResponseBodyMethodProcessor - Using 'application/json', given [application/json, text/plain, */*] and supported [application/json, application/*+json]
2026-05-11 19:13:24.242 DEBUG
                [http-nio-8085-exec-2] [019ba76e-4773-4960-baed-d98fba57c886]
                o.s.w.s.m.m.a.RequestResponseBodyMethodProcessor - Writing [{todayVisits=6, totalVisits=147}]
2026-05-11 19:13:24.245 DEBUG
                [http-nio-8085-exec-2] [019ba76e-4773-4960-baed-d98fba57c886]
                o.s.web.servlet.DispatcherServlet - Completed 200 OK
2026-05-11 19:13:24.404 DEBUG
                [http-nio-8085-exec-4] [7482840c-a1f8-4800-83a6-e399daf84f3d]
                o.s.web.servlet.DispatcherServlet - GET "/MAHASBR/citizenSearch/visitor/summary", parameters={}
2026-05-11 19:13:24.406 DEBUG
                [http-nio-8085-exec-4] [7482840c-a1f8-4800-83a6-e399daf84f3d]
                o.s.w.s.m.m.a.RequestMappingHandlerMapping - Mapped to com.mahasbr.controller.VisitorController#getVisitSummary()
2026-05-11 19:13:24.407 DEBUG
                [http-nio-8085-exec-5] [199c1bf8-6c37-41e1-aa1d-afd6496126ba]
                o.s.web.servlet.DispatcherServlet - GET "/MAHASBR/citizenSearch/visitor/summary", parameters={}
2026-05-11 19:13:24.408 DEBUG
                [http-nio-8085-exec-5] [199c1bf8-6c37-41e1-aa1d-afd6496126ba]
                o.s.w.s.m.m.a.RequestMappingHandlerMapping - Mapped to com.mahasbr.controller.VisitorController#getVisitSummary()
2026-05-11 19:13:24.418 DEBUG
                [http-nio-8085-exec-4] [7482840c-a1f8-4800-83a6-e399daf84f3d]
                o.s.w.s.m.m.a.RequestResponseBodyMethodProcessor - Using 'application/json', given [application/json, text/plain, */*] and supported [application/json, application/*+json]
2026-05-11 19:13:24.421 DEBUG
                [http-nio-8085-exec-4] [7482840c-a1f8-4800-83a6-e399daf84f3d]
                o.s.w.s.m.m.a.RequestResponseBodyMethodProcessor - Writing [{todayVisits=6, totalVisits=147}]
2026-05-11 19:13:24.422 DEBUG
                [http-nio-8085-exec-4] [7482840c-a1f8-4800-83a6-e399daf84f3d]
                o.s.web.servlet.DispatcherServlet - Completed 200 OK
2026-05-11 19:13:24.427 DEBUG
                [http-nio-8085-exec-5] [199c1bf8-6c37-41e1-aa1d-afd6496126ba]
                o.s.w.s.m.m.a.RequestResponseBodyMethodProcessor - Using 'application/json', given [application/json, text/plain, */*] and supported [application/json, application/*+json]
2026-05-11 19:13:24.439 DEBUG
                [http-nio-8085-exec-5] [199c1bf8-6c37-41e1-aa1d-afd6496126ba]
                o.s.w.s.m.m.a.RequestResponseBodyMethodProcessor - Writing [{todayVisits=6, totalVisits=147}]
2026-05-11 19:13:24.440 DEBUG
                [http-nio-8085-exec-3] [745300ea-6e88-4db2-8d9e-1f85dad88de5]
                o.s.web.servlet.DispatcherServlet - GET "/MAHASBR/citizenSearch/menus/my", parameters={}
2026-05-11 19:13:24.440 DEBUG
                [http-nio-8085-exec-5] [199c1bf8-6c37-41e1-aa1d-afd6496126ba]
                o.s.web.servlet.DispatcherServlet - Completed 200 OK
2026-05-11 19:13:24.448 DEBUG
                [http-nio-8085-exec-3] [745300ea-6e88-4db2-8d9e-1f85dad88de5]
                o.s.w.s.m.m.a.RequestMappingHandlerMapping - Mapped to com.mahasbr.controller.MenuController#getMyMenus(Authentication)
2026-05-11 19:13:24.450 DEBUG
                [http-nio-8085-exec-7] [2a2dbc7e-2ac7-4063-802a-d2cb221c8f62]
                o.s.web.servlet.DispatcherServlet - GET "/MAHASBR/citizenSearch/menus/my", parameters={}
2026-05-11 19:13:24.452 DEBUG
                [http-nio-8085-exec-1] [f60b4268-6b34-422a-a811-777b918bc352]
                o.s.web.servlet.DispatcherServlet - GET "/MAHASBR/citizenSearch/visitor/summary", parameters={}
2026-05-11 19:13:24.454 ERROR
                [http-nio-8085-exec-9] [67442bf3-7348-426d-be8f-ba5b00907c5a]
                c.mahasbr.filter.AuthEntryPointJwt - Unauthorized error: Full authentication is required to access this resource
2026-05-11 19:13:24.457 ERROR
                [http-nio-8085-exec-9] [67442bf3-7348-426d-be8f-ba5b00907c5a]
                c.mahasbr.filter.AuthEntryPointJwt - Unauthorized error: Full authentication is required to access this resource
2026-05-11 19:13:24.455 DEBUG
                [http-nio-8085-exec-6] [334189a9-c02c-4406-9d83-991e6c25471c]
                o.s.web.servlet.DispatcherServlet - GET "/MAHASBR/citizenSearch/menus/my", parameters={}
2026-05-11 19:13:24.459 DEBUG
                [http-nio-8085-exec-6] [334189a9-c02c-4406-9d83-991e6c25471c]
                o.s.w.s.m.m.a.RequestMappingHandlerMapping - Mapped to com.mahasbr.controller.MenuController#getMyMenus(Authentication)
2026-05-11 19:13:24.460 DEBUG
                [http-nio-8085-exec-6] [334189a9-c02c-4406-9d83-991e6c25471c]
                o.s.w.s.m.m.a.HttpEntityMethodProcessor - Using 'application/json', given [application/json, text/plain, */*] and supported [application/json, application/*+json]
2026-05-11 19:13:24.462 DEBUG
                [http-nio-8085-exec-6] [334189a9-c02c-4406-9d83-991e6c25471c]
                o.s.w.s.m.m.a.HttpEntityMethodProcessor - Writing [ApiResponse(success=false, message=Unauthorized, data=null)]
2026-05-11 19:13:24.456 DEBUG
                [http-nio-8085-exec-3] [745300ea-6e88-4db2-8d9e-1f85dad88de5]
                o.s.w.s.m.m.a.HttpEntityMethodProcessor - Using 'application/json', given [application/json, text/plain, */*] and supported [application/json, application/*+json]
2026-05-11 19:13:24.456 DEBUG
                [http-nio-8085-exec-7] [2a2dbc7e-2ac7-4063-802a-d2cb221c8f62]
                o.s.w.s.m.m.a.RequestMappingHandlerMapping - Mapped to com.mahasbr.controller.MenuController#getMyMenus(Authentication)
2026-05-11 19:13:24.457 DEBUG
                [http-nio-8085-exec-1] [f60b4268-6b34-422a-a811-777b918bc352]
                o.s.w.s.m.m.a.RequestMappingHandlerMapping - Mapped to com.mahasbr.controller.VisitorController#getVisitSummary()
2026-05-11 19:13:24.458 ERROR
                [http-nio-8085-exec-9] []
                c.mahasbr.filter.AuthEntryPointJwt - Unauthorized error: Full authentication is required to access this resource
2026-05-11 19:13:24.464 DEBUG
                [http-nio-8085-exec-6] [334189a9-c02c-4406-9d83-991e6c25471c]
                o.s.web.servlet.DispatcherServlet - Completed 401 UNAUTHORIZED
2026-05-11 19:13:24.465 ERROR
                [http-nio-8085-exec-10] [845cb3f1-7d7a-4969-8eb3-7fb88aa9831b]
                c.mahasbr.filter.AuthEntryPointJwt - Unauthorized error: Full authentication is required to access this resource
2026-05-11 19:13:24.465 DEBUG
                [http-nio-8085-exec-3] [745300ea-6e88-4db2-8d9e-1f85dad88de5]
                o.s.w.s.m.m.a.HttpEntityMethodProcessor - Writing [ApiResponse(success=false, message=Unauthorized, data=null)]
2026-05-11 19:13:24.466 DEBUG
                [http-nio-8085-exec-7] [2a2dbc7e-2ac7-4063-802a-d2cb221c8f62]
                o.s.w.s.m.m.a.HttpEntityMethodProcessor - Using 'application/json', given [application/json, text/plain, */*] and supported [application/json, application/*+json]
2026-05-11 19:13:24.491 DEBUG
                [http-nio-8085-exec-7] [2a2dbc7e-2ac7-4063-802a-d2cb221c8f62]
                o.s.w.s.m.m.a.HttpEntityMethodProcessor - Writing [ApiResponse(success=false, message=Unauthorized, data=null)]
2026-05-11 19:13:24.468 ERROR
                [http-nio-8085-exec-9] []
                c.mahasbr.filter.AuthEntryPointJwt - Unauthorized error: Full authentication is required to access this resource
2026-05-11 19:13:24.483 ERROR
                [http-nio-8085-exec-10] [845cb3f1-7d7a-4969-8eb3-7fb88aa9831b]
                c.mahasbr.filter.AuthEntryPointJwt - Unauthorized error: Full authentication is required to access this resource
2026-05-11 19:13:24.491 DEBUG
                [http-nio-8085-exec-3] [745300ea-6e88-4db2-8d9e-1f85dad88de5]
                o.s.web.servlet.DispatcherServlet - Completed 401 UNAUTHORIZED
2026-05-11 19:13:24.496 ERROR
                [http-nio-8085-exec-10] []
                c.mahasbr.filter.AuthEntryPointJwt - Unauthorized error: Full authentication is required to access this resource
2026-05-11 19:13:24.493 DEBUG
                [http-nio-8085-exec-7] [2a2dbc7e-2ac7-4063-802a-d2cb221c8f62]
                o.s.web.servlet.DispatcherServlet - Completed 401 UNAUTHORIZED
2026-05-11 19:13:24.496 ERROR
                [http-nio-8085-exec-10] []
                c.mahasbr.filter.AuthEntryPointJwt - Unauthorized error: Full authentication is required to access this resource
2026-05-11 19:13:24.506 DEBUG
                [http-nio-8085-exec-1] [f60b4268-6b34-422a-a811-777b918bc352]
                o.s.w.s.m.m.a.RequestResponseBodyMethodProcessor - Using 'application/json', given [application/json, text/plain, */*] and supported [application/json, application/*+json]
2026-05-11 19:13:24.511 DEBUG
                [http-nio-8085-exec-1] [f60b4268-6b34-422a-a811-777b918bc352]
                o.s.w.s.m.m.a.RequestResponseBodyMethodProcessor - Writing [{todayVisits=6, totalVisits=147}]
2026-05-11 19:13:24.513 DEBUG
                [http-nio-8085-exec-1] [f60b4268-6b34-422a-a811-777b918bc352]
                o.s.web.servlet.DispatcherServlet - Completed 200 OK
2026-05-11 19:13:24.625 DEBUG
                [http-nio-8085-exec-2] [bf262a98-04fe-4207-88c5-baf81a8f04a9]
                o.s.web.servlet.DispatcherServlet - GET "/MAHASBR/citizenSearch/visitor/summary", parameters={}
2026-05-11 19:13:24.626 DEBUG
                [http-nio-8085-exec-2] [bf262a98-04fe-4207-88c5-baf81a8f04a9]
                o.s.w.s.m.m.a.RequestMappingHandlerMapping - Mapped to com.mahasbr.controller.VisitorController#getVisitSummary()
2026-05-11 19:13:24.639 DEBUG
                [http-nio-8085-exec-4] [aafd1b7c-4940-4225-88e7-6f0a8589b59d]
                o.s.web.servlet.DispatcherServlet - GET "/MAHASBR/citizenSearch/menus/my", parameters={}
2026-05-11 19:13:24.639 DEBUG
                [http-nio-8085-exec-4] [aafd1b7c-4940-4225-88e7-6f0a8589b59d]
                o.s.w.s.m.m.a.RequestMappingHandlerMapping - Mapped to com.mahasbr.controller.MenuController#getMyMenus(Authentication)
2026-05-11 19:13:24.640 DEBUG
                [http-nio-8085-exec-4] [aafd1b7c-4940-4225-88e7-6f0a8589b59d]
                o.s.w.s.m.m.a.HttpEntityMethodProcessor - Using 'application/json', given [application/json, text/plain, */*] and supported [application/json, application/*+json]
2026-05-11 19:13:24.641 DEBUG
                [http-nio-8085-exec-4] [aafd1b7c-4940-4225-88e7-6f0a8589b59d]
                o.s.w.s.m.m.a.HttpEntityMethodProcessor - Writing [ApiResponse(success=false, message=Unauthorized, data=null)]
2026-05-11 19:13:24.642 DEBUG
                [http-nio-8085-exec-4] [aafd1b7c-4940-4225-88e7-6f0a8589b59d]
                o.s.web.servlet.DispatcherServlet - Completed 401 UNAUTHORIZED
2026-05-11 19:13:24.643 DEBUG
                [http-nio-8085-exec-2] [bf262a98-04fe-4207-88c5-baf81a8f04a9]
                o.s.w.s.m.m.a.RequestResponseBodyMethodProcessor - Using 'application/json', given [application/json, text/plain, */*] and supported [application/json, application/*+json]
2026-05-11 19:13:24.644 DEBUG
                [http-nio-8085-exec-2] [bf262a98-04fe-4207-88c5-baf81a8f04a9]
                o.s.w.s.m.m.a.RequestResponseBodyMethodProcessor - Writing [{todayVisits=6, totalVisits=147}]
2026-05-11 19:13:24.650 DEBUG
                [http-nio-8085-exec-2] [bf262a98-04fe-4207-88c5-baf81a8f04a9]
                o.s.web.servlet.DispatcherServlet - Completed 200 OK
2026-05-11 19:13:24.654 DEBUG
                [http-nio-8085-exec-5] [15261262-f765-4cc7-ad2c-2e414d8ff8ae]
                o.s.web.servlet.DispatcherServlet - GET "/MAHASBR/citizenSearch/visitor/summary", parameters={}
2026-05-11 19:13:24.657 DEBUG
                [http-nio-8085-exec-5] [15261262-f765-4cc7-ad2c-2e414d8ff8ae]
                o.s.w.s.m.m.a.RequestMappingHandlerMapping - Mapped to com.mahasbr.controller.VisitorController#getVisitSummary()
2026-05-11 19:13:24.664 DEBUG
                [http-nio-8085-exec-6] [31cd9589-28e0-41ff-981d-3dc6b58fc136]
                o.s.web.servlet.DispatcherServlet - GET "/MAHASBR/citizenSearch/menus/my", parameters={}
2026-05-11 19:13:24.665 DEBUG
                [http-nio-8085-exec-6] [31cd9589-28e0-41ff-981d-3dc6b58fc136]
                o.s.w.s.m.m.a.RequestMappingHandlerMapping - Mapped to com.mahasbr.controller.MenuController#getMyMenus(Authentication)
2026-05-11 19:13:24.666 DEBUG
                [http-nio-8085-exec-6] [31cd9589-28e0-41ff-981d-3dc6b58fc136]
                o.s.w.s.m.m.a.HttpEntityMethodProcessor - Using 'application/json', given [application/json, text/plain, */*] and supported [application/json, application/*+json]
2026-05-11 19:13:24.667 DEBUG
                [http-nio-8085-exec-6] [31cd9589-28e0-41ff-981d-3dc6b58fc136]
                o.s.w.s.m.m.a.HttpEntityMethodProcessor - Writing [ApiResponse(success=false, message=Unauthorized, data=null)]
2026-05-11 19:13:24.670 DEBUG
                [http-nio-8085-exec-5] [15261262-f765-4cc7-ad2c-2e414d8ff8ae]
                o.s.w.s.m.m.a.RequestResponseBodyMethodProcessor - Using 'application/json', given [application/json, text/plain, */*] and supported [application/json, application/*+json]
2026-05-11 19:13:24.687 DEBUG
                [http-nio-8085-exec-6] [31cd9589-28e0-41ff-981d-3dc6b58fc136]
                o.s.web.servlet.DispatcherServlet - Completed 401 UNAUTHORIZED
2026-05-11 19:13:24.688 DEBUG
                [http-nio-8085-exec-5] [15261262-f765-4cc7-ad2c-2e414d8ff8ae]
                o.s.w.s.m.m.a.RequestResponseBodyMethodProcessor - Writing [{todayVisits=6, totalVisits=147}]
2026-05-11 19:13:24.692 DEBUG
                [http-nio-8085-exec-5] [15261262-f765-4cc7-ad2c-2e414d8ff8ae]
                o.s.web.servlet.DispatcherServlet - Completed 200 OK
2026-05-11 19:13:24.701 ERROR
                [http-nio-8085-exec-3] [fed14683-da79-438e-a97f-b62fbe9a4fa4]
                c.mahasbr.filter.AuthEntryPointJwt - Unauthorized error: Full authentication is required to access this resource
2026-05-11 19:13:24.721 ERROR
                [http-nio-8085-exec-3] [fed14683-da79-438e-a97f-b62fbe9a4fa4]
                c.mahasbr.filter.AuthEntryPointJwt - Unauthorized error: Full authentication is required to access this resource
2026-05-11 19:13:24.722 ERROR
                [http-nio-8085-exec-3] []
                c.mahasbr.filter.AuthEntryPointJwt - Unauthorized error: Full authentication is required to access this resource
2026-05-11 19:13:24.722 ERROR
                [http-nio-8085-exec-4] [0c4d68d9-fe01-4c26-9fab-ff5a72e8f27f]
                c.mahasbr.filter.AuthEntryPointJwt - Unauthorized error: Full authentication is required to access this resource
2026-05-11 19:13:24.724 ERROR
                [http-nio-8085-exec-1] [785f030f-c0af-4460-8ae7-b964f38ae89e]
                c.mahasbr.filter.AuthEntryPointJwt - Unauthorized error: Full authentication is required to access this resource
2026-05-11 19:13:24.724 ERROR
                [http-nio-8085-exec-3] []
                c.mahasbr.filter.AuthEntryPointJwt - Unauthorized error: Full authentication is required to access this resource
2026-05-11 19:13:24.725 ERROR
                [http-nio-8085-exec-4] [0c4d68d9-fe01-4c26-9fab-ff5a72e8f27f]
                c.mahasbr.filter.AuthEntryPointJwt - Unauthorized error: Full authentication is required to access this resource
2026-05-11 19:13:24.726 ERROR
                [http-nio-8085-exec-6] [dfc58df7-e6d9-48c1-bdcd-a45b1d30ea9c]
                c.mahasbr.filter.AuthEntryPointJwt - Unauthorized error: Full authentication is required to access this resource
2026-05-11 19:13:24.726 DEBUG
                [http-nio-8085-exec-7] [c10f07a9-f723-409d-a32c-d0c088d16651]
                o.s.web.servlet.DispatcherServlet - GET "/MAHASBR/citizenSearch/menus/my", parameters={}
2026-05-11 19:13:24.732 ERROR
                [http-nio-8085-exec-5] [57d97622-8b1d-4240-b45b-2da3236082db]
                c.mahasbr.filter.AuthEntryPointJwt - Unauthorized error: Full authentication is required to access this resource
2026-05-11 19:13:24.727 ERROR
                [http-nio-8085-exec-1] [785f030f-c0af-4460-8ae7-b964f38ae89e]
                c.mahasbr.filter.AuthEntryPointJwt - Unauthorized error: Full authentication is required to access this resource
2026-05-11 19:13:24.727 ERROR
                [http-nio-8085-exec-10] [f23ac9bb-5918-4c8e-a55e-936bddd87d56]
                c.mahasbr.filter.AuthEntryPointJwt - Unauthorized error: Full authentication is required to access this resource
2026-05-11 19:13:24.733 ERROR
                [http-nio-8085-exec-10] [f23ac9bb-5918-4c8e-a55e-936bddd87d56]
                c.mahasbr.filter.AuthEntryPointJwt - Unauthorized error: Full authentication is required to access this resource
2026-05-11 19:13:24.734 ERROR
                [http-nio-8085-exec-1] []
                c.mahasbr.filter.AuthEntryPointJwt - Unauthorized error: Full authentication is required to access this resource
2026-05-11 19:13:24.735 ERROR
                [http-nio-8085-exec-1] []
                c.mahasbr.filter.AuthEntryPointJwt - Unauthorized error: Full authentication is required to access this resource
2026-05-11 19:13:24.727 ERROR
                [http-nio-8085-exec-2] [cb75384d-416b-4b0e-a971-1a622435fd79]
                c.mahasbr.filter.AuthEntryPointJwt - Unauthorized error: Full authentication is required to access this resource
2026-05-11 19:13:24.728 DEBUG
                [http-nio-8085-exec-9] [61b50a5e-edaa-44b9-9320-5331f99ef951]
                o.s.web.servlet.DispatcherServlet - GET "/MAHASBR/citizenSearch/visitor/summary", parameters={}
2026-05-11 19:13:24.738 DEBUG
                [http-nio-8085-exec-9] [61b50a5e-edaa-44b9-9320-5331f99ef951]
                o.s.w.s.m.m.a.RequestMappingHandlerMapping - Mapped to com.mahasbr.controller.VisitorController#getVisitSummary()
2026-05-11 19:13:24.728 ERROR
                [http-nio-8085-exec-4] []
                c.mahasbr.filter.AuthEntryPointJwt - Unauthorized error: Full authentication is required to access this resource
2026-05-11 19:13:24.731 ERROR
                [http-nio-8085-exec-6] [dfc58df7-e6d9-48c1-bdcd-a45b1d30ea9c]
                c.mahasbr.filter.AuthEntryPointJwt - Unauthorized error: Full authentication is required to access this resource
2026-05-11 19:13:24.733 DEBUG
                [http-nio-8085-exec-7] [c10f07a9-f723-409d-a32c-d0c088d16651]
                o.s.w.s.m.m.a.RequestMappingHandlerMapping - Mapped to com.mahasbr.controller.MenuController#getMyMenus(Authentication)
2026-05-11 19:13:24.741 DEBUG
                [http-nio-8085-exec-7] [c10f07a9-f723-409d-a32c-d0c088d16651]
                o.s.w.s.m.m.a.HttpEntityMethodProcessor - Using 'application/json', given [application/json, text/plain, */*] and supported [application/json, application/*+json]
2026-05-11 19:13:24.733 ERROR
                [http-nio-8085-exec-5] [57d97622-8b1d-4240-b45b-2da3236082db]
                c.mahasbr.filter.AuthEntryPointJwt - Unauthorized error: Full authentication is required to access this resource
2026-05-11 19:13:24.735 ERROR
                [http-nio-8085-exec-10] []
                c.mahasbr.filter.AuthEntryPointJwt - Unauthorized error: Full authentication is required to access this resource
2026-05-11 19:13:24.737 ERROR
                [http-nio-8085-exec-2] [cb75384d-416b-4b0e-a971-1a622435fd79]
                c.mahasbr.filter.AuthEntryPointJwt - Unauthorized error: Full authentication is required to access this resource
2026-05-11 19:13:24.739 ERROR
                [http-nio-8085-exec-4] []
                c.mahasbr.filter.AuthEntryPointJwt - Unauthorized error: Full authentication is required to access this resource
2026-05-11 19:13:24.741 ERROR
                [http-nio-8085-exec-6] []
                c.mahasbr.filter.AuthEntryPointJwt - Unauthorized error: Full authentication is required to access this resource
2026-05-11 19:13:24.743 ERROR
                [http-nio-8085-exec-2] []
                c.mahasbr.filter.AuthEntryPointJwt - Unauthorized error: Full authentication is required to access this resource
2026-05-11 19:13:24.743 ERROR
                [http-nio-8085-exec-2] []
                c.mahasbr.filter.AuthEntryPointJwt - Unauthorized error: Full authentication is required to access this resource
2026-05-11 19:13:24.742 DEBUG
                [http-nio-8085-exec-7] [c10f07a9-f723-409d-a32c-d0c088d16651]
                o.s.w.s.m.m.a.HttpEntityMethodProcessor - Writing [ApiResponse(success=false, message=Unauthorized, data=null)]
2026-05-11 19:13:24.742 ERROR
                [http-nio-8085-exec-10] []
                c.mahasbr.filter.AuthEntryPointJwt - Unauthorized error: Full authentication is required to access this resource
2026-05-11 19:13:24.743 ERROR
                [http-nio-8085-exec-6] []
                c.mahasbr.filter.AuthEntryPointJwt - Unauthorized error: Full authentication is required to access this resource
2026-05-11 19:13:24.743 ERROR
                [http-nio-8085-exec-5] []
                c.mahasbr.filter.AuthEntryPointJwt - Unauthorized error: Full authentication is required to access this resource
2026-05-11 19:13:24.756 ERROR
                [http-nio-8085-exec-5] []
                c.mahasbr.filter.AuthEntryPointJwt - Unauthorized error: Full authentication is required to access this resource
2026-05-11 19:13:24.745 DEBUG
                [http-nio-8085-exec-7] [c10f07a9-f723-409d-a32c-d0c088d16651]
                o.s.web.servlet.DispatcherServlet - Completed 401 UNAUTHORIZED
2026-05-11 19:13:24.750 DEBUG
                [http-nio-8085-exec-9] [61b50a5e-edaa-44b9-9320-5331f99ef951]
                o.s.w.s.m.m.a.RequestResponseBodyMethodProcessor - Using 'application/json', given [application/json, text/plain, */*] and supported [application/json, application/*+json]
2026-05-11 19:13:24.760 DEBUG
                [http-nio-8085-exec-9] [61b50a5e-edaa-44b9-9320-5331f99ef951]
                o.s.w.s.m.m.a.RequestResponseBodyMethodProcessor - Writing [{todayVisits=6, totalVisits=147}]
2026-05-11 19:13:24.761 DEBUG
                [http-nio-8085-exec-9] [61b50a5e-edaa-44b9-9320-5331f99ef951]
                o.s.web.servlet.DispatcherServlet - Completed 200 OK
2026-05-11 19:13:24.882 DEBUG
                [http-nio-8085-exec-2] [1d1bab11-3b7e-4141-9509-4ae0c40ca82b]
                o.s.web.servlet.DispatcherServlet - GET "/MAHASBR/citizenSearch/menus", parameters={}
2026-05-11 19:13:24.894 DEBUG
                [http-nio-8085-exec-2] [1d1bab11-3b7e-4141-9509-4ae0c40ca82b]
                o.s.w.s.m.m.a.RequestMappingHandlerMapping - Mapped to com.mahasbr.controller.MenuController#getAllMenus()
2026-05-11 19:13:24.891 DEBUG
                [http-nio-8085-exec-4] [11089cae-2578-450d-ad9f-3437fe94d68b]
                o.s.web.servlet.DispatcherServlet - GET "/MAHASBR/citizenSearch/menus/my", parameters={}
2026-05-11 19:13:24.893 DEBUG
                [http-nio-8085-exec-10] [c8c6d88f-f183-482a-9083-5edb15c060a9]
                o.s.web.servlet.DispatcherServlet - GET "/MAHASBR/citizenSearch/visitor/summary", parameters={}
2026-05-11 19:13:24.906 DEBUG
                [http-nio-8085-exec-4] [11089cae-2578-450d-ad9f-3437fe94d68b]
                o.s.w.s.m.m.a.RequestMappingHandlerMapping - Mapped to com.mahasbr.controller.MenuController#getMyMenus(Authentication)
2026-05-11 19:13:24.907 DEBUG
                [http-nio-8085-exec-10] [c8c6d88f-f183-482a-9083-5edb15c060a9]
                o.s.w.s.m.m.a.RequestMappingHandlerMapping - Mapped to com.mahasbr.controller.VisitorController#getVisitSummary()
2026-05-11 19:13:24.913 DEBUG
                [http-nio-8085-exec-1] [849a2ce0-ee87-46a9-8d18-038c8c417ff9]
                o.s.web.servlet.DispatcherServlet - GET "/MAHASBR/citizenSearch/visitor/summary", parameters={}
2026-05-11 19:13:24.910 DEBUG
                [http-nio-8085-exec-4] [11089cae-2578-450d-ad9f-3437fe94d68b]
                o.s.w.s.m.m.a.HttpEntityMethodProcessor - Using 'application/json', given [application/json, text/plain, */*] and supported [application/json, application/*+json]
2026-05-11 19:13:24.923 DEBUG
                [http-nio-8085-exec-9] [70866493-2b34-47a6-be66-5da35df80a9d]
                o.s.web.servlet.DispatcherServlet - GET "/MAHASBR/citizenSearch/menus/my", parameters={}
2026-05-11 19:13:24.923 DEBUG
                [http-nio-8085-exec-4] [11089cae-2578-450d-ad9f-3437fe94d68b]
                o.s.w.s.m.m.a.HttpEntityMethodProcessor - Writing [ApiResponse(success=false, message=Unauthorized, data=null)]
2026-05-11 19:13:24.924 DEBUG
                [http-nio-8085-exec-9] [70866493-2b34-47a6-be66-5da35df80a9d]
                o.s.w.s.m.m.a.RequestMappingHandlerMapping - Mapped to com.mahasbr.controller.MenuController#getMyMenus(Authentication)
2026-05-11 19:13:24.911 DEBUG
                [http-nio-8085-exec-6] [4b3fe3ea-0774-4c2c-a05a-4b4e99318074]
                o.s.web.servlet.DispatcherServlet - GET "/MAHASBR/citizenSearch/menus/my", parameters={}
2026-05-11 19:13:24.925 DEBUG
                [http-nio-8085-exec-7] [d39895bb-73f0-45e0-943b-672105d3e975]
                o.s.web.servlet.DispatcherServlet - GET "/MAHASBR/admin/roles", parameters={}
2026-05-11 19:13:24.926 DEBUG
                [http-nio-8085-exec-6] [4b3fe3ea-0774-4c2c-a05a-4b4e99318074]
                o.s.w.s.m.m.a.RequestMappingHandlerMapping - Mapped to com.mahasbr.controller.MenuController#getMyMenus(Authentication)
2026-05-11 19:13:24.911 DEBUG
                [http-nio-8085-exec-3] [60330534-ab5a-4c64-a809-7e241cc0e738]
                o.s.web.servlet.DispatcherServlet - GET "/MAHASBR/citizenSearch/visitor/summary", parameters={}
2026-05-11 19:13:24.913 DEBUG
                [http-nio-8085-exec-5] [f7cd4ce7-10fd-4f84-b3bc-8f655dcd07c5]
                o.s.web.servlet.DispatcherServlet - GET "/MAHASBR/citizenSearch/menus", parameters={}
2026-05-11 19:13:24.916 DEBUG
                [http-nio-8085-exec-1] [849a2ce0-ee87-46a9-8d18-038c8c417ff9]
                o.s.w.s.m.m.a.RequestMappingHandlerMapping - Mapped to com.mahasbr.controller.VisitorController#getVisitSummary()
2026-05-11 19:13:24.924 DEBUG
                [http-nio-8085-exec-4] [11089cae-2578-450d-ad9f-3437fe94d68b]
                o.s.web.servlet.DispatcherServlet - Completed 401 UNAUTHORIZED
2026-05-11 19:13:24.924 DEBUG
                [http-nio-8085-exec-9] [70866493-2b34-47a6-be66-5da35df80a9d]
                o.s.w.s.m.m.a.HttpEntityMethodProcessor - Using 'application/json', given [application/json, text/plain, */*] and supported [application/json, application/*+json]
2026-05-11 19:13:24.926 DEBUG
                [http-nio-8085-exec-7] [d39895bb-73f0-45e0-943b-672105d3e975]
                o.s.w.s.m.m.a.RequestMappingHandlerMapping - Mapped to com.mahasbr.controller.RoleController#getAllRoles()
2026-05-11 19:13:24.926 DEBUG
                [http-nio-8085-exec-3] [60330534-ab5a-4c64-a809-7e241cc0e738]
                o.s.w.s.m.m.a.RequestMappingHandlerMapping - Mapped to com.mahasbr.controller.VisitorController#getVisitSummary()
2026-05-11 19:13:24.927 DEBUG
                [http-nio-8085-exec-6] [4b3fe3ea-0774-4c2c-a05a-4b4e99318074]
                o.s.w.s.m.m.a.HttpEntityMethodProcessor - Using 'application/json', given [application/json, text/plain, */*] and supported [application/json, application/*+json]
2026-05-11 19:13:24.927 DEBUG
                [http-nio-8085-exec-5] [f7cd4ce7-10fd-4f84-b3bc-8f655dcd07c5]
                o.s.w.s.m.m.a.RequestMappingHandlerMapping - Mapped to com.mahasbr.controller.MenuController#getAllMenus()
2026-05-11 19:13:24.928 DEBUG
                [http-nio-8085-exec-9] [70866493-2b34-47a6-be66-5da35df80a9d]
                o.s.w.s.m.m.a.HttpEntityMethodProcessor - Writing [ApiResponse(success=false, message=Unauthorized, data=null)]
2026-05-11 19:13:24.933 DEBUG
                [http-nio-8085-exec-9] [70866493-2b34-47a6-be66-5da35df80a9d]
                o.s.web.servlet.DispatcherServlet - Completed 401 UNAUTHORIZED
2026-05-11 19:13:24.928 DEBUG
                [http-nio-8085-exec-12] [5829a624-2902-4d74-9810-56d969b38761]
                o.s.web.servlet.DispatcherServlet - GET "/MAHASBR/citizenSearch/menus", parameters={}
2026-05-11 19:13:24.940 DEBUG
                [http-nio-8085-exec-1] [849a2ce0-ee87-46a9-8d18-038c8c417ff9]
                o.s.w.s.m.m.a.RequestResponseBodyMethodProcessor - Using 'application/json', given [application/json, text/plain, */*] and supported [application/json, application/*+json]
2026-05-11 19:13:24.941 DEBUG
                [http-nio-8085-exec-1] [849a2ce0-ee87-46a9-8d18-038c8c417ff9]
                o.s.w.s.m.m.a.RequestResponseBodyMethodProcessor - Writing [{todayVisits=6, totalVisits=147}]
2026-05-11 19:13:24.943 DEBUG
                [http-nio-8085-exec-1] [849a2ce0-ee87-46a9-8d18-038c8c417ff9]
                o.s.web.servlet.DispatcherServlet - Completed 200 OK
2026-05-11 19:13:24.944 DEBUG
                [http-nio-8085-exec-10] [c8c6d88f-f183-482a-9083-5edb15c060a9]
                o.s.w.s.m.m.a.RequestResponseBodyMethodProcessor - Using 'application/json', given [application/json, text/plain, */*] and supported [application/json, application/*+json]
2026-05-11 19:13:24.946 DEBUG
                [http-nio-8085-exec-10] [c8c6d88f-f183-482a-9083-5edb15c060a9]
                o.s.w.s.m.m.a.RequestResponseBodyMethodProcessor - Writing [{todayVisits=6, totalVisits=147}]
2026-05-11 19:13:24.930 DEBUG
                [http-nio-8085-exec-6] [4b3fe3ea-0774-4c2c-a05a-4b4e99318074]
                o.s.w.s.m.m.a.HttpEntityMethodProcessor - Writing [ApiResponse(success=false, message=Unauthorized, data=null)]
2026-05-11 19:13:24.941 DEBUG
                [http-nio-8085-exec-12] [5829a624-2902-4d74-9810-56d969b38761]
                o.s.w.s.m.m.a.RequestMappingHandlerMapping - Mapped to com.mahasbr.controller.MenuController#getAllMenus()
2026-05-11 19:13:24.947 DEBUG
                [http-nio-8085-exec-10] [c8c6d88f-f183-482a-9083-5edb15c060a9]
                o.s.web.servlet.DispatcherServlet - Completed 200 OK
2026-05-11 19:13:24.957 DEBUG
                [http-nio-8085-exec-6] [4b3fe3ea-0774-4c2c-a05a-4b4e99318074]
                o.s.web.servlet.DispatcherServlet - Completed 401 UNAUTHORIZED
2026-05-11 19:13:24.966 DEBUG
                [http-nio-8085-exec-3] [60330534-ab5a-4c64-a809-7e241cc0e738]
                o.s.w.s.m.m.a.RequestResponseBodyMethodProcessor - Using 'application/json', given [application/json, text/plain, */*] and supported [application/json, application/*+json]
2026-05-11 19:13:24.970 DEBUG
                [http-nio-8085-exec-3] [60330534-ab5a-4c64-a809-7e241cc0e738]
                o.s.w.s.m.m.a.RequestResponseBodyMethodProcessor - Writing [{todayVisits=6, totalVisits=147}]
2026-05-11 19:13:24.971 DEBUG
                [http-nio-8085-exec-3] [60330534-ab5a-4c64-a809-7e241cc0e738]
                o.s.web.servlet.DispatcherServlet - Completed 200 OK
2026-05-11 19:13:24.973 DEBUG
                [http-nio-8085-exec-7] [d39895bb-73f0-45e0-943b-672105d3e975]
                o.s.w.s.m.m.a.HttpEntityMethodProcessor - Using 'application/json', given [application/json, text/plain, */*] and supported [application/json, application/*+json]
2026-05-11 19:13:24.974 DEBUG
                [http-nio-8085-exec-7] [d39895bb-73f0-45e0-943b-672105d3e975]
                o.s.w.s.m.m.a.HttpEntityMethodProcessor - Writing [ApiResponse(success=true, message=Roles fetched successfully, data=[Role(id=4, name=ROLE_ADMIN), Rol (truncated)...]
2026-05-11 19:13:24.977 DEBUG
                [http-nio-8085-exec-7] [d39895bb-73f0-45e0-943b-672105d3e975]
                o.s.web.servlet.DispatcherServlet - Completed 200 OK
2026-05-11 19:13:25.707 DEBUG
                [http-nio-8085-exec-11] [8537b3b8-caf8-4c72-9621-fdc1a78b57a3]
                o.s.w.s.m.m.a.HttpEntityMethodProcessor - Using 'application/json', given [application/json, text/plain, */*] and supported [application/json, application/*+json]
2026-05-11 19:13:25.708 DEBUG
                [http-nio-8085-exec-11] [8537b3b8-caf8-4c72-9621-fdc1a78b57a3]
                o.s.w.s.m.m.a.HttpEntityMethodProcessor - Writing [[org.springframework.data.jpa.repository.query.AbstractJpaQuery$TupleConverter$TupleBackedMap@5f77de (truncated)...]
2026-05-11 19:13:25.715 DEBUG
                [http-nio-8085-exec-11] [8537b3b8-caf8-4c72-9621-fdc1a78b57a3]
                o.s.web.servlet.DispatcherServlet - Completed 200 OK
2026-05-11 19:13:27.493 DEBUG
                [http-nio-8085-exec-5] [f7cd4ce7-10fd-4f84-b3bc-8f655dcd07c5]
                o.s.w.s.m.m.a.HttpEntityMethodProcessor - Using 'application/json', given [application/json, text/plain, */*] and supported [application/json, application/*+json]
2026-05-11 19:13:27.493 DEBUG
                [http-nio-8085-exec-5] [f7cd4ce7-10fd-4f84-b3bc-8f655dcd07c5]
                o.s.w.s.m.m.a.HttpEntityMethodProcessor - Writing [ApiResponse(success=true, message=Menus fetched successfully, data=[MenuDTO(id=11, nameEn=Reports, n (truncated)...]
2026-05-11 19:13:27.496 DEBUG
                [http-nio-8085-exec-5] [f7cd4ce7-10fd-4f84-b3bc-8f655dcd07c5]
                o.s.web.servlet.DispatcherServlet - Completed 200 OK
2026-05-11 19:13:27.594 DEBUG
                [http-nio-8085-exec-12] [5829a624-2902-4d74-9810-56d969b38761]
                o.s.w.s.m.m.a.HttpEntityMethodProcessor - Using 'application/json', given [application/json, text/plain, */*] and supported [application/json, application/*+json]
2026-05-11 19:13:27.595 DEBUG
                [http-nio-8085-exec-12] [5829a624-2902-4d74-9810-56d969b38761]
                o.s.w.s.m.m.a.HttpEntityMethodProcessor - Writing [ApiResponse(success=true, message=Menus fetched successfully, data=[MenuDTO(id=11, nameEn=Reports, n (truncated)...]
2026-05-11 19:13:27.598 DEBUG
                [http-nio-8085-exec-12] [5829a624-2902-4d74-9810-56d969b38761]
                o.s.web.servlet.DispatcherServlet - Completed 200 OK
2026-05-11 19:13:27.598 DEBUG
                [http-nio-8085-exec-4] [4c21ad08-c8bb-482d-8be6-3a85d50e65a6]
                o.s.web.servlet.DispatcherServlet - GET "/MAHASBR/citizenSearch/visitor/summary", parameters={}
2026-05-11 19:13:27.602 DEBUG
                [http-nio-8085-exec-4] [4c21ad08-c8bb-482d-8be6-3a85d50e65a6]
                o.s.w.s.m.m.a.RequestMappingHandlerMapping - Mapped to com.mahasbr.controller.VisitorController#getVisitSummary()
2026-05-11 19:13:27.637 DEBUG
                [http-nio-8085-exec-9] [2be3624e-d84e-4616-9888-c4b9356d4933]
                o.s.web.servlet.DispatcherServlet - GET "/MAHASBR/citizenSearch/menus/my", parameters={}
2026-05-11 19:13:27.638 DEBUG
                [http-nio-8085-exec-9] [2be3624e-d84e-4616-9888-c4b9356d4933]
                o.s.w.s.m.m.a.RequestMappingHandlerMapping - Mapped to com.mahasbr.controller.MenuController#getMyMenus(Authentication)
2026-05-11 19:13:27.652 DEBUG
                [http-nio-8085-exec-9] [2be3624e-d84e-4616-9888-c4b9356d4933]
                o.s.w.s.m.m.a.HttpEntityMethodProcessor - Using 'application/json', given [application/json, text/plain, */*] and supported [application/json, application/*+json]
2026-05-11 19:13:27.653 DEBUG
                [http-nio-8085-exec-9] [2be3624e-d84e-4616-9888-c4b9356d4933]
                o.s.w.s.m.m.a.HttpEntityMethodProcessor - Writing [ApiResponse(success=false, message=Unauthorized, data=null)]
2026-05-11 19:13:27.654 DEBUG
                [http-nio-8085-exec-9] [2be3624e-d84e-4616-9888-c4b9356d4933]
                o.s.web.servlet.DispatcherServlet - Completed 401 UNAUTHORIZED
2026-05-11 19:13:27.654 DEBUG
                [http-nio-8085-exec-1] [54389c3a-996c-4406-bd99-7d92759d0749]
                o.s.web.servlet.DispatcherServlet - GET "/MAHASBR/citizenSearch/all", parameters={}
2026-05-11 19:13:27.656 DEBUG
                [http-nio-8085-exec-1] [54389c3a-996c-4406-bd99-7d92759d0749]
                o.s.w.s.m.m.a.RequestMappingHandlerMapping - Mapped to com.mahasbr.controller.RequestFormController#getAllRequests()
2026-05-11 19:13:27.657 DEBUG
                [http-nio-8085-exec-4] [4c21ad08-c8bb-482d-8be6-3a85d50e65a6]
                o.s.w.s.m.m.a.RequestResponseBodyMethodProcessor - Using 'application/json', given [application/json, text/plain, */*] and supported [application/json, application/*+json]
2026-05-11 19:13:27.665 DEBUG
                [http-nio-8085-exec-4] [4c21ad08-c8bb-482d-8be6-3a85d50e65a6]
                o.s.w.s.m.m.a.RequestResponseBodyMethodProcessor - Writing [{todayVisits=6, totalVisits=147}]
2026-05-11 19:13:27.666 DEBUG
                [http-nio-8085-exec-4] [4c21ad08-c8bb-482d-8be6-3a85d50e65a6]
                o.s.web.servlet.DispatcherServlet - Completed 200 OK
2026-05-11 19:13:27.694 DEBUG
                [http-nio-8085-exec-1] [54389c3a-996c-4406-bd99-7d92759d0749]
                o.s.w.s.m.m.a.HttpEntityMethodProcessor - Using 'application/json', given [application/json, text/plain, */*] and supported [application/json, application/*+json]
2026-05-11 19:13:27.694 DEBUG
                [http-nio-8085-exec-1] [54389c3a-996c-4406-bd99-7d92759d0749]
                o.s.w.s.m.m.a.HttpEntityMethodProcessor - Writing [ApiResponse(success=true, message=Fetched successfully, data=[RequestFormDTO(name=Jitendra Ghasle, e (truncated)...]
2026-05-11 19:13:27.696 DEBUG
                [http-nio-8085-exec-1] [54389c3a-996c-4406-bd99-7d92759d0749]
                o.s.web.servlet.DispatcherServlet - Completed 200 OK
2026-05-11 19:13:27.721 DEBUG
                [http-nio-8085-exec-10] [afc29138-18fd-486e-9a1d-e5285d130dd6]
                o.s.web.servlet.DispatcherServlet - GET "/MAHASBR/citizenSearch/visitor/summary", parameters={}
2026-05-11 19:13:27.727 DEBUG
                [http-nio-8085-exec-10] [afc29138-18fd-486e-9a1d-e5285d130dd6]
                o.s.w.s.m.m.a.RequestMappingHandlerMapping - Mapped to com.mahasbr.controller.VisitorController#getVisitSummary()
2026-05-11 19:13:27.730 DEBUG
                [http-nio-8085-exec-2] [1d1bab11-3b7e-4141-9509-4ae0c40ca82b]
                o.s.w.s.m.m.a.HttpEntityMethodProcessor - Using 'application/json', given [application/json, text/plain, */*] and supported [application/json, application/*+json]
2026-05-11 19:13:27.732 DEBUG
                [http-nio-8085-exec-2] [1d1bab11-3b7e-4141-9509-4ae0c40ca82b]
                o.s.w.s.m.m.a.HttpEntityMethodProcessor - Writing [ApiResponse(success=true, message=Menus fetched successfully, data=[MenuDTO(id=11, nameEn=Reports, n (truncated)...]
2026-05-11 19:13:27.738 DEBUG
                [http-nio-8085-exec-2] [1d1bab11-3b7e-4141-9509-4ae0c40ca82b]
                o.s.web.servlet.DispatcherServlet - Completed 200 OK
2026-05-11 19:13:27.738 DEBUG
                [http-nio-8085-exec-3] [805f5aff-640b-4e84-a581-22f76e59e3a7]
                o.s.web.servlet.DispatcherServlet - GET "/MAHASBR/citizenSearch/api/nic-categories", parameters={}
2026-05-11 19:13:27.738 DEBUG
                [http-nio-8085-exec-3] [805f5aff-640b-4e84-a581-22f76e59e3a7]
                o.s.w.s.m.m.a.RequestMappingHandlerMapping - Mapped to com.mahasbr.controller.NICCategoryController#getAllCategories()
2026-05-11 19:13:27.739 DEBUG
                [http-nio-8085-exec-10] [afc29138-18fd-486e-9a1d-e5285d130dd6]
                o.s.w.s.m.m.a.RequestResponseBodyMethodProcessor - Using 'application/json', given [application/json, text/plain, */*] and supported [application/json, application/*+json]
2026-05-11 19:13:27.739 DEBUG
                [http-nio-8085-exec-6] [f4b22062-f91a-4828-b5a5-a1da05ad86c6]
                o.s.web.servlet.DispatcherServlet - GET "/MAHASBR/citizenSearch/menus/my", parameters={}
2026-05-11 19:13:27.741 DEBUG
                [http-nio-8085-exec-10] [afc29138-18fd-486e-9a1d-e5285d130dd6]
                o.s.w.s.m.m.a.RequestResponseBodyMethodProcessor - Writing [{todayVisits=6, totalVisits=147}]
2026-05-11 19:13:27.745 DEBUG
                [http-nio-8085-exec-6] [f4b22062-f91a-4828-b5a5-a1da05ad86c6]
                o.s.w.s.m.m.a.RequestMappingHandlerMapping - Mapped to com.mahasbr.controller.MenuController#getMyMenus(Authentication)
2026-05-11 19:13:27.745 DEBUG
                [http-nio-8085-exec-10] [afc29138-18fd-486e-9a1d-e5285d130dd6]
                o.s.web.servlet.DispatcherServlet - Completed 200 OK
2026-05-11 19:13:27.745 DEBUG
                [http-nio-8085-exec-6] [f4b22062-f91a-4828-b5a5-a1da05ad86c6]
                o.s.w.s.m.m.a.HttpEntityMethodProcessor - Using 'application/json', given [application/json, text/plain, */*] and supported [application/json, application/*+json]
2026-05-11 19:13:27.746 DEBUG
                [http-nio-8085-exec-6] [f4b22062-f91a-4828-b5a5-a1da05ad86c6]
                o.s.w.s.m.m.a.HttpEntityMethodProcessor - Writing [ApiResponse(success=false, message=Unauthorized, data=null)]
2026-05-11 19:13:27.747 DEBUG
                [http-nio-8085-exec-6] [f4b22062-f91a-4828-b5a5-a1da05ad86c6]
                o.s.web.servlet.DispatcherServlet - Completed 401 UNAUTHORIZED
2026-05-11 19:13:27.817 DEBUG
                [http-nio-8085-exec-7] [7c8d8c00-e484-457e-8e66-9187fd5da574]
                o.s.web.servlet.DispatcherServlet - GET "/MAHASBR/citizenSearch/visitor/summary", parameters={}
2026-05-11 19:13:27.819 DEBUG
                [http-nio-8085-exec-7] [7c8d8c00-e484-457e-8e66-9187fd5da574]
                o.s.w.s.m.m.a.RequestMappingHandlerMapping - Mapped to com.mahasbr.controller.VisitorController#getVisitSummary()
2026-05-11 19:13:27.826 DEBUG
                [http-nio-8085-exec-11] [058d7cc4-4e86-4338-9438-a2284b36bc44]
                o.s.web.servlet.DispatcherServlet - GET "/MAHASBR/citizenSearch/menus/my", parameters={}
2026-05-11 19:13:27.826 DEBUG
                [http-nio-8085-exec-11] [058d7cc4-4e86-4338-9438-a2284b36bc44]
                o.s.w.s.m.m.a.RequestMappingHandlerMapping - Mapped to com.mahasbr.controller.MenuController#getMyMenus(Authentication)
2026-05-11 19:13:27.827 DEBUG
                [http-nio-8085-exec-11] [058d7cc4-4e86-4338-9438-a2284b36bc44]
                o.s.w.s.m.m.a.HttpEntityMethodProcessor - Using 'application/json', given [application/json, text/plain, */*] and supported [application/json, application/*+json]
2026-05-11 19:13:27.828 DEBUG
                [http-nio-8085-exec-11] [058d7cc4-4e86-4338-9438-a2284b36bc44]
                o.s.w.s.m.m.a.HttpEntityMethodProcessor - Writing [ApiResponse(success=false, message=Unauthorized, data=null)]
2026-05-11 19:13:27.829 DEBUG
                [http-nio-8085-exec-11] [058d7cc4-4e86-4338-9438-a2284b36bc44]
                o.s.web.servlet.DispatcherServlet - Completed 401 UNAUTHORIZED
2026-05-11 19:13:27.834 DEBUG
                [http-nio-8085-exec-7] [7c8d8c00-e484-457e-8e66-9187fd5da574]
                o.s.w.s.m.m.a.RequestResponseBodyMethodProcessor - Using 'application/json', given [application/json, text/plain, */*] and supported [application/json, application/*+json]
2026-05-11 19:13:27.836 DEBUG
                [http-nio-8085-exec-7] [7c8d8c00-e484-457e-8e66-9187fd5da574]
                o.s.w.s.m.m.a.RequestResponseBodyMethodProcessor - Writing [{todayVisits=6, totalVisits=147}]
2026-05-11 19:13:27.837 DEBUG
                [http-nio-8085-exec-7] [7c8d8c00-e484-457e-8e66-9187fd5da574]
                o.s.web.servlet.DispatcherServlet - Completed 200 OK
2026-05-11 19:13:27.846 DEBUG
                [http-nio-8085-exec-5] [12273740-1ac9-4f6b-b9f4-0ef52aa4ea74]
                o.s.web.servlet.DispatcherServlet - GET "/MAHASBR/citizenSearch/visitor/summary", parameters={}
2026-05-11 19:13:27.847 DEBUG
                [http-nio-8085-exec-5] [12273740-1ac9-4f6b-b9f4-0ef52aa4ea74]
                o.s.w.s.m.m.a.RequestMappingHandlerMapping - Mapped to com.mahasbr.controller.VisitorController#getVisitSummary()
2026-05-11 19:13:27.848 DEBUG
                [http-nio-8085-exec-12] [48ba6f66-bccc-4968-9070-b1aa19c25f5d]
                o.s.web.servlet.DispatcherServlet - GET "/MAHASBR/citizenSearch/api/nic-categories", parameters={}
2026-05-11 19:13:27.854 DEBUG
                [http-nio-8085-exec-12] [48ba6f66-bccc-4968-9070-b1aa19c25f5d]
                o.s.w.s.m.m.a.RequestMappingHandlerMapping - Mapped to com.mahasbr.controller.NICCategoryController#getAllCategories()
2026-05-11 19:13:27.855 DEBUG
                [http-nio-8085-exec-9] [2df2ad81-263b-4abd-95fc-163e6e13aac8]
                o.s.web.servlet.DispatcherServlet - GET "/MAHASBR/citizenSearch/menus/my", parameters={}
2026-05-11 19:13:27.855 DEBUG
                [http-nio-8085-exec-9] [2df2ad81-263b-4abd-95fc-163e6e13aac8]
                o.s.w.s.m.m.a.RequestMappingHandlerMapping - Mapped to com.mahasbr.controller.MenuController#getMyMenus(Authentication)
2026-05-11 19:13:27.856 DEBUG
                [http-nio-8085-exec-9] [2df2ad81-263b-4abd-95fc-163e6e13aac8]
                o.s.w.s.m.m.a.HttpEntityMethodProcessor - Using 'application/json', given [application/json, text/plain, */*] and supported [application/json, application/*+json]
2026-05-11 19:13:27.857 DEBUG
                [http-nio-8085-exec-9] [2df2ad81-263b-4abd-95fc-163e6e13aac8]
                o.s.w.s.m.m.a.HttpEntityMethodProcessor - Writing [ApiResponse(success=false, message=Unauthorized, data=null)]
2026-05-11 19:13:27.859 DEBUG
                [http-nio-8085-exec-3] [805f5aff-640b-4e84-a581-22f76e59e3a7]
                o.s.w.s.m.m.a.HttpEntityMethodProcessor - Using 'application/json', given [application/json, text/plain, */*] and supported [application/json, application/*+json]
2026-05-11 19:13:27.860 DEBUG
                [http-nio-8085-exec-9] [2df2ad81-263b-4abd-95fc-163e6e13aac8]
                o.s.web.servlet.DispatcherServlet - Completed 401 UNAUTHORIZED
2026-05-11 19:13:27.861 DEBUG
                [http-nio-8085-exec-3] [805f5aff-640b-4e84-a581-22f76e59e3a7]
                o.s.w.s.m.m.a.HttpEntityMethodProcessor - Writing [ApiResponse(success=true, message=Categories fetched successfully, data=[NICCategoryDTO(categoryCode (truncated)...]
2026-05-11 19:13:27.864 DEBUG
                [http-nio-8085-exec-3] [805f5aff-640b-4e84-a581-22f76e59e3a7]
                o.s.web.servlet.DispatcherServlet - Completed 200 OK
2026-05-11 19:13:27.865 DEBUG
                [http-nio-8085-exec-5] [12273740-1ac9-4f6b-b9f4-0ef52aa4ea74]
                o.s.w.s.m.m.a.RequestResponseBodyMethodProcessor - Using 'application/json', given [application/json, text/plain, */*] and supported [application/json, application/*+json]
2026-05-11 19:13:27.865 DEBUG
                [http-nio-8085-exec-5] [12273740-1ac9-4f6b-b9f4-0ef52aa4ea74]
                o.s.w.s.m.m.a.RequestResponseBodyMethodProcessor - Writing [{todayVisits=6, totalVisits=147}]
2026-05-11 19:13:27.867 DEBUG
                [http-nio-8085-exec-5] [12273740-1ac9-4f6b-b9f4-0ef52aa4ea74]
                o.s.web.servlet.DispatcherServlet - Completed 200 OK
2026-05-11 19:13:27.868 DEBUG
                [http-nio-8085-exec-12] [48ba6f66-bccc-4968-9070-b1aa19c25f5d]
                o.s.w.s.m.m.a.HttpEntityMethodProcessor - Using 'application/json', given [application/json, text/plain, */*] and supported [application/json, application/*+json]
2026-05-11 19:13:27.870 DEBUG
                [http-nio-8085-exec-12] [48ba6f66-bccc-4968-9070-b1aa19c25f5d]
                o.s.w.s.m.m.a.HttpEntityMethodProcessor - Writing [ApiResponse(success=true, message=Categories fetched successfully, data=[NICCategoryDTO(categoryCode (truncated)...]
2026-05-11 19:13:27.872 DEBUG
                [http-nio-8085-exec-12] [48ba6f66-bccc-4968-9070-b1aa19c25f5d]
                o.s.web.servlet.DispatcherServlet - Completed 200 OK
2026-05-11 19:13:27.872 DEBUG
                [http-nio-8085-exec-4] [a62836fb-94ab-465c-8acf-dd8e297832d8]
                o.s.web.servlet.DispatcherServlet - GET "/MAHASBR/citizenSearch/api/nic-divisions", parameters={}
2026-05-11 19:13:27.873 DEBUG
                [http-nio-8085-exec-4] [a62836fb-94ab-465c-8acf-dd8e297832d8]
                o.s.w.s.m.m.a.RequestMappingHandlerMapping - Mapped to com.mahasbr.controller.NICDivisionController#getAllDivisions()
2026-05-11 19:13:27.892 DEBUG
                [http-nio-8085-exec-1] [62519e68-de87-44f8-bce6-13e14845f57a]
                o.s.web.servlet.DispatcherServlet - GET "/MAHASBR/citizenSearch/api/nic-divisions", parameters={}
2026-05-11 19:13:27.893 DEBUG
                [http-nio-8085-exec-1] [62519e68-de87-44f8-bce6-13e14845f57a]
                o.s.w.s.m.m.a.RequestMappingHandlerMapping - Mapped to com.mahasbr.controller.NICDivisionController#getAllDivisions()
2026-05-11 19:13:27.910 DEBUG
                [http-nio-8085-exec-2] [55d1e8cc-cf48-4a8e-b92b-ecdb7fcb70c3]
                o.s.web.servlet.DispatcherServlet - GET "/MAHASBR/citizenSearch/api/nic-groups", parameters={}
2026-05-11 19:13:27.910 DEBUG
                [http-nio-8085-exec-2] [55d1e8cc-cf48-4a8e-b92b-ecdb7fcb70c3]
                o.s.w.s.m.m.a.RequestMappingHandlerMapping - Mapped to com.mahasbr.controller.NICGroupController#getAllGroups()
2026-05-11 19:13:27.920 DEBUG
                [http-nio-8085-exec-4] [a62836fb-94ab-465c-8acf-dd8e297832d8]
                o.s.w.s.m.m.a.HttpEntityMethodProcessor - Using 'application/json', given [application/json, text/plain, */*] and supported [application/json, application/*+json]
2026-05-11 19:13:27.921 DEBUG
                [http-nio-8085-exec-4] [a62836fb-94ab-465c-8acf-dd8e297832d8]
                o.s.w.s.m.m.a.HttpEntityMethodProcessor - Writing [ApiResponse(success=true, message=Divisions fetched successfully, data=[NICDivisionDTO(divisionCode= (truncated)...]
2026-05-11 19:13:27.924 DEBUG
                [http-nio-8085-exec-4] [a62836fb-94ab-465c-8acf-dd8e297832d8]
                o.s.web.servlet.DispatcherServlet - Completed 200 OK
2026-05-11 19:13:27.937 DEBUG
                [http-nio-8085-exec-1] [62519e68-de87-44f8-bce6-13e14845f57a]
                o.s.w.s.m.m.a.HttpEntityMethodProcessor - Using 'application/json', given [application/json, text/plain, */*] and supported [application/json, application/*+json]
2026-05-11 19:13:27.937 DEBUG
                [http-nio-8085-exec-1] [62519e68-de87-44f8-bce6-13e14845f57a]
                o.s.w.s.m.m.a.HttpEntityMethodProcessor - Writing [ApiResponse(success=true, message=Divisions fetched successfully, data=[NICDivisionDTO(divisionCode= (truncated)...]
2026-05-11 19:13:27.938 DEBUG
                [http-nio-8085-exec-1] [62519e68-de87-44f8-bce6-13e14845f57a]
                o.s.web.servlet.DispatcherServlet - Completed 200 OK
2026-05-11 19:13:27.993 DEBUG
                [http-nio-8085-exec-10] [104c0a90-ecb1-4a91-872d-fcd3d50a7650]
                o.s.web.servlet.DispatcherServlet - GET "/MAHASBR/citizenSearch/visitor/summary", parameters={}
2026-05-11 19:13:27.994 DEBUG
                [http-nio-8085-exec-10] [104c0a90-ecb1-4a91-872d-fcd3d50a7650]
                o.s.w.s.m.m.a.RequestMappingHandlerMapping - Mapped to com.mahasbr.controller.VisitorController#getVisitSummary()
2026-05-11 19:13:28.003 DEBUG
                [http-nio-8085-exec-6] [b6be29d7-7953-40c3-9de7-653a17657376]
                o.s.web.servlet.DispatcherServlet - GET "/MAHASBR/citizenSearch/menus/my", parameters={}
2026-05-11 19:13:28.004 DEBUG
                [http-nio-8085-exec-6] [b6be29d7-7953-40c3-9de7-653a17657376]
                o.s.w.s.m.m.a.RequestMappingHandlerMapping - Mapped to com.mahasbr.controller.MenuController#getMyMenus(Authentication)
2026-05-11 19:13:28.004 DEBUG
                [http-nio-8085-exec-6] [b6be29d7-7953-40c3-9de7-653a17657376]
                o.s.w.s.m.m.a.HttpEntityMethodProcessor - Using 'application/json', given [application/json, text/plain, */*] and supported [application/json, application/*+json]
2026-05-11 19:13:28.005 DEBUG
                [http-nio-8085-exec-6] [b6be29d7-7953-40c3-9de7-653a17657376]
                o.s.w.s.m.m.a.HttpEntityMethodProcessor - Writing [ApiResponse(success=false, message=Unauthorized, data=null)]
2026-05-11 19:13:28.005 DEBUG
                [http-nio-8085-exec-10] [104c0a90-ecb1-4a91-872d-fcd3d50a7650]
                o.s.w.s.m.m.a.RequestResponseBodyMethodProcessor - Using 'application/json', given [application/json, text/plain, */*] and supported [application/json, application/*+json]
2026-05-11 19:13:28.006 DEBUG
                [http-nio-8085-exec-10] [104c0a90-ecb1-4a91-872d-fcd3d50a7650]
                o.s.w.s.m.m.a.RequestResponseBodyMethodProcessor - Writing [{todayVisits=6, totalVisits=147}]
2026-05-11 19:13:28.007 DEBUG
                [http-nio-8085-exec-6] [b6be29d7-7953-40c3-9de7-653a17657376]
                o.s.web.servlet.DispatcherServlet - Completed 401 UNAUTHORIZED
2026-05-11 19:13:28.007 DEBUG
                [http-nio-8085-exec-10] [104c0a90-ecb1-4a91-872d-fcd3d50a7650]
                o.s.web.servlet.DispatcherServlet - Completed 200 OK
2026-05-11 19:13:28.013 DEBUG
                [http-nio-8085-exec-11] [81885053-7354-44ad-891c-e1708733d0c4]
                o.s.web.servlet.DispatcherServlet - GET "/MAHASBR/citizenSearch/api/nic-groups", parameters={}
2026-05-11 19:13:28.013 ERROR
                [http-nio-8085-exec-7] [ced1bfc3-c598-4886-a8fc-e6d9ef62f081]
                c.mahasbr.filter.AuthEntryPointJwt - Unauthorized error: Full authentication is required to access this resource
2026-05-11 19:13:28.015 ERROR
                [http-nio-8085-exec-7] [ced1bfc3-c598-4886-a8fc-e6d9ef62f081]
                c.mahasbr.filter.AuthEntryPointJwt - Unauthorized error: Full authentication is required to access this resource
2026-05-11 19:13:28.014 DEBUG
                [http-nio-8085-exec-11] [81885053-7354-44ad-891c-e1708733d0c4]
                o.s.w.s.m.m.a.RequestMappingHandlerMapping - Mapped to com.mahasbr.controller.NICGroupController#getAllGroups()
2026-05-11 19:13:28.019 ERROR
                [http-nio-8085-exec-7] []
                c.mahasbr.filter.AuthEntryPointJwt - Unauthorized error: Full authentication is required to access this resource
2026-05-11 19:13:28.024 DEBUG
                [http-nio-8085-exec-2] [55d1e8cc-cf48-4a8e-b92b-ecdb7fcb70c3]
                o.s.w.s.m.m.a.HttpEntityMethodProcessor - Using 'application/json', given [application/json, text/plain, */*] and supported [application/json, application/*+json]
2026-05-11 19:13:28.027 DEBUG
                [http-nio-8085-exec-2] [55d1e8cc-cf48-4a8e-b92b-ecdb7fcb70c3]
                o.s.w.s.m.m.a.HttpEntityMethodProcessor - Writing [ApiResponse(success=true, message=Groups fetched successfully, data=[NICGroupDTO(groupCode=011, desc (truncated)...]
2026-05-11 19:13:28.025 ERROR
                [http-nio-8085-exec-7] []
                c.mahasbr.filter.AuthEntryPointJwt - Unauthorized error: Full authentication is required to access this resource
2026-05-11 19:13:28.031 DEBUG
                [http-nio-8085-exec-2] [55d1e8cc-cf48-4a8e-b92b-ecdb7fcb70c3]
                o.s.web.servlet.DispatcherServlet - Completed 200 OK
2026-05-11 19:13:28.087 DEBUG
                [http-nio-8085-exec-9] [49f5856e-a671-4ce4-9ca8-70aaa065f98f]
                o.s.web.servlet.DispatcherServlet - GET "/MAHASBR/citizenSearch/visitor/summary", parameters={}
2026-05-11 19:13:28.088 DEBUG
                [http-nio-8085-exec-9] [49f5856e-a671-4ce4-9ca8-70aaa065f98f]
                o.s.w.s.m.m.a.RequestMappingHandlerMapping - Mapped to com.mahasbr.controller.VisitorController#getVisitSummary()
2026-05-11 19:13:28.091 DEBUG
                [http-nio-8085-exec-3] [53ef2a1c-5134-488d-a0d8-ff2ad457b596]
                o.s.web.servlet.DispatcherServlet - GET "/MAHASBR/citizenSearch/menus/my", parameters={}
2026-05-11 19:13:28.092 DEBUG
                [http-nio-8085-exec-3] [53ef2a1c-5134-488d-a0d8-ff2ad457b596]
                o.s.w.s.m.m.a.RequestMappingHandlerMapping - Mapped to com.mahasbr.controller.MenuController#getMyMenus(Authentication)
2026-05-11 19:13:28.093 DEBUG
                [http-nio-8085-exec-3] [53ef2a1c-5134-488d-a0d8-ff2ad457b596]
                o.s.w.s.m.m.a.HttpEntityMethodProcessor - Using 'application/json', given [application/json, text/plain, */*] and supported [application/json, application/*+json]
2026-05-11 19:13:28.095 DEBUG
                [http-nio-8085-exec-3] [53ef2a1c-5134-488d-a0d8-ff2ad457b596]
                o.s.w.s.m.m.a.HttpEntityMethodProcessor - Writing [ApiResponse(success=false, message=Unauthorized, data=null)]
2026-05-11 19:13:28.096 DEBUG
                [http-nio-8085-exec-3] [53ef2a1c-5134-488d-a0d8-ff2ad457b596]
                o.s.web.servlet.DispatcherServlet - Completed 401 UNAUTHORIZED
2026-05-11 19:13:28.096 DEBUG
                [http-nio-8085-exec-5] [73cd17a9-f00a-4701-879a-e08bb317aef7]
                o.s.web.servlet.DispatcherServlet - GET "/MAHASBR/admin/roles", parameters={}
2026-05-11 19:13:28.099 DEBUG
                [http-nio-8085-exec-9] [49f5856e-a671-4ce4-9ca8-70aaa065f98f]
                o.s.w.s.m.m.a.RequestResponseBodyMethodProcessor - Using 'application/json', given [application/json, text/plain, */*] and supported [application/json, application/*+json]
2026-05-11 19:13:28.108 DEBUG
                [http-nio-8085-exec-9] [49f5856e-a671-4ce4-9ca8-70aaa065f98f]
                o.s.w.s.m.m.a.RequestResponseBodyMethodProcessor - Writing [{todayVisits=6, totalVisits=147}]
2026-05-11 19:13:28.107 DEBUG
                [http-nio-8085-exec-5] [73cd17a9-f00a-4701-879a-e08bb317aef7]
                o.s.w.s.m.m.a.RequestMappingHandlerMapping - Mapped to com.mahasbr.controller.RoleController#getAllRoles()
2026-05-11 19:13:28.109 DEBUG
                [http-nio-8085-exec-9] [49f5856e-a671-4ce4-9ca8-70aaa065f98f]
                o.s.web.servlet.DispatcherServlet - Completed 200 OK
2026-05-11 19:13:28.116 DEBUG
                [http-nio-8085-exec-11] [81885053-7354-44ad-891c-e1708733d0c4]
                o.s.w.s.m.m.a.HttpEntityMethodProcessor - Using 'application/json', given [application/json, text/plain, */*] and supported [application/json, application/*+json]
2026-05-11 19:13:28.119 DEBUG
                [http-nio-8085-exec-11] [81885053-7354-44ad-891c-e1708733d0c4]
                o.s.w.s.m.m.a.HttpEntityMethodProcessor - Writing [ApiResponse(success=true, message=Groups fetched successfully, data=[NICGroupDTO(groupCode=011, desc (truncated)...]
2026-05-11 19:13:28.121 DEBUG
                [http-nio-8085-exec-11] [81885053-7354-44ad-891c-e1708733d0c4]
                o.s.web.servlet.DispatcherServlet - Completed 200 OK
2026-05-11 19:13:28.123 DEBUG
                [http-nio-8085-exec-5] [73cd17a9-f00a-4701-879a-e08bb317aef7]
                o.s.w.s.m.m.a.HttpEntityMethodProcessor - Using 'application/json', given [application/json, text/plain, */*] and supported [application/json, application/*+json]
2026-05-11 19:13:28.124 DEBUG
                [http-nio-8085-exec-5] [73cd17a9-f00a-4701-879a-e08bb317aef7]
                o.s.w.s.m.m.a.HttpEntityMethodProcessor - Writing [ApiResponse(success=true, message=Roles fetched successfully, data=[Role(id=4, name=ROLE_ADMIN), Rol (truncated)...]
2026-05-11 19:13:28.127 DEBUG
                [http-nio-8085-exec-5] [73cd17a9-f00a-4701-879a-e08bb317aef7]
                o.s.web.servlet.DispatcherServlet - Completed 200 OK
2026-05-11 19:13:28.178 DEBUG
                [http-nio-8085-exec-12] [54c662f2-00b1-48a4-8929-a6655114de10]
                o.s.web.servlet.DispatcherServlet - GET "/MAHASBR/citizenSearch/visitor/summary", parameters={}
2026-05-11 19:13:28.179 DEBUG
                [http-nio-8085-exec-12] [54c662f2-00b1-48a4-8929-a6655114de10]
                o.s.w.s.m.m.a.RequestMappingHandlerMapping - Mapped to com.mahasbr.controller.VisitorController#getVisitSummary()
2026-05-11 19:13:28.195 DEBUG
                [http-nio-8085-exec-12] [54c662f2-00b1-48a4-8929-a6655114de10]
                o.s.w.s.m.m.a.RequestResponseBodyMethodProcessor - Using 'application/json', given [application/json, text/plain, */*] and supported [application/json, application/*+json]
2026-05-11 19:13:28.199 DEBUG
                [http-nio-8085-exec-12] [54c662f2-00b1-48a4-8929-a6655114de10]
                o.s.w.s.m.m.a.RequestResponseBodyMethodProcessor - Writing [{todayVisits=6, totalVisits=147}]
2026-05-11 19:13:28.200 DEBUG
                [http-nio-8085-exec-12] [54c662f2-00b1-48a4-8929-a6655114de10]
                o.s.web.servlet.DispatcherServlet - Completed 200 OK
2026-05-11 19:13:28.228 DEBUG
                [http-nio-8085-exec-4] [ac84a47e-083e-4db5-a814-74900c2781fa]
                o.s.web.servlet.DispatcherServlet - GET "/MAHASBR/citizenSearch/visitor/summary", parameters={}
2026-05-11 19:13:28.229 DEBUG
                [http-nio-8085-exec-4] [ac84a47e-083e-4db5-a814-74900c2781fa]
                o.s.w.s.m.m.a.RequestMappingHandlerMapping - Mapped to com.mahasbr.controller.VisitorController#getVisitSummary()
2026-05-11 19:13:28.244 DEBUG
                [http-nio-8085-exec-4] [ac84a47e-083e-4db5-a814-74900c2781fa]
                o.s.w.s.m.m.a.RequestResponseBodyMethodProcessor - Using 'application/json', given [application/json, text/plain, */*] and supported [application/json, application/*+json]
2026-05-11 19:13:28.245 DEBUG
                [http-nio-8085-exec-4] [ac84a47e-083e-4db5-a814-74900c2781fa]
                o.s.w.s.m.m.a.RequestResponseBodyMethodProcessor - Writing [{todayVisits=6, totalVisits=147}]
2026-05-11 19:13:28.246 DEBUG
                [http-nio-8085-exec-4] [ac84a47e-083e-4db5-a814-74900c2781fa]
                o.s.web.servlet.DispatcherServlet - Completed 200 OK
2026-05-11 19:13:28.281 DEBUG
                [http-nio-8085-exec-1] [f0927b4a-b42a-4598-b76d-efc5e34189cc]
                o.s.web.servlet.DispatcherServlet - GET "/MAHASBR/citizenSearch/visitor/summary", parameters={}
2026-05-11 19:13:28.282 DEBUG
                [http-nio-8085-exec-1] [f0927b4a-b42a-4598-b76d-efc5e34189cc]
                o.s.w.s.m.m.a.RequestMappingHandlerMapping - Mapped to com.mahasbr.controller.VisitorController#getVisitSummary()
2026-05-11 19:13:28.297 DEBUG
                [http-nio-8085-exec-1] [f0927b4a-b42a-4598-b76d-efc5e34189cc]
                o.s.w.s.m.m.a.RequestResponseBodyMethodProcessor - Using 'application/json', given [application/json, text/plain, */*] and supported [application/json, application/*+json]
2026-05-11 19:13:28.298 DEBUG
                [http-nio-8085-exec-1] [f0927b4a-b42a-4598-b76d-efc5e34189cc]
                o.s.w.s.m.m.a.RequestResponseBodyMethodProcessor - Writing [{todayVisits=6, totalVisits=147}]
2026-05-11 19:13:28.299 DEBUG
                [http-nio-8085-exec-1] [f0927b4a-b42a-4598-b76d-efc5e34189cc]
                o.s.web.servlet.DispatcherServlet - Completed 200 OK
2026-05-11 19:13:28.635 DEBUG
                [http-nio-8085-exec-8] [0f214b88-485a-429b-9ffb-159d971ab92e]
                o.s.w.s.m.m.a.HttpEntityMethodProcessor - Using 'application/json', given [application/json, text/plain, */*] and supported [application/json, application/*+json]
2026-05-11 19:13:28.677 DEBUG
                [http-nio-8085-exec-8] [0f214b88-485a-429b-9ffb-159d971ab92e]
                o.s.w.s.m.m.a.HttpEntityMethodProcessor - Writing [[org.springframework.data.jpa.repository.query.AbstractJpaQuery$TupleConverter$TupleBackedMap@4ee9cd (truncated)...]
2026-05-11 19:13:28.954 DEBUG
                [http-nio-8085-exec-8] [0f214b88-485a-429b-9ffb-159d971ab92e]
                o.s.web.servlet.DispatcherServlet - Completed 200 OK
2026-05-11 19:13:46.789 DEBUG
                [http-nio-8085-exec-8] [8d3c54a8-8558-4585-b9b5-68a3c65eb90a]
                o.s.web.servlet.DispatcherServlet - POST "/MAHASBR/api/auth/signin", parameters={}
2026-05-11 19:13:46.923 DEBUG
                [http-nio-8085-exec-8] [8d3c54a8-8558-4585-b9b5-68a3c65eb90a]
                o.s.w.s.m.m.a.RequestMappingHandlerMapping - Mapped to com.mahasbr.controller.LoginController#authenticateUser(LoginRequest, BindingResult, HttpServletRequest)
2026-05-11 19:13:46.924 DEBUG
                [http-nio-8085-exec-8] [8d3c54a8-8558-4585-b9b5-68a3c65eb90a]
                o.s.w.s.m.m.a.RequestResponseBodyMethodProcessor - Read "application/json;charset=UTF-8" to [LoginRequest(username=DISH_MH, password=Pass@123, recaptchaResponse=0cAFcWeA5ybrQBZxdW6jRKv7gcwcoeYW (truncated)...]
2026-05-11 19:13:47.035 DEBUG
                [http-nio-8085-exec-8] [8d3c54a8-8558-4585-b9b5-68a3c65eb90a]
                o.s.w.s.m.m.a.HttpEntityMethodProcessor - Using 'application/json', given [application/json, text/plain, */*] and supported [application/json, application/*+json]
2026-05-11 19:13:47.036 DEBUG
                [http-nio-8085-exec-8] [8d3c54a8-8558-4585-b9b5-68a3c65eb90a]
                o.s.w.s.m.m.a.HttpEntityMethodProcessor - Writing [JwtResponse(token=eyJhbGciOiJIUzI1NiJ9.eyJyb2xlcyI6WyJST0xFX1JFR19BVVRIX0FQSSJdLCJyZWdpc3RyeUlkIjoyM (truncated)...]
2026-05-11 19:13:47.037 DEBUG
                [http-nio-8085-exec-8] [8d3c54a8-8558-4585-b9b5-68a3c65eb90a]
                o.s.web.servlet.DispatcherServlet - Completed 200 OK
2026-05-11 19:13:47.085 DEBUG
                [http-nio-8085-exec-12] [b1e10d26-dd90-409d-bd53-a8d13e688df8]
                o.s.web.servlet.DispatcherServlet - GET "/MAHASBR/citizenSearch/menus/my", parameters={}
2026-05-11 19:13:47.086 DEBUG
                [http-nio-8085-exec-12] [b1e10d26-dd90-409d-bd53-a8d13e688df8]
                o.s.w.s.m.m.a.RequestMappingHandlerMapping - Mapped to com.mahasbr.controller.MenuController#getMyMenus(Authentication)
2026-05-11 19:13:47.103 DEBUG
                [http-nio-8085-exec-12] [b1e10d26-dd90-409d-bd53-a8d13e688df8]
                o.s.w.s.m.m.a.HttpEntityMethodProcessor - Using 'application/json', given [application/json, text/plain, */*] and supported [application/json, application/*+json]
2026-05-11 19:13:47.106 DEBUG
                [http-nio-8085-exec-12] [b1e10d26-dd90-409d-bd53-a8d13e688df8]
                o.s.w.s.m.m.a.HttpEntityMethodProcessor - Writing [ApiResponse(success=true, message=Menus loaded successfully, data=[MenuDTO(id=18, nameEn=Dashboard,  (truncated)...]
2026-05-11 19:13:47.107 DEBUG
                [http-nio-8085-exec-12] [b1e10d26-dd90-409d-bd53-a8d13e688df8]
                o.s.web.servlet.DispatcherServlet - Completed 200 OK
2026-05-11 19:13:47.131 DEBUG
                [http-nio-8085-exec-4] [1bbb6ae0-6c2b-4563-bcb4-29fd9cb56847]
                o.s.web.servlet.DispatcherServlet - GET "/MAHASBR/api/auth/registoryData?page=0&size=12&sortBy=siNo", parameters={masked}
2026-05-11 19:13:47.131 DEBUG
                [http-nio-8085-exec-4] [1bbb6ae0-6c2b-4563-bcb4-29fd9cb56847]
                o.s.w.s.m.m.a.RequestMappingHandlerMapping - Mapped to com.mahasbr.controller.PostLoginDashboardController#getMasterRegistoryDetails(Long, int)
2026-05-11 19:13:47.139 DEBUG
                [http-nio-8085-exec-5] [78e61e51-9583-4de4-b8f1-165e30be435f]
                o.s.web.servlet.DispatcherServlet - GET "/MAHASBR/api/auth/districts", parameters={}
2026-05-11 19:13:47.140 DEBUG
                [http-nio-8085-exec-5] [78e61e51-9583-4de4-b8f1-165e30be435f]
                o.s.w.s.m.m.a.RequestMappingHandlerMapping - Mapped to com.mahasbr.controller.PostLoginDashboardController#getAll()
2026-05-11 19:13:47.144 DEBUG
                [http-nio-8085-exec-1] [b9a81b0b-faea-4695-a1f9-0429eb34356c]
                o.s.web.servlet.DispatcherServlet - GET "/MAHASBR/citizenSearch/menus/my", parameters={}
2026-05-11 19:13:47.144 DEBUG
                [http-nio-8085-exec-1] [b9a81b0b-faea-4695-a1f9-0429eb34356c]
                o.s.w.s.m.m.a.RequestMappingHandlerMapping - Mapped to com.mahasbr.controller.MenuController#getMyMenus(Authentication)
2026-05-11 19:13:47.149 DEBUG
                [http-nio-8085-exec-4] [1bbb6ae0-6c2b-4563-bcb4-29fd9cb56847]
                o.s.w.s.m.m.a.ExceptionHandlerExceptionResolver - Using @ExceptionHandler com.mahasbr.config.ExceptionHandlerController#handleGlobalException(Exception, WebRequest)
2026-05-11 19:13:47.150 DEBUG
                [http-nio-8085-exec-4] [1bbb6ae0-6c2b-4563-bcb4-29fd9cb56847]
                o.s.w.s.m.m.a.HttpEntityMethodProcessor - Using 'application/json', given [application/json, text/plain, */*] and supported [text/plain, */*, application/json, application/*+json]
2026-05-11 19:13:47.150 DEBUG
                [http-nio-8085-exec-4] [1bbb6ae0-6c2b-4563-bcb4-29fd9cb56847]
                o.s.w.s.m.m.a.HttpEntityMethodProcessor - Writing ["Internal Server Error"]
2026-05-11 19:13:47.151 WARN 
                [http-nio-8085-exec-4] [1bbb6ae0-6c2b-4563-bcb4-29fd9cb56847]
                o.s.w.s.m.m.a.ExceptionHandlerExceptionResolver - Resolved [org.springframework.data.redis.RedisConnectionFailureException: Unable to connect to Redis]
2026-05-11 19:13:47.151 DEBUG
                [http-nio-8085-exec-4] [1bbb6ae0-6c2b-4563-bcb4-29fd9cb56847]
                o.s.web.servlet.DispatcherServlet - Completed 500 INTERNAL_SERVER_ERROR
2026-05-11 19:13:47.159 DEBUG
                [http-nio-8085-exec-1] [b9a81b0b-faea-4695-a1f9-0429eb34356c]
                o.s.w.s.m.m.a.HttpEntityMethodProcessor - Using 'application/json', given [application/json, text/plain, */*] and supported [application/json, application/*+json]
2026-05-11 19:13:47.160 DEBUG
                [http-nio-8085-exec-1] [b9a81b0b-faea-4695-a1f9-0429eb34356c]
                o.s.w.s.m.m.a.HttpEntityMethodProcessor - Writing [ApiResponse(success=true, message=Menus loaded successfully, data=[MenuDTO(id=18, nameEn=Dashboard,  (truncated)...]
2026-05-11 19:13:47.161 DEBUG
                [http-nio-8085-exec-1] [b9a81b0b-faea-4695-a1f9-0429eb34356c]
                o.s.web.servlet.DispatcherServlet - Completed 200 OK
2026-05-11 19:13:47.168 DEBUG
                [http-nio-8085-exec-5] [78e61e51-9583-4de4-b8f1-165e30be435f]
                o.s.w.s.m.m.a.HttpEntityMethodProcessor - Using 'application/json', given [application/json, text/plain, */*] and supported [application/json, application/*+json]
2026-05-11 19:13:47.168 DEBUG
                [http-nio-8085-exec-5] [78e61e51-9583-4de4-b8f1-165e30be435f]
                o.s.w.s.m.m.a.HttpEntityMethodProcessor - Writing [[DistrictMaster(districtId=373, censusDistrictCode=919, districtName=Palghar, censusStateCode=27, di (truncated)...]
2026-05-11 19:13:47.170 DEBUG
                [http-nio-8085-exec-5] [78e61e51-9583-4de4-b8f1-165e30be435f]
                o.s.web.servlet.DispatcherServlet - Completed 200 OK
2026-05-11 19:15:38.426 DEBUG
                [http-nio-8085-exec-6] [2828d5f2-ef06-460e-8e4f-d0d39e152622]
                o.s.web.servlet.DispatcherServlet - GET "/MAHASBR/citizenSearch/visitor/summary", parameters={}
2026-05-11 19:15:38.427 DEBUG
                [http-nio-8085-exec-6] [2828d5f2-ef06-460e-8e4f-d0d39e152622]
                o.s.w.s.m.m.a.RequestMappingHandlerMapping - Mapped to com.mahasbr.controller.VisitorController#getVisitSummary()
2026-05-11 19:15:38.441 DEBUG
                [http-nio-8085-exec-2] [bccb0a6e-d56f-4b5c-8d77-c8bb499af508]
                o.s.web.servlet.DispatcherServlet - GET "/MAHASBR/citizenSearch/visitor/summary", parameters={}
2026-05-11 19:15:38.441 DEBUG
                [http-nio-8085-exec-2] [bccb0a6e-d56f-4b5c-8d77-c8bb499af508]
                o.s.w.s.m.m.a.RequestMappingHandlerMapping - Mapped to com.mahasbr.controller.VisitorController#getVisitSummary()
2026-05-11 19:15:38.444 DEBUG
                [http-nio-8085-exec-6] [2828d5f2-ef06-460e-8e4f-d0d39e152622]
                o.s.w.s.m.m.a.RequestResponseBodyMethodProcessor - Using 'application/json', given [application/json, text/plain, */*] and supported [application/json, application/*+json]
2026-05-11 19:15:38.445 DEBUG
                [http-nio-8085-exec-6] [2828d5f2-ef06-460e-8e4f-d0d39e152622]
                o.s.w.s.m.m.a.RequestResponseBodyMethodProcessor - Writing [{todayVisits=6, totalVisits=147}]
2026-05-11 19:15:38.446 DEBUG
                [http-nio-8085-exec-6] [2828d5f2-ef06-460e-8e4f-d0d39e152622]
                o.s.web.servlet.DispatcherServlet - Completed 200 OK
2026-05-11 19:15:38.448 DEBUG
                [http-nio-8085-exec-8] [312bcf41-4d44-43a2-b1ee-bd5c3ecc2d77]
                o.s.web.servlet.DispatcherServlet - POST "/MAHASBR/citizenSearch/visitor", parameters={}
2026-05-11 19:15:38.448 DEBUG
                [http-nio-8085-exec-8] [312bcf41-4d44-43a2-b1ee-bd5c3ecc2d77]
                o.s.w.s.m.m.a.RequestMappingHandlerMapping - Mapped to com.mahasbr.controller.VisitorController#recordVisit(HttpServletRequest)
2026-05-11 19:15:38.458 DEBUG
                [http-nio-8085-exec-2] [bccb0a6e-d56f-4b5c-8d77-c8bb499af508]
                o.s.w.s.m.m.a.RequestResponseBodyMethodProcessor - Using 'application/json', given [application/json, text/plain, */*] and supported [application/json, application/*+json]
2026-05-11 19:15:38.458 DEBUG
                [http-nio-8085-exec-2] [bccb0a6e-d56f-4b5c-8d77-c8bb499af508]
                o.s.w.s.m.m.a.RequestResponseBodyMethodProcessor - Writing [{todayVisits=6, totalVisits=147}]
2026-05-11 19:15:38.459 DEBUG
                [http-nio-8085-exec-2] [bccb0a6e-d56f-4b5c-8d77-c8bb499af508]
                o.s.web.servlet.DispatcherServlet - Completed 200 OK
2026-05-11 19:15:38.462 DEBUG
                [http-nio-8085-exec-12] [b767f9a7-f972-4003-a97c-c1bf2b66c436]
                o.s.web.servlet.DispatcherServlet - GET "/MAHASBR/citizenSearch/visitor/summary", parameters={}
2026-05-11 19:15:38.463 DEBUG
                [http-nio-8085-exec-12] [b767f9a7-f972-4003-a97c-c1bf2b66c436]
                o.s.w.s.m.m.a.RequestMappingHandlerMapping - Mapped to com.mahasbr.controller.VisitorController#getVisitSummary()
2026-05-11 19:15:38.468 DEBUG
                [http-nio-8085-exec-8] [312bcf41-4d44-43a2-b1ee-bd5c3ecc2d77]
                o.s.w.s.m.m.a.RequestResponseBodyMethodProcessor - Using 'application/json', given [application/json, text/plain, */*] and supported [application/json, application/*+json]
2026-05-11 19:15:38.470 DEBUG
                [http-nio-8085-exec-8] [312bcf41-4d44-43a2-b1ee-bd5c3ecc2d77]
                o.s.w.s.m.m.a.RequestResponseBodyMethodProcessor - Writing [{message=Visit recorded successfully}]
2026-05-11 19:15:38.471 DEBUG
                [http-nio-8085-exec-8] [312bcf41-4d44-43a2-b1ee-bd5c3ecc2d77]
                o.s.web.servlet.DispatcherServlet - Completed 200 OK
2026-05-11 19:15:38.482 DEBUG
                [http-nio-8085-exec-4] [b83c9c9a-c0cb-4f2f-891c-db15e1f48405]
                o.s.web.servlet.DispatcherServlet - GET "/MAHASBR/citizenSearch/visitor/summary", parameters={}
2026-05-11 19:15:38.482 DEBUG
                [http-nio-8085-exec-12] [b767f9a7-f972-4003-a97c-c1bf2b66c436]
                o.s.w.s.m.m.a.RequestResponseBodyMethodProcessor - Using 'application/json', given [application/json, text/plain, */*] and supported [application/json, application/*+json]
2026-05-11 19:15:38.483 DEBUG
                [http-nio-8085-exec-4] [b83c9c9a-c0cb-4f2f-891c-db15e1f48405]
                o.s.w.s.m.m.a.RequestMappingHandlerMapping - Mapped to com.mahasbr.controller.VisitorController#getVisitSummary()
2026-05-11 19:15:38.483 DEBUG
                [http-nio-8085-exec-12] [b767f9a7-f972-4003-a97c-c1bf2b66c436]
                o.s.w.s.m.m.a.RequestResponseBodyMethodProcessor - Writing [{todayVisits=7, totalVisits=148}]
2026-05-11 19:15:38.485 DEBUG
                [http-nio-8085-exec-12] [b767f9a7-f972-4003-a97c-c1bf2b66c436]
                o.s.web.servlet.DispatcherServlet - Completed 200 OK
2026-05-11 19:15:38.524 DEBUG
                [http-nio-8085-exec-1] [ce269115-12f1-49d5-96db-b72b15154449]
                o.s.web.servlet.DispatcherServlet - GET "/MAHASBR/citizenSearch/districts", parameters={}
2026-05-11 19:15:38.524 DEBUG
                [http-nio-8085-exec-1] [ce269115-12f1-49d5-96db-b72b15154449]
                o.s.w.s.m.m.a.RequestMappingHandlerMapping - Mapped to com.mahasbr.controller.SearchBRNController#getAll()
2026-05-11 19:15:38.527 DEBUG
                [http-nio-8085-exec-4] [b83c9c9a-c0cb-4f2f-891c-db15e1f48405]
                o.s.w.s.m.m.a.RequestResponseBodyMethodProcessor - Using 'application/json', given [application/json, text/plain, */*] and supported [application/json, application/*+json]
2026-05-11 19:15:38.527 DEBUG
                [http-nio-8085-exec-4] [b83c9c9a-c0cb-4f2f-891c-db15e1f48405]
                o.s.w.s.m.m.a.RequestResponseBodyMethodProcessor - Writing [{todayVisits=7, totalVisits=148}]
2026-05-11 19:15:38.528 DEBUG
                [http-nio-8085-exec-4] [b83c9c9a-c0cb-4f2f-891c-db15e1f48405]
                o.s.web.servlet.DispatcherServlet - Completed 200 OK
2026-05-11 19:15:38.547 DEBUG
                [http-nio-8085-exec-1] [ce269115-12f1-49d5-96db-b72b15154449]
                o.s.w.s.m.m.a.HttpEntityMethodProcessor - Using 'application/json', given [application/json, text/plain, */*] and supported [application/json, application/*+json]
2026-05-11 19:15:38.548 DEBUG
                [http-nio-8085-exec-1] [ce269115-12f1-49d5-96db-b72b15154449]
                o.s.w.s.m.m.a.HttpEntityMethodProcessor - Writing [[DistrictMaster(districtId=373, censusDistrictCode=919, districtName=Palghar, censusStateCode=27, di (truncated)...]
2026-05-11 19:15:38.549 DEBUG
                [http-nio-8085-exec-1] [ce269115-12f1-49d5-96db-b72b15154449]
                o.s.web.servlet.DispatcherServlet - Completed 200 OK
2026-05-11 19:15:38.947 DEBUG
                [http-nio-8085-exec-5] [eedb4c78-5639-44ad-ba2c-be4f621cc143]
                o.s.web.servlet.DispatcherServlet - GET "/MAHASBR/citizenSearch/visitor/summary", parameters={}
2026-05-11 19:15:38.947 DEBUG
                [http-nio-8085-exec-5] [eedb4c78-5639-44ad-ba2c-be4f621cc143]
                o.s.w.s.m.m.a.RequestMappingHandlerMapping - Mapped to com.mahasbr.controller.VisitorController#getVisitSummary()
2026-05-11 19:15:38.952 DEBUG
                [http-nio-8085-exec-10] [11954f69-aac7-458c-ab58-49f1037bdc48]
                o.s.web.servlet.DispatcherServlet - GET "/MAHASBR/citizenSearch/visitor/summary", parameters={}
2026-05-11 19:15:38.953 DEBUG
                [http-nio-8085-exec-10] [11954f69-aac7-458c-ab58-49f1037bdc48]
                o.s.w.s.m.m.a.RequestMappingHandlerMapping - Mapped to com.mahasbr.controller.VisitorController#getVisitSummary()
2026-05-11 19:15:38.962 DEBUG
                [http-nio-8085-exec-3] [afb274c8-91ed-440f-84a8-b3416cc9627d]
                o.s.web.servlet.DispatcherServlet - GET "/MAHASBR/citizenSearch/visitor/summary", parameters={}
2026-05-11 19:15:38.968 DEBUG
                [http-nio-8085-exec-3] [afb274c8-91ed-440f-84a8-b3416cc9627d]
                o.s.w.s.m.m.a.RequestMappingHandlerMapping - Mapped to com.mahasbr.controller.VisitorController#getVisitSummary()
2026-05-11 19:15:38.963 DEBUG
                [http-nio-8085-exec-5] [eedb4c78-5639-44ad-ba2c-be4f621cc143]
                o.s.w.s.m.m.a.RequestResponseBodyMethodProcessor - Using 'application/json', given [application/json, text/plain, */*] and supported [application/json, application/*+json]
2026-05-11 19:15:38.971 DEBUG
                [http-nio-8085-exec-5] [eedb4c78-5639-44ad-ba2c-be4f621cc143]
                o.s.w.s.m.m.a.RequestResponseBodyMethodProcessor - Writing [{todayVisits=7, totalVisits=148}]
2026-05-11 19:15:38.972 DEBUG
                [http-nio-8085-exec-10] [11954f69-aac7-458c-ab58-49f1037bdc48]
                o.s.w.s.m.m.a.RequestResponseBodyMethodProcessor - Using 'application/json', given [application/json, text/plain, */*] and supported [application/json, application/*+json]
2026-05-11 19:15:38.977 DEBUG
                [http-nio-8085-exec-10] [11954f69-aac7-458c-ab58-49f1037bdc48]
                o.s.w.s.m.m.a.RequestResponseBodyMethodProcessor - Writing [{todayVisits=7, totalVisits=148}]
2026-05-11 19:15:38.976 DEBUG
                [http-nio-8085-exec-5] [eedb4c78-5639-44ad-ba2c-be4f621cc143]
                o.s.web.servlet.DispatcherServlet - Completed 200 OK
2026-05-11 19:15:38.978 DEBUG
                [http-nio-8085-exec-10] [11954f69-aac7-458c-ab58-49f1037bdc48]
                o.s.web.servlet.DispatcherServlet - Completed 200 OK
2026-05-11 19:15:38.980 DEBUG
                [http-nio-8085-exec-6] [06638e3f-23ba-42a8-885a-dc77dcef37a0]
                o.s.web.servlet.DispatcherServlet - GET "/MAHASBR/citizenSearch/circulars", parameters={}
2026-05-11 19:15:38.981 DEBUG
                [http-nio-8085-exec-7] [693d77b7-3a88-4643-b35c-ad1cd4973c0c]
                o.s.web.servlet.DispatcherServlet - GET "/MAHASBR/citizenSearch/visitor/summary", parameters={}
2026-05-11 19:15:38.983 DEBUG
                [http-nio-8085-exec-6] [06638e3f-23ba-42a8-885a-dc77dcef37a0]
                o.s.w.s.m.m.a.RequestMappingHandlerMapping - Mapped to com.mahasbr.controller.SearchBRNController#getAllCirculars()
2026-05-11 19:15:38.984 DEBUG
                [http-nio-8085-exec-7] [693d77b7-3a88-4643-b35c-ad1cd4973c0c]
                o.s.w.s.m.m.a.RequestMappingHandlerMapping - Mapped to com.mahasbr.controller.VisitorController#getVisitSummary()
2026-05-11 19:15:38.996 DEBUG
                [http-nio-8085-exec-3] [afb274c8-91ed-440f-84a8-b3416cc9627d]
                o.s.w.s.m.m.a.RequestResponseBodyMethodProcessor - Using 'application/json', given [application/json, text/plain, */*] and supported [application/json, application/*+json]
2026-05-11 19:15:38.996 DEBUG
                [http-nio-8085-exec-3] [afb274c8-91ed-440f-84a8-b3416cc9627d]
                o.s.w.s.m.m.a.RequestResponseBodyMethodProcessor - Writing [{todayVisits=7, totalVisits=148}]
2026-05-11 19:15:38.996 DEBUG
                [http-nio-8085-exec-6] [06638e3f-23ba-42a8-885a-dc77dcef37a0]
                o.s.w.s.m.m.a.HttpEntityMethodProcessor - Using 'application/json', given [application/json, text/plain, */*] and supported [application/json, application/*+json]
2026-05-11 19:15:38.997 DEBUG
                [http-nio-8085-exec-6] [06638e3f-23ba-42a8-885a-dc77dcef37a0]
                o.s.w.s.m.m.a.HttpEntityMethodProcessor - Writing [[com.mahasbr.dto.CircularResponseDTO@1c47afea]]
2026-05-11 19:15:38.997 DEBUG
                [http-nio-8085-exec-3] [afb274c8-91ed-440f-84a8-b3416cc9627d]
                o.s.web.servlet.DispatcherServlet - Completed 200 OK
2026-05-11 19:15:38.998 DEBUG
                [http-nio-8085-exec-6] [06638e3f-23ba-42a8-885a-dc77dcef37a0]
                o.s.web.servlet.DispatcherServlet - Completed 200 OK
2026-05-11 19:15:39.002 DEBUG
                [http-nio-8085-exec-7] [693d77b7-3a88-4643-b35c-ad1cd4973c0c]
                o.s.w.s.m.m.a.RequestResponseBodyMethodProcessor - Using 'application/json', given [application/json, text/plain, */*] and supported [application/json, application/*+json]
2026-05-11 19:15:39.007 DEBUG
                [http-nio-8085-exec-7] [693d77b7-3a88-4643-b35c-ad1cd4973c0c]
                o.s.w.s.m.m.a.RequestResponseBodyMethodProcessor - Writing [{todayVisits=7, totalVisits=148}]
2026-05-11 19:15:39.008 DEBUG
                [http-nio-8085-exec-7] [693d77b7-3a88-4643-b35c-ad1cd4973c0c]
                o.s.web.servlet.DispatcherServlet - Completed 200 OK
2026-05-11 19:15:39.293 DEBUG
                [http-nio-8085-exec-2] [c8c8b5f5-4d4f-499a-9db5-b84cea2b7171]
                o.s.web.servlet.DispatcherServlet - GET "/MAHASBR/citizenSearch/visitor/summary", parameters={}
2026-05-11 19:15:39.293 DEBUG
                [http-nio-8085-exec-8] [2405ce47-0704-44ce-9239-42a1e8962ba2]
                o.s.web.servlet.DispatcherServlet - GET "/MAHASBR/citizenSearch/visitor/summary", parameters={}
2026-05-11 19:15:39.294 DEBUG
                [http-nio-8085-exec-2] [c8c8b5f5-4d4f-499a-9db5-b84cea2b7171]
                o.s.w.s.m.m.a.RequestMappingHandlerMapping - Mapped to com.mahasbr.controller.VisitorController#getVisitSummary()
2026-05-11 19:15:39.295 DEBUG
                [http-nio-8085-exec-8] [2405ce47-0704-44ce-9239-42a1e8962ba2]
                o.s.w.s.m.m.a.RequestMappingHandlerMapping - Mapped to com.mahasbr.controller.VisitorController#getVisitSummary()
2026-05-11 19:15:39.315 DEBUG
                [http-nio-8085-exec-12] [d3793978-6a91-4407-8214-8b492c4ece4a]
                o.s.web.servlet.DispatcherServlet - GET "/MAHASBR/citizenSearch/visitor/summary", parameters={}
2026-05-11 19:15:39.317 DEBUG
                [http-nio-8085-exec-8] [2405ce47-0704-44ce-9239-42a1e8962ba2]
                o.s.w.s.m.m.a.RequestResponseBodyMethodProcessor - Using 'application/json', given [application/json, text/plain, */*] and supported [application/json, application/*+json]
2026-05-11 19:15:39.318 DEBUG
                [http-nio-8085-exec-4] [a9291d1c-342f-4316-bb34-7843040c03ee]
                o.s.web.servlet.DispatcherServlet - GET "/MAHASBR/citizenSearch/visitor/summary", parameters={}
2026-05-11 19:15:39.321 DEBUG
                [http-nio-8085-exec-10] [dd1d7a4e-49c9-4ced-b064-db6d917fa75a]
                o.s.web.servlet.DispatcherServlet - GET "/MAHASBR/citizenSearch/division", parameters={}
2026-05-11 19:15:39.325 DEBUG
                [http-nio-8085-exec-4] [a9291d1c-342f-4316-bb34-7843040c03ee]
                o.s.w.s.m.m.a.RequestMappingHandlerMapping - Mapped to com.mahasbr.controller.VisitorController#getVisitSummary()
2026-05-11 19:15:39.325 DEBUG
                [http-nio-8085-exec-2] [c8c8b5f5-4d4f-499a-9db5-b84cea2b7171]
                o.s.w.s.m.m.a.RequestResponseBodyMethodProcessor - Using 'application/json', given [application/json, text/plain, */*] and supported [application/json, application/*+json]
2026-05-11 19:15:39.322 DEBUG
                [http-nio-8085-exec-12] [d3793978-6a91-4407-8214-8b492c4ece4a]
                o.s.w.s.m.m.a.RequestMappingHandlerMapping - Mapped to com.mahasbr.controller.VisitorController#getVisitSummary()
2026-05-11 19:15:39.323 DEBUG
                [http-nio-8085-exec-6] [64b2053d-6ad8-4d67-b134-afb572f4d438]
                o.s.web.servlet.DispatcherServlet - GET "/MAHASBR/citizenSearch/citizenDashboardDataRegDeRegNewReg", parameters={}
2026-05-11 19:15:39.323 DEBUG
                [http-nio-8085-exec-7] [06cb26bc-598a-4aeb-874a-2b2608f48202]
                o.s.web.servlet.DispatcherServlet - POST "/MAHASBR/citizenSearch/dashboardData", parameters={}
2026-05-11 19:15:39.328 DEBUG
                [http-nio-8085-exec-7] [06cb26bc-598a-4aeb-874a-2b2608f48202]
                o.s.w.s.m.m.a.RequestMappingHandlerMapping - Mapped to com.mahasbr.controller.CitizenDashboardController#getDashboardData(CitizenDashboardFilter)
2026-05-11 19:15:39.324 DEBUG
                [http-nio-8085-exec-1] [d6c45c78-e259-4d1c-a568-4dce46655f7c]
                o.s.web.servlet.DispatcherServlet - GET "/MAHASBR/citizenSearch/districts", parameters={}
2026-05-11 19:15:39.324 DEBUG
                [http-nio-8085-exec-3] [f61a153a-17d2-4657-b3da-924045e6523e]
                o.s.web.servlet.DispatcherServlet - GET "/MAHASBR/citizenSearch/registry", parameters={}
2026-05-11 19:15:39.325 DEBUG
                [http-nio-8085-exec-8] [2405ce47-0704-44ce-9239-42a1e8962ba2]
                o.s.w.s.m.m.a.RequestResponseBodyMethodProcessor - Writing [{todayVisits=7, totalVisits=148}]
2026-05-11 19:15:39.325 DEBUG
                [http-nio-8085-exec-10] [dd1d7a4e-49c9-4ced-b064-db6d917fa75a]
                o.s.w.s.m.m.a.RequestMappingHandlerMapping - Mapped to com.mahasbr.controller.SearchBRNController#findDivisionService()
2026-05-11 19:15:39.326 ERROR
                [http-nio-8085-exec-5] [48d5aedc-8a7a-4974-8fd6-e53a981218f9]
                c.mahasbr.filter.AuthEntryPointJwt - Unauthorized error: Full authentication is required to access this resource
2026-05-11 19:15:39.327 DEBUG
                [http-nio-8085-exec-2] [c8c8b5f5-4d4f-499a-9db5-b84cea2b7171]
                o.s.w.s.m.m.a.RequestResponseBodyMethodProcessor - Writing [{todayVisits=7, totalVisits=148}]
2026-05-11 19:15:39.328 DEBUG
                [http-nio-8085-exec-6] [64b2053d-6ad8-4d67-b134-afb572f4d438]
                o.s.w.s.m.m.a.RequestMappingHandlerMapping - Mapped to com.mahasbr.controller.CitizenDashboardController#citizenDashboardDataRegDeRegNewReg()
2026-05-11 19:15:39.329 DEBUG
                [http-nio-8085-exec-1] [d6c45c78-e259-4d1c-a568-4dce46655f7c]
                o.s.w.s.m.m.a.RequestMappingHandlerMapping - Mapped to com.mahasbr.controller.SearchBRNController#getAll()
2026-05-11 19:15:39.330 DEBUG
                [http-nio-8085-exec-7] [06cb26bc-598a-4aeb-874a-2b2608f48202]
                o.s.w.s.m.m.a.RequestResponseBodyMethodProcessor - Read "application/json;charset=UTF-8" to [CitizenDashboardFilter(countType=NR, act=, region=, district=, year=, quarter=, nic=)]
2026-05-11 19:15:39.330 DEBUG
                [http-nio-8085-exec-3] [f61a153a-17d2-4657-b3da-924045e6523e]
                o.s.w.s.m.m.a.RequestMappingHandlerMapping - Mapped to com.mahasbr.controller.SearchBRNController#getRegistringAutherity()
2026-05-11 19:15:39.330 DEBUG
                [http-nio-8085-exec-8] [2405ce47-0704-44ce-9239-42a1e8962ba2]
                o.s.web.servlet.DispatcherServlet - Completed 200 OK
2026-05-11 19:15:39.331 ERROR
                [http-nio-8085-exec-5] [48d5aedc-8a7a-4974-8fd6-e53a981218f9]
                c.mahasbr.filter.AuthEntryPointJwt - Unauthorized error: Full authentication is required to access this resource
2026-05-11 19:15:39.333 DEBUG
                [http-nio-8085-exec-2] [c8c8b5f5-4d4f-499a-9db5-b84cea2b7171]
                o.s.web.servlet.DispatcherServlet - Completed 200 OK
2026-05-11 19:15:39.336 INFO 
                [http-nio-8085-exec-7] [06cb26bc-598a-4aeb-874a-2b2608f48202]
                c.m.c.CitizenDashboardController - ? Received Filter: CitizenDashboardFilter(countType=NR, act=, region=, district=, year=, quarter=, nic=)
2026-05-11 19:15:39.339 DEBUG
                [http-nio-8085-exec-12] [d3793978-6a91-4407-8214-8b492c4ece4a]
                o.s.w.s.m.m.a.RequestResponseBodyMethodProcessor - Using 'application/json', given [application/json, text/plain, */*] and supported [application/json, application/*+json]
2026-05-11 19:15:39.343 DEBUG
                [http-nio-8085-exec-4] [a9291d1c-342f-4316-bb34-7843040c03ee]
                o.s.w.s.m.m.a.RequestResponseBodyMethodProcessor - Using 'application/json', given [application/json, text/plain, */*] and supported [application/json, application/*+json]
2026-05-11 19:15:39.345 DEBUG
                [http-nio-8085-exec-4] [a9291d1c-342f-4316-bb34-7843040c03ee]
                o.s.w.s.m.m.a.RequestResponseBodyMethodProcessor - Writing [{todayVisits=7, totalVisits=148}]
2026-05-11 19:15:39.344 ERROR
                [http-nio-8085-exec-5] []
                c.mahasbr.filter.AuthEntryPointJwt - Unauthorized error: Full authentication is required to access this resource
2026-05-11 19:15:39.345 DEBUG
                [http-nio-8085-exec-12] [d3793978-6a91-4407-8214-8b492c4ece4a]
                o.s.w.s.m.m.a.RequestResponseBodyMethodProcessor - Writing [{todayVisits=7, totalVisits=148}]
2026-05-11 19:15:39.346 DEBUG
                [http-nio-8085-exec-4] [a9291d1c-342f-4316-bb34-7843040c03ee]
                o.s.web.servlet.DispatcherServlet - Completed 200 OK
2026-05-11 19:15:39.348 ERROR
                [http-nio-8085-exec-5] []
                c.mahasbr.filter.AuthEntryPointJwt - Unauthorized error: Full authentication is required to access this resource
2026-05-11 19:15:39.348 DEBUG
                [http-nio-8085-exec-10] [dd1d7a4e-49c9-4ced-b064-db6d917fa75a]
                o.s.w.s.m.m.a.HttpEntityMethodProcessor - Using 'application/json', given [application/json, text/plain, */*] and supported [application/json, application/*+json]
2026-05-11 19:15:39.349 DEBUG
                [http-nio-8085-exec-12] [d3793978-6a91-4407-8214-8b492c4ece4a]
                o.s.web.servlet.DispatcherServlet - Completed 200 OK
2026-05-11 19:15:39.352 DEBUG
                [http-nio-8085-exec-3] [f61a153a-17d2-4657-b3da-924045e6523e]
                o.s.w.s.m.m.a.HttpEntityMethodProcessor - Using 'application/json', given [application/json, text/plain, */*] and supported [application/json, application/*+json]
2026-05-11 19:15:39.352 DEBUG
                [http-nio-8085-exec-10] [dd1d7a4e-49c9-4ced-b064-db6d917fa75a]
                o.s.w.s.m.m.a.HttpEntityMethodProcessor - Writing [[DivisionDto(divisionId=7, divisionName=Amravati, divisionCode=AMR, isActive=true), DivisionDto(divi (truncated)...]
2026-05-11 19:15:39.355 DEBUG
                [http-nio-8085-exec-3] [f61a153a-17d2-4657-b3da-924045e6523e]
                o.s.w.s.m.m.a.HttpEntityMethodProcessor - Writing [[RegistryMasterResponse(id=21, registryNameEn=The Office of Charity Commissioner Maharashtra State,  (truncated)...]
2026-05-11 19:15:39.356 DEBUG
                [http-nio-8085-exec-10] [dd1d7a4e-49c9-4ced-b064-db6d917fa75a]
                o.s.web.servlet.DispatcherServlet - Completed 200 OK
2026-05-11 19:15:39.357 DEBUG
                [http-nio-8085-exec-3] [f61a153a-17d2-4657-b3da-924045e6523e]
                o.s.web.servlet.DispatcherServlet - Completed 200 OK
2026-05-11 19:15:39.363 DEBUG
                [http-nio-8085-exec-8] [404c6416-c92f-4f78-ba44-dc82d0a26e7e]
                o.s.web.servlet.DispatcherServlet - GET "/MAHASBR/citizenSearch/districts", parameters={}
2026-05-11 19:15:39.364 DEBUG
                [http-nio-8085-exec-8] [404c6416-c92f-4f78-ba44-dc82d0a26e7e]
                o.s.w.s.m.m.a.RequestMappingHandlerMapping - Mapped to com.mahasbr.controller.SearchBRNController#getAll()
2026-05-11 19:15:39.361 DEBUG
                [http-nio-8085-exec-1] [d6c45c78-e259-4d1c-a568-4dce46655f7c]
                o.s.w.s.m.m.a.HttpEntityMethodProcessor - Using 'application/json', given [application/json, text/plain, */*] and supported [application/json, application/*+json]
2026-05-11 19:15:39.368 DEBUG
                [http-nio-8085-exec-1] [d6c45c78-e259-4d1c-a568-4dce46655f7c]
                o.s.w.s.m.m.a.HttpEntityMethodProcessor - Writing [[DistrictMaster(districtId=373, censusDistrictCode=919, districtName=Palghar, censusStateCode=27, di (truncated)...]
2026-05-11 19:15:39.371 DEBUG
                [http-nio-8085-exec-1] [d6c45c78-e259-4d1c-a568-4dce46655f7c]
                o.s.web.servlet.DispatcherServlet - Completed 200 OK
2026-05-11 19:15:39.387 DEBUG
                [http-nio-8085-exec-8] [404c6416-c92f-4f78-ba44-dc82d0a26e7e]
                o.s.w.s.m.m.a.HttpEntityMethodProcessor - Using 'application/json', given [application/json, text/plain, */*] and supported [application/json, application/*+json]
2026-05-11 19:15:39.395 DEBUG
                [http-nio-8085-exec-8] [404c6416-c92f-4f78-ba44-dc82d0a26e7e]
                o.s.w.s.m.m.a.HttpEntityMethodProcessor - Writing [[DistrictMaster(districtId=373, censusDistrictCode=919, districtName=Palghar, censusStateCode=27, di (truncated)...]
2026-05-11 19:15:39.397 DEBUG
                [http-nio-8085-exec-8] [404c6416-c92f-4f78-ba44-dc82d0a26e7e]
                o.s.web.servlet.DispatcherServlet - Completed 200 OK
2026-05-11 19:15:39.539 DEBUG
                [http-nio-8085-exec-2] [b5f49222-cb6b-4e2a-941d-f3482d43af12]
                o.s.web.servlet.DispatcherServlet - GET "/MAHASBR/citizenSearch/visitor/summary", parameters={}
2026-05-11 19:15:39.539 DEBUG
                [http-nio-8085-exec-2] [b5f49222-cb6b-4e2a-941d-f3482d43af12]
                o.s.w.s.m.m.a.RequestMappingHandlerMapping - Mapped to com.mahasbr.controller.VisitorController#getVisitSummary()
2026-05-11 19:15:39.540 DEBUG
                [http-nio-8085-exec-4] [0acecab0-f1e9-46de-a016-b8e3f7d1180b]
                o.s.web.servlet.DispatcherServlet - GET "/MAHASBR/citizenSearch/visitor/summary", parameters={}
2026-05-11 19:15:39.543 DEBUG
                [http-nio-8085-exec-4] [0acecab0-f1e9-46de-a016-b8e3f7d1180b]
                o.s.w.s.m.m.a.RequestMappingHandlerMapping - Mapped to com.mahasbr.controller.VisitorController#getVisitSummary()
2026-05-11 19:15:39.553 DEBUG
                [http-nio-8085-exec-2] [b5f49222-cb6b-4e2a-941d-f3482d43af12]
                o.s.w.s.m.m.a.RequestResponseBodyMethodProcessor - Using 'application/json', given [application/json, text/plain, */*] and supported [application/json, application/*+json]
2026-05-11 19:15:39.553 DEBUG
                [http-nio-8085-exec-4] [0acecab0-f1e9-46de-a016-b8e3f7d1180b]
                o.s.w.s.m.m.a.RequestResponseBodyMethodProcessor - Using 'application/json', given [application/json, text/plain, */*] and supported [application/json, application/*+json]
2026-05-11 19:15:39.554 DEBUG
                [http-nio-8085-exec-2] [b5f49222-cb6b-4e2a-941d-f3482d43af12]
                o.s.w.s.m.m.a.RequestResponseBodyMethodProcessor - Writing [{todayVisits=7, totalVisits=148}]
2026-05-11 19:15:39.554 DEBUG
                [http-nio-8085-exec-4] [0acecab0-f1e9-46de-a016-b8e3f7d1180b]
                o.s.w.s.m.m.a.RequestResponseBodyMethodProcessor - Writing [{todayVisits=7, totalVisits=148}]
2026-05-11 19:15:39.559 DEBUG
                [http-nio-8085-exec-2] [b5f49222-cb6b-4e2a-941d-f3482d43af12]
                o.s.web.servlet.DispatcherServlet - Completed 200 OK
2026-05-11 19:15:39.560 DEBUG
                [http-nio-8085-exec-4] [0acecab0-f1e9-46de-a016-b8e3f7d1180b]
                o.s.web.servlet.DispatcherServlet - Completed 200 OK
2026-05-11 19:15:39.605 DEBUG
                [http-nio-8085-exec-5] [f9b958f2-df46-41e3-80d2-d185633fe15c]
                o.s.web.servlet.DispatcherServlet - GET "/MAHASBR/citizenSearch/visitor/summary", parameters={}
2026-05-11 19:15:39.607 DEBUG
                [http-nio-8085-exec-5] [f9b958f2-df46-41e3-80d2-d185633fe15c]
                o.s.w.s.m.m.a.RequestMappingHandlerMapping - Mapped to com.mahasbr.controller.VisitorController#getVisitSummary()
2026-05-11 19:15:39.622 DEBUG
                [http-nio-8085-exec-5] [f9b958f2-df46-41e3-80d2-d185633fe15c]
                o.s.w.s.m.m.a.RequestResponseBodyMethodProcessor - Using 'application/json', given [application/json, text/plain, */*] and supported [application/json, application/*+json]
2026-05-11 19:15:39.623 DEBUG
                [http-nio-8085-exec-5] [f9b958f2-df46-41e3-80d2-d185633fe15c]
                o.s.w.s.m.m.a.RequestResponseBodyMethodProcessor - Writing [{todayVisits=7, totalVisits=148}]
2026-05-11 19:15:39.624 DEBUG
                [http-nio-8085-exec-5] [f9b958f2-df46-41e3-80d2-d185633fe15c]
                o.s.web.servlet.DispatcherServlet - Completed 200 OK
2026-05-11 19:15:39.667 DEBUG
                [http-nio-8085-exec-12] [e9d35ced-f2c7-4a9c-8252-f64c44fff569]
                o.s.web.servlet.DispatcherServlet - GET "/MAHASBR/citizenSearch/menus/my", parameters={}
2026-05-11 19:15:39.667 DEBUG
                [http-nio-8085-exec-12] [e9d35ced-f2c7-4a9c-8252-f64c44fff569]
                o.s.w.s.m.m.a.RequestMappingHandlerMapping - Mapped to com.mahasbr.controller.MenuController#getMyMenus(Authentication)
2026-05-11 19:15:39.669 DEBUG
                [http-nio-8085-exec-12] [e9d35ced-f2c7-4a9c-8252-f64c44fff569]
                o.s.w.s.m.m.a.HttpEntityMethodProcessor - Using 'application/json', given [application/json, text/plain, */*] and supported [application/json, application/*+json]
2026-05-11 19:15:39.671 ERROR
                [http-nio-8085-exec-10] [09ff6fa9-e5e5-434b-ab69-c302d124ae11]
                c.mahasbr.filter.AuthEntryPointJwt - Unauthorized error: Full authentication is required to access this resource
2026-05-11 19:15:39.672 ERROR
                [http-nio-8085-exec-3] [84ea10b4-2779-4fba-8352-0b9c5942a8c4]
                c.mahasbr.filter.AuthEntryPointJwt - Unauthorized error: Full authentication is required to access this resource
2026-05-11 19:15:39.673 ERROR
                [http-nio-8085-exec-3] [84ea10b4-2779-4fba-8352-0b9c5942a8c4]
                c.mahasbr.filter.AuthEntryPointJwt - Unauthorized error: Full authentication is required to access this resource
2026-05-11 19:15:39.674 ERROR
                [http-nio-8085-exec-3] []
                c.mahasbr.filter.AuthEntryPointJwt - Unauthorized error: Full authentication is required to access this resource
2026-05-11 19:15:39.672 DEBUG
                [http-nio-8085-exec-12] [e9d35ced-f2c7-4a9c-8252-f64c44fff569]
                o.s.w.s.m.m.a.HttpEntityMethodProcessor - Writing [ApiResponse(success=false, message=Unauthorized, data=null)]
2026-05-11 19:15:39.672 ERROR
                [http-nio-8085-exec-10] [09ff6fa9-e5e5-434b-ab69-c302d124ae11]
                c.mahasbr.filter.AuthEntryPointJwt - Unauthorized error: Full authentication is required to access this resource
2026-05-11 19:15:39.676 ERROR
                [http-nio-8085-exec-3] []
                c.mahasbr.filter.AuthEntryPointJwt - Unauthorized error: Full authentication is required to access this resource
2026-05-11 19:15:39.677 DEBUG
                [http-nio-8085-exec-12] [e9d35ced-f2c7-4a9c-8252-f64c44fff569]
                o.s.web.servlet.DispatcherServlet - Completed 401 UNAUTHORIZED
2026-05-11 19:15:39.681 ERROR
                [http-nio-8085-exec-10] []
                c.mahasbr.filter.AuthEntryPointJwt - Unauthorized error: Full authentication is required to access this resource
2026-05-11 19:15:39.708 ERROR
                [http-nio-8085-exec-10] []
                c.mahasbr.filter.AuthEntryPointJwt - Unauthorized error: Full authentication is required to access this resource
2026-05-11 19:15:39.764 DEBUG
                [http-nio-8085-exec-1] [61a23257-543a-4c16-b86a-490b0eb53b5d]
                o.s.web.servlet.DispatcherServlet - GET "/MAHASBR/citizenSearch/visitor/summary", parameters={}
2026-05-11 19:15:39.774 DEBUG
                [http-nio-8085-exec-1] [61a23257-543a-4c16-b86a-490b0eb53b5d]
                o.s.w.s.m.m.a.RequestMappingHandlerMapping - Mapped to com.mahasbr.controller.VisitorController#getVisitSummary()
2026-05-11 19:15:39.775 DEBUG
                [http-nio-8085-exec-8] [1b6a3077-e87f-441c-b4f3-774bb8a32c92]
                o.s.web.servlet.DispatcherServlet - GET "/MAHASBR/citizenSearch/visitor/summary", parameters={}
2026-05-11 19:15:39.779 DEBUG
                [http-nio-8085-exec-8] [1b6a3077-e87f-441c-b4f3-774bb8a32c92]
                o.s.w.s.m.m.a.RequestMappingHandlerMapping - Mapped to com.mahasbr.controller.VisitorController#getVisitSummary()
2026-05-11 19:15:39.794 DEBUG
                [http-nio-8085-exec-1] [61a23257-543a-4c16-b86a-490b0eb53b5d]
                o.s.w.s.m.m.a.RequestResponseBodyMethodProcessor - Using 'application/json', given [application/json, text/plain, */*] and supported [application/json, application/*+json]
2026-05-11 19:15:39.795 DEBUG
                [http-nio-8085-exec-8] [1b6a3077-e87f-441c-b4f3-774bb8a32c92]
                o.s.w.s.m.m.a.RequestResponseBodyMethodProcessor - Using 'application/json', given [application/json, text/plain, */*] and supported [application/json, application/*+json]
2026-05-11 19:15:39.796 DEBUG
                [http-nio-8085-exec-1] [61a23257-543a-4c16-b86a-490b0eb53b5d]
                o.s.w.s.m.m.a.RequestResponseBodyMethodProcessor - Writing [{todayVisits=7, totalVisits=148}]
2026-05-11 19:15:39.797 DEBUG
                [http-nio-8085-exec-8] [1b6a3077-e87f-441c-b4f3-774bb8a32c92]
                o.s.w.s.m.m.a.RequestResponseBodyMethodProcessor - Writing [{todayVisits=7, totalVisits=148}]
2026-05-11 19:15:39.799 DEBUG
                [http-nio-8085-exec-8] [1b6a3077-e87f-441c-b4f3-774bb8a32c92]
                o.s.web.servlet.DispatcherServlet - Completed 200 OK
2026-05-11 19:15:39.799 DEBUG
                [http-nio-8085-exec-1] [61a23257-543a-4c16-b86a-490b0eb53b5d]
                o.s.web.servlet.DispatcherServlet - Completed 200 OK
2026-05-11 19:15:39.841 DEBUG
                [http-nio-8085-exec-2] [111d0456-584b-464f-9f7c-53a370ec17ff]
                o.s.web.servlet.DispatcherServlet - GET "/MAHASBR/citizenSearch/menus/my", parameters={}
2026-05-11 19:15:39.842 DEBUG
                [http-nio-8085-exec-2] [111d0456-584b-464f-9f7c-53a370ec17ff]
                o.s.w.s.m.m.a.RequestMappingHandlerMapping - Mapped to com.mahasbr.controller.MenuController#getMyMenus(Authentication)
2026-05-11 19:15:39.843 DEBUG
                [http-nio-8085-exec-2] [111d0456-584b-464f-9f7c-53a370ec17ff]
                o.s.w.s.m.m.a.HttpEntityMethodProcessor - Using 'application/json', given [application/json, text/plain, */*] and supported [application/json, application/*+json]
2026-05-11 19:15:39.843 DEBUG
                [http-nio-8085-exec-2] [111d0456-584b-464f-9f7c-53a370ec17ff]
                o.s.w.s.m.m.a.HttpEntityMethodProcessor - Writing [ApiResponse(success=false, message=Unauthorized, data=null)]
2026-05-11 19:15:39.844 ERROR
                [http-nio-8085-exec-4] [a0dcbb26-c04a-426b-a97f-1d9522f23d13]
                c.mahasbr.filter.AuthEntryPointJwt - Unauthorized error: Full authentication is required to access this resource
2026-05-11 19:15:39.845 ERROR
                [http-nio-8085-exec-5] [c53906fd-de82-433f-a317-2839836d73b2]
                c.mahasbr.filter.AuthEntryPointJwt - Unauthorized error: Full authentication is required to access this resource
2026-05-11 19:15:39.844 DEBUG
                [http-nio-8085-exec-2] [111d0456-584b-464f-9f7c-53a370ec17ff]
                o.s.web.servlet.DispatcherServlet - Completed 401 UNAUTHORIZED
2026-05-11 19:15:39.845 ERROR
                [http-nio-8085-exec-4] [a0dcbb26-c04a-426b-a97f-1d9522f23d13]
                c.mahasbr.filter.AuthEntryPointJwt - Unauthorized error: Full authentication is required to access this resource
2026-05-11 19:15:39.847 ERROR
                [http-nio-8085-exec-5] [c53906fd-de82-433f-a317-2839836d73b2]
                c.mahasbr.filter.AuthEntryPointJwt - Unauthorized error: Full authentication is required to access this resource
2026-05-11 19:15:39.849 ERROR
                [http-nio-8085-exec-4] []
                c.mahasbr.filter.AuthEntryPointJwt - Unauthorized error: Full authentication is required to access this resource
2026-05-11 19:15:39.849 ERROR
                [http-nio-8085-exec-5] []
                c.mahasbr.filter.AuthEntryPointJwt - Unauthorized error: Full authentication is required to access this resource
2026-05-11 19:15:39.849 ERROR
                [http-nio-8085-exec-4] []
                c.mahasbr.filter.AuthEntryPointJwt - Unauthorized error: Full authentication is required to access this resource
2026-05-11 19:15:39.860 ERROR
                [http-nio-8085-exec-5] []
                c.mahasbr.filter.AuthEntryPointJwt - Unauthorized error: Full authentication is required to access this resource
2026-05-11 19:15:39.873 DEBUG
                [http-nio-8085-exec-3] [17f49b01-df85-41d0-a598-4522225d974e]
                o.s.web.servlet.DispatcherServlet - GET "/MAHASBR/citizenSearch/visitor/summary", parameters={}
2026-05-11 19:15:39.874 DEBUG
                [http-nio-8085-exec-3] [17f49b01-df85-41d0-a598-4522225d974e]
                o.s.w.s.m.m.a.RequestMappingHandlerMapping - Mapped to com.mahasbr.controller.VisitorController#getVisitSummary()
2026-05-11 19:15:39.883 DEBUG
                [http-nio-8085-exec-12] [0178bf75-d065-470f-9613-411b93eabfa3]
                o.s.web.servlet.DispatcherServlet - GET "/MAHASBR/citizenSearch/menus/my", parameters={}
2026-05-11 19:15:39.884 DEBUG
                [http-nio-8085-exec-12] [0178bf75-d065-470f-9613-411b93eabfa3]
                o.s.w.s.m.m.a.RequestMappingHandlerMapping - Mapped to com.mahasbr.controller.MenuController#getMyMenus(Authentication)
2026-05-11 19:15:39.884 DEBUG
                [http-nio-8085-exec-12] [0178bf75-d065-470f-9613-411b93eabfa3]
                o.s.w.s.m.m.a.HttpEntityMethodProcessor - Using 'application/json', given [application/json, text/plain, */*] and supported [application/json, application/*+json]
2026-05-11 19:15:39.885 DEBUG
                [http-nio-8085-exec-12] [0178bf75-d065-470f-9613-411b93eabfa3]
                o.s.w.s.m.m.a.HttpEntityMethodProcessor - Writing [ApiResponse(success=false, message=Unauthorized, data=null)]
2026-05-11 19:15:39.886 DEBUG
                [http-nio-8085-exec-12] [0178bf75-d065-470f-9613-411b93eabfa3]
                o.s.web.servlet.DispatcherServlet - Completed 401 UNAUTHORIZED
2026-05-11 19:15:39.896 DEBUG
                [http-nio-8085-exec-3] [17f49b01-df85-41d0-a598-4522225d974e]
                o.s.w.s.m.m.a.RequestResponseBodyMethodProcessor - Using 'application/json', given [application/json, text/plain, */*] and supported [application/json, application/*+json]
2026-05-11 19:15:39.897 DEBUG
                [http-nio-8085-exec-3] [17f49b01-df85-41d0-a598-4522225d974e]
                o.s.w.s.m.m.a.RequestResponseBodyMethodProcessor - Writing [{todayVisits=7, totalVisits=148}]
2026-05-11 19:15:39.898 DEBUG
                [http-nio-8085-exec-3] [17f49b01-df85-41d0-a598-4522225d974e]
                o.s.web.servlet.DispatcherServlet - Completed 200 OK
2026-05-11 19:15:39.919 DEBUG
                [http-nio-8085-exec-10] [96cc6c8a-d8f9-4508-b6ca-97707dd2653a]
                o.s.web.servlet.DispatcherServlet - GET "/MAHASBR/citizenSearch/visitor/summary", parameters={}
2026-05-11 19:15:39.922 DEBUG
                [http-nio-8085-exec-10] [96cc6c8a-d8f9-4508-b6ca-97707dd2653a]
                o.s.w.s.m.m.a.RequestMappingHandlerMapping - Mapped to com.mahasbr.controller.VisitorController#getVisitSummary()
2026-05-11 19:15:39.959 DEBUG
                [http-nio-8085-exec-10] [96cc6c8a-d8f9-4508-b6ca-97707dd2653a]
                o.s.w.s.m.m.a.RequestResponseBodyMethodProcessor - Using 'application/json', given [application/json, text/plain, */*] and supported [application/json, application/*+json]
2026-05-11 19:15:39.960 DEBUG
                [http-nio-8085-exec-10] [96cc6c8a-d8f9-4508-b6ca-97707dd2653a]
                o.s.w.s.m.m.a.RequestResponseBodyMethodProcessor - Writing [{todayVisits=7, totalVisits=148}]
2026-05-11 19:15:39.961 DEBUG
                [http-nio-8085-exec-10] [96cc6c8a-d8f9-4508-b6ca-97707dd2653a]
                o.s.web.servlet.DispatcherServlet - Completed 200 OK
2026-05-11 19:15:39.963 DEBUG
                [http-nio-8085-exec-8] [7eee970f-18b3-4803-89bc-a0cc6054a316]
                o.s.web.servlet.DispatcherServlet - GET "/MAHASBR/citizenSearch/menus/my", parameters={}
2026-05-11 19:15:39.963 DEBUG
                [http-nio-8085-exec-8] [7eee970f-18b3-4803-89bc-a0cc6054a316]
                o.s.w.s.m.m.a.RequestMappingHandlerMapping - Mapped to com.mahasbr.controller.MenuController#getMyMenus(Authentication)
2026-05-11 19:15:39.964 DEBUG
                [http-nio-8085-exec-8] [7eee970f-18b3-4803-89bc-a0cc6054a316]
                o.s.w.s.m.m.a.HttpEntityMethodProcessor - Using 'application/json', given [application/json, text/plain, */*] and supported [application/json, application/*+json]
2026-05-11 19:15:39.965 DEBUG
                [http-nio-8085-exec-8] [7eee970f-18b3-4803-89bc-a0cc6054a316]
                o.s.w.s.m.m.a.HttpEntityMethodProcessor - Writing [ApiResponse(success=false, message=Unauthorized, data=null)]
2026-05-11 19:15:39.966 DEBUG
                [http-nio-8085-exec-8] [7eee970f-18b3-4803-89bc-a0cc6054a316]
                o.s.web.servlet.DispatcherServlet - Completed 401 UNAUTHORIZED
2026-05-11 19:15:40.008 DEBUG
                [http-nio-8085-exec-1] [25586166-fdc2-44f3-a68c-6f8ab22c798d]
                o.s.web.servlet.DispatcherServlet - GET "/MAHASBR/citizenSearch/visitor/summary", parameters={}
2026-05-11 19:15:40.009 DEBUG
                [http-nio-8085-exec-1] [25586166-fdc2-44f3-a68c-6f8ab22c798d]
                o.s.w.s.m.m.a.RequestMappingHandlerMapping - Mapped to com.mahasbr.controller.VisitorController#getVisitSummary()
2026-05-11 19:15:40.010 DEBUG
                [http-nio-8085-exec-2] [0df8616b-dd83-45f5-a139-68e22828d0b2]
                o.s.web.servlet.DispatcherServlet - GET "/MAHASBR/citizenSearch/menus/my", parameters={}
2026-05-11 19:15:40.010 DEBUG
                [http-nio-8085-exec-2] [0df8616b-dd83-45f5-a139-68e22828d0b2]
                o.s.w.s.m.m.a.RequestMappingHandlerMapping - Mapped to com.mahasbr.controller.MenuController#getMyMenus(Authentication)
2026-05-11 19:15:40.011 DEBUG
                [http-nio-8085-exec-2] [0df8616b-dd83-45f5-a139-68e22828d0b2]
                o.s.w.s.m.m.a.HttpEntityMethodProcessor - Using 'application/json', given [application/json, text/plain, */*] and supported [application/json, application/*+json]
2026-05-11 19:15:40.012 DEBUG
                [http-nio-8085-exec-2] [0df8616b-dd83-45f5-a139-68e22828d0b2]
                o.s.w.s.m.m.a.HttpEntityMethodProcessor - Writing [ApiResponse(success=false, message=Unauthorized, data=null)]
2026-05-11 19:15:40.013 DEBUG
                [http-nio-8085-exec-2] [0df8616b-dd83-45f5-a139-68e22828d0b2]
                o.s.web.servlet.DispatcherServlet - Completed 401 UNAUTHORIZED
2026-05-11 19:15:40.022 DEBUG
                [http-nio-8085-exec-1] [25586166-fdc2-44f3-a68c-6f8ab22c798d]
                o.s.w.s.m.m.a.RequestResponseBodyMethodProcessor - Using 'application/json', given [application/json, text/plain, */*] and supported [application/json, application/*+json]
2026-05-11 19:15:40.030 DEBUG
                [http-nio-8085-exec-1] [25586166-fdc2-44f3-a68c-6f8ab22c798d]
                o.s.w.s.m.m.a.RequestResponseBodyMethodProcessor - Writing [{todayVisits=7, totalVisits=148}]
2026-05-11 19:15:40.041 DEBUG
                [http-nio-8085-exec-4] [409ed86a-f859-4665-ab0e-4ddc8e2f5635]
                o.s.web.servlet.DispatcherServlet - GET "/MAHASBR/citizenSearch/visitor/summary", parameters={}
2026-05-11 19:15:40.044 DEBUG
                [http-nio-8085-exec-1] [25586166-fdc2-44f3-a68c-6f8ab22c798d]
                o.s.web.servlet.DispatcherServlet - Completed 200 OK
2026-05-11 19:15:40.045 DEBUG
                [http-nio-8085-exec-4] [409ed86a-f859-4665-ab0e-4ddc8e2f5635]
                o.s.w.s.m.m.a.RequestMappingHandlerMapping - Mapped to com.mahasbr.controller.VisitorController#getVisitSummary()
2026-05-11 19:15:40.073 ERROR
                [http-nio-8085-exec-12] [c6157f24-a8e9-4395-b94c-448b703efdf6]
                c.mahasbr.filter.AuthEntryPointJwt - Unauthorized error: Full authentication is required to access this resource
2026-05-11 19:15:40.077 ERROR
                [http-nio-8085-exec-12] [c6157f24-a8e9-4395-b94c-448b703efdf6]
                c.mahasbr.filter.AuthEntryPointJwt - Unauthorized error: Full authentication is required to access this resource
2026-05-11 19:15:40.077 DEBUG
                [http-nio-8085-exec-5] [812eae4c-410d-46a3-bfed-da264a557984]
                o.s.web.servlet.DispatcherServlet - GET "/MAHASBR/citizenSearch/menus/my", parameters={}
2026-05-11 19:15:40.079 ERROR
                [http-nio-8085-exec-12] []
                c.mahasbr.filter.AuthEntryPointJwt - Unauthorized error: Full authentication is required to access this resource
2026-05-11 19:15:40.079 DEBUG
                [http-nio-8085-exec-4] [409ed86a-f859-4665-ab0e-4ddc8e2f5635]
                o.s.w.s.m.m.a.RequestResponseBodyMethodProcessor - Using 'application/json', given [application/json, text/plain, */*] and supported [application/json, application/*+json]
2026-05-11 19:15:40.093 DEBUG
                [http-nio-8085-exec-5] [812eae4c-410d-46a3-bfed-da264a557984]
                o.s.w.s.m.m.a.RequestMappingHandlerMapping - Mapped to com.mahasbr.controller.MenuController#getMyMenus(Authentication)
2026-05-11 19:15:40.094 ERROR
                [http-nio-8085-exec-12] []
                c.mahasbr.filter.AuthEntryPointJwt - Unauthorized error: Full authentication is required to access this resource
2026-05-11 19:15:40.094 DEBUG
                [http-nio-8085-exec-4] [409ed86a-f859-4665-ab0e-4ddc8e2f5635]
                o.s.w.s.m.m.a.RequestResponseBodyMethodProcessor - Writing [{todayVisits=7, totalVisits=148}]
2026-05-11 19:15:40.096 DEBUG
                [http-nio-8085-exec-5] [812eae4c-410d-46a3-bfed-da264a557984]
                o.s.w.s.m.m.a.HttpEntityMethodProcessor - Using 'application/json', given [application/json, text/plain, */*] and supported [application/json, application/*+json]
2026-05-11 19:15:40.099 DEBUG
                [http-nio-8085-exec-4] [409ed86a-f859-4665-ab0e-4ddc8e2f5635]
                o.s.web.servlet.DispatcherServlet - Completed 200 OK
2026-05-11 19:15:40.111 DEBUG
                [http-nio-8085-exec-5] [812eae4c-410d-46a3-bfed-da264a557984]
                o.s.w.s.m.m.a.HttpEntityMethodProcessor - Writing [ApiResponse(success=false, message=Unauthorized, data=null)]
2026-05-11 19:15:40.116 DEBUG
                [http-nio-8085-exec-5] [812eae4c-410d-46a3-bfed-da264a557984]
                o.s.web.servlet.DispatcherServlet - Completed 401 UNAUTHORIZED
2026-05-11 19:15:40.182 DEBUG
                [http-nio-8085-exec-3] [143de517-5112-4d42-ac2d-f3860922659f]
                o.s.web.servlet.DispatcherServlet - GET "/MAHASBR/citizenSearch/visitor/summary", parameters={}
2026-05-11 19:15:40.183 DEBUG
                [http-nio-8085-exec-3] [143de517-5112-4d42-ac2d-f3860922659f]
                o.s.w.s.m.m.a.RequestMappingHandlerMapping - Mapped to com.mahasbr.controller.VisitorController#getVisitSummary()
2026-05-11 19:15:40.186 DEBUG
                [http-nio-8085-exec-7] [06cb26bc-598a-4aeb-874a-2b2608f48202]
                o.s.w.s.m.m.a.HttpEntityMethodProcessor - Using 'application/json', given [application/json, text/plain, */*] and supported [application/json, application/*+json]
2026-05-11 19:15:40.187 DEBUG
                [http-nio-8085-exec-7] [06cb26bc-598a-4aeb-874a-2b2608f48202]
                o.s.w.s.m.m.a.HttpEntityMethodProcessor - Writing [[org.springframework.data.jpa.repository.query.AbstractJpaQuery$TupleConverter$TupleBackedMap@7de7b0 (truncated)...]
2026-05-11 19:15:40.189 DEBUG
                [http-nio-8085-exec-7] [06cb26bc-598a-4aeb-874a-2b2608f48202]
                o.s.web.servlet.DispatcherServlet - Completed 200 OK
2026-05-11 19:15:40.201 DEBUG
                [http-nio-8085-exec-10] [d37a9cd2-40cb-40e4-9dbd-5dc04b73221e]
                o.s.web.servlet.DispatcherServlet - GET "/MAHASBR/citizenSearch/menus/my", parameters={}
2026-05-11 19:15:40.205 DEBUG
                [http-nio-8085-exec-3] [143de517-5112-4d42-ac2d-f3860922659f]
                o.s.w.s.m.m.a.RequestResponseBodyMethodProcessor - Using 'application/json', given [application/json, text/plain, */*] and supported [application/json, application/*+json]
2026-05-11 19:15:40.206 DEBUG
                [http-nio-8085-exec-10] [d37a9cd2-40cb-40e4-9dbd-5dc04b73221e]
                o.s.w.s.m.m.a.RequestMappingHandlerMapping - Mapped to com.mahasbr.controller.MenuController#getMyMenus(Authentication)
2026-05-11 19:15:40.207 DEBUG
                [http-nio-8085-exec-3] [143de517-5112-4d42-ac2d-f3860922659f]
                o.s.w.s.m.m.a.RequestResponseBodyMethodProcessor - Writing [{todayVisits=7, totalVisits=148}]
2026-05-11 19:15:40.208 DEBUG
                [http-nio-8085-exec-10] [d37a9cd2-40cb-40e4-9dbd-5dc04b73221e]
                o.s.w.s.m.m.a.HttpEntityMethodProcessor - Using 'application/json', given [application/json, text/plain, */*] and supported [application/json, application/*+json]
2026-05-11 19:15:40.208 DEBUG
                [http-nio-8085-exec-3] [143de517-5112-4d42-ac2d-f3860922659f]
                o.s.web.servlet.DispatcherServlet - Completed 200 OK
2026-05-11 19:15:40.209 DEBUG
                [http-nio-8085-exec-10] [d37a9cd2-40cb-40e4-9dbd-5dc04b73221e]
                o.s.w.s.m.m.a.HttpEntityMethodProcessor - Writing [ApiResponse(success=false, message=Unauthorized, data=null)]
2026-05-11 19:15:40.226 DEBUG
                [http-nio-8085-exec-10] [d37a9cd2-40cb-40e4-9dbd-5dc04b73221e]
                o.s.web.servlet.DispatcherServlet - Completed 401 UNAUTHORIZED
2026-05-11 19:15:40.227 DEBUG
                [http-nio-8085-exec-8] [9125f321-4084-423c-b92c-da46d504e7ea]
                o.s.web.servlet.DispatcherServlet - GET "/MAHASBR/citizenSearch/visitor/summary", parameters={}
2026-05-11 19:15:40.228 DEBUG
                [http-nio-8085-exec-8] [9125f321-4084-423c-b92c-da46d504e7ea]
                o.s.w.s.m.m.a.RequestMappingHandlerMapping - Mapped to com.mahasbr.controller.VisitorController#getVisitSummary()
2026-05-11 19:15:40.244 DEBUG
                [http-nio-8085-exec-8] [9125f321-4084-423c-b92c-da46d504e7ea]
                o.s.w.s.m.m.a.RequestResponseBodyMethodProcessor - Using 'application/json', given [application/json, text/plain, */*] and supported [application/json, application/*+json]
2026-05-11 19:15:40.261 DEBUG
                [http-nio-8085-exec-8] [9125f321-4084-423c-b92c-da46d504e7ea]
                o.s.w.s.m.m.a.RequestResponseBodyMethodProcessor - Writing [{todayVisits=7, totalVisits=148}]
2026-05-11 19:15:40.262 DEBUG
                [http-nio-8085-exec-8] [9125f321-4084-423c-b92c-da46d504e7ea]
                o.s.web.servlet.DispatcherServlet - Completed 200 OK
2026-05-11 19:15:40.264 DEBUG
                [http-nio-8085-exec-2] [e808981c-996f-40a4-9b89-6014a48dc7a7]
                o.s.web.servlet.DispatcherServlet - GET "/MAHASBR/citizenSearch/menus/my", parameters={}
2026-05-11 19:15:40.265 DEBUG
                [http-nio-8085-exec-2] [e808981c-996f-40a4-9b89-6014a48dc7a7]
                o.s.w.s.m.m.a.RequestMappingHandlerMapping - Mapped to com.mahasbr.controller.MenuController#getMyMenus(Authentication)
2026-05-11 19:15:40.266 DEBUG
                [http-nio-8085-exec-2] [e808981c-996f-40a4-9b89-6014a48dc7a7]
                o.s.w.s.m.m.a.HttpEntityMethodProcessor - Using 'application/json', given [application/json, text/plain, */*] and supported [application/json, application/*+json]
2026-05-11 19:15:40.266 ERROR
                [http-nio-8085-exec-1] [d95f7f2c-5a0d-4cda-8fdb-8100b2817ec3]
                c.mahasbr.filter.AuthEntryPointJwt - Unauthorized error: Full authentication is required to access this resource
2026-05-11 19:15:40.267 DEBUG
                [http-nio-8085-exec-2] [e808981c-996f-40a4-9b89-6014a48dc7a7]
                o.s.w.s.m.m.a.HttpEntityMethodProcessor - Writing [ApiResponse(success=false, message=Unauthorized, data=null)]
2026-05-11 19:15:40.269 ERROR
                [http-nio-8085-exec-1] [d95f7f2c-5a0d-4cda-8fdb-8100b2817ec3]
                c.mahasbr.filter.AuthEntryPointJwt - Unauthorized error: Full authentication is required to access this resource
2026-05-11 19:15:40.274 DEBUG
                [http-nio-8085-exec-2] [e808981c-996f-40a4-9b89-6014a48dc7a7]
                o.s.web.servlet.DispatcherServlet - Completed 401 UNAUTHORIZED
2026-05-11 19:15:40.276 ERROR
                [http-nio-8085-exec-1] []
                c.mahasbr.filter.AuthEntryPointJwt - Unauthorized error: Full authentication is required to access this resource
2026-05-11 19:15:40.277 ERROR
                [http-nio-8085-exec-1] []
                c.mahasbr.filter.AuthEntryPointJwt - Unauthorized error: Full authentication is required to access this resource
2026-05-11 19:15:40.329 DEBUG
                [http-nio-8085-exec-12] [b74ef6fd-14aa-4fa7-9115-c963ef0f7e2b]
                o.s.web.servlet.DispatcherServlet - GET "/MAHASBR/citizenSearch/visitor/summary", parameters={}
2026-05-11 19:15:40.330 ERROR
                [http-nio-8085-exec-5] [f92cc65d-0fa3-4cdd-bf8b-ab762d4de167]
                c.mahasbr.filter.AuthEntryPointJwt - Unauthorized error: Full authentication is required to access this resource
2026-05-11 19:15:40.331 ERROR
                [http-nio-8085-exec-5] [f92cc65d-0fa3-4cdd-bf8b-ab762d4de167]
                c.mahasbr.filter.AuthEntryPointJwt - Unauthorized error: Full authentication is required to access this resource
2026-05-11 19:15:40.331 DEBUG
                [http-nio-8085-exec-12] [b74ef6fd-14aa-4fa7-9115-c963ef0f7e2b]
                o.s.w.s.m.m.a.RequestMappingHandlerMapping - Mapped to com.mahasbr.controller.VisitorController#getVisitSummary()
2026-05-11 19:15:40.333 ERROR
                [http-nio-8085-exec-5] []
                c.mahasbr.filter.AuthEntryPointJwt - Unauthorized error: Full authentication is required to access this resource
2026-05-11 19:15:40.335 ERROR
                [http-nio-8085-exec-5] []
                c.mahasbr.filter.AuthEntryPointJwt - Unauthorized error: Full authentication is required to access this resource
2026-05-11 19:15:40.342 DEBUG
                [http-nio-8085-exec-4] [558f893a-c5b1-4fc6-9e91-cab1dc0f5179]
                o.s.web.servlet.DispatcherServlet - GET "/MAHASBR/citizenSearch/menus/my", parameters={}
2026-05-11 19:15:40.343 DEBUG
                [http-nio-8085-exec-4] [558f893a-c5b1-4fc6-9e91-cab1dc0f5179]
                o.s.w.s.m.m.a.RequestMappingHandlerMapping - Mapped to com.mahasbr.controller.MenuController#getMyMenus(Authentication)
2026-05-11 19:15:40.345 DEBUG
                [http-nio-8085-exec-4] [558f893a-c5b1-4fc6-9e91-cab1dc0f5179]
                o.s.w.s.m.m.a.HttpEntityMethodProcessor - Using 'application/json', given [application/json, text/plain, */*] and supported [application/json, application/*+json]
2026-05-11 19:15:40.346 DEBUG
                [http-nio-8085-exec-4] [558f893a-c5b1-4fc6-9e91-cab1dc0f5179]
                o.s.w.s.m.m.a.HttpEntityMethodProcessor - Writing [ApiResponse(success=false, message=Unauthorized, data=null)]
2026-05-11 19:15:40.349 DEBUG
                [http-nio-8085-exec-4] [558f893a-c5b1-4fc6-9e91-cab1dc0f5179]
                o.s.web.servlet.DispatcherServlet - Completed 401 UNAUTHORIZED
2026-05-11 19:15:40.363 ERROR
                [http-nio-8085-exec-8] [1ba46b95-43bf-40f9-a6d6-f3bbbbf81b38]
                c.mahasbr.filter.AuthEntryPointJwt - Unauthorized error: Full authentication is required to access this resource
2026-05-11 19:15:40.363 ERROR
                [http-nio-8085-exec-8] [1ba46b95-43bf-40f9-a6d6-f3bbbbf81b38]
                c.mahasbr.filter.AuthEntryPointJwt - Unauthorized error: Full authentication is required to access this resource
2026-05-11 19:15:40.365 ERROR
                [http-nio-8085-exec-8] []
                c.mahasbr.filter.AuthEntryPointJwt - Unauthorized error: Full authentication is required to access this resource
2026-05-11 19:15:40.365 ERROR
                [http-nio-8085-exec-8] []
                c.mahasbr.filter.AuthEntryPointJwt - Unauthorized error: Full authentication is required to access this resource
2026-05-11 19:15:40.369 ERROR
                [http-nio-8085-exec-3] [2801f8a3-1ef8-4454-8e2d-d4bd2bc9135f]
                c.mahasbr.filter.AuthEntryPointJwt - Unauthorized error: Full authentication is required to access this resource
2026-05-11 19:15:40.370 DEBUG
                [http-nio-8085-exec-12] [b74ef6fd-14aa-4fa7-9115-c963ef0f7e2b]
                o.s.w.s.m.m.a.RequestResponseBodyMethodProcessor - Using 'application/json', given [application/json, text/plain, */*] and supported [application/json, application/*+json]
2026-05-11 19:15:40.371 ERROR
                [http-nio-8085-exec-2] [5511213a-041c-435c-b782-32989290fc5f]
                c.mahasbr.filter.AuthEntryPointJwt - Unauthorized error: Full authentication is required to access this resource
2026-05-11 19:15:40.373 ERROR
                [http-nio-8085-exec-2] [5511213a-041c-435c-b782-32989290fc5f]
                c.mahasbr.filter.AuthEntryPointJwt - Unauthorized error: Full authentication is required to access this resource
2026-05-11 19:15:40.372 ERROR
                [http-nio-8085-exec-10] [cd7b9cfe-e400-4236-a4a4-f0f9a6454009]
                c.mahasbr.filter.AuthEntryPointJwt - Unauthorized error: Full authentication is required to access this resource
2026-05-11 19:15:40.373 ERROR
                [http-nio-8085-exec-3] [2801f8a3-1ef8-4454-8e2d-d4bd2bc9135f]
                c.mahasbr.filter.AuthEntryPointJwt - Unauthorized error: Full authentication is required to access this resource
2026-05-11 19:15:40.373 DEBUG
                [http-nio-8085-exec-12] [b74ef6fd-14aa-4fa7-9115-c963ef0f7e2b]
                o.s.w.s.m.m.a.RequestResponseBodyMethodProcessor - Writing [{todayVisits=7, totalVisits=148}]
2026-05-11 19:15:40.375 ERROR
                [http-nio-8085-exec-2] []
                c.mahasbr.filter.AuthEntryPointJwt - Unauthorized error: Full authentication is required to access this resource
2026-05-11 19:15:40.375 ERROR
                [http-nio-8085-exec-10] [cd7b9cfe-e400-4236-a4a4-f0f9a6454009]
                c.mahasbr.filter.AuthEntryPointJwt - Unauthorized error: Full authentication is required to access this resource
2026-05-11 19:15:40.378 DEBUG
                [http-nio-8085-exec-12] [b74ef6fd-14aa-4fa7-9115-c963ef0f7e2b]
                o.s.web.servlet.DispatcherServlet - Completed 200 OK
2026-05-11 19:15:40.376 ERROR
                [http-nio-8085-exec-3] []
                c.mahasbr.filter.AuthEntryPointJwt - Unauthorized error: Full authentication is required to access this resource
2026-05-11 19:15:40.377 ERROR
                [http-nio-8085-exec-2] []
                c.mahasbr.filter.AuthEntryPointJwt - Unauthorized error: Full authentication is required to access this resource
2026-05-11 19:15:40.379 ERROR
                [http-nio-8085-exec-10] []
                c.mahasbr.filter.AuthEntryPointJwt - Unauthorized error: Full authentication is required to access this resource
2026-05-11 19:15:40.380 ERROR
                [http-nio-8085-exec-7] [5a756597-dbb1-40bf-aaf4-18d8cc4ccc1c]
                c.mahasbr.filter.AuthEntryPointJwt - Unauthorized error: Full authentication is required to access this resource
2026-05-11 19:15:40.380 ERROR
                [http-nio-8085-exec-3] []
                c.mahasbr.filter.AuthEntryPointJwt - Unauthorized error: Full authentication is required to access this resource
2026-05-11 19:15:40.384 ERROR
                [http-nio-8085-exec-10] []
                c.mahasbr.filter.AuthEntryPointJwt - Unauthorized error: Full authentication is required to access this resource
2026-05-11 19:15:40.384 ERROR
                [http-nio-8085-exec-7] [5a756597-dbb1-40bf-aaf4-18d8cc4ccc1c]
                c.mahasbr.filter.AuthEntryPointJwt - Unauthorized error: Full authentication is required to access this resource
2026-05-11 19:15:40.388 ERROR
                [http-nio-8085-exec-7] []
                c.mahasbr.filter.AuthEntryPointJwt - Unauthorized error: Full authentication is required to access this resource
2026-05-11 19:15:40.397 ERROR
                [http-nio-8085-exec-7] []
                c.mahasbr.filter.AuthEntryPointJwt - Unauthorized error: Full authentication is required to access this resource
2026-05-11 19:15:40.591 DEBUG
                [http-nio-8085-exec-1] [03ad6bf6-6de8-4bb1-8127-e6ae1c2770d1]
                o.s.web.servlet.DispatcherServlet - GET "/MAHASBR/citizenSearch/visitor/summary", parameters={}
2026-05-11 19:15:40.595 DEBUG
                [http-nio-8085-exec-1] [03ad6bf6-6de8-4bb1-8127-e6ae1c2770d1]
                o.s.w.s.m.m.a.RequestMappingHandlerMapping - Mapped to com.mahasbr.controller.VisitorController#getVisitSummary()
2026-05-11 19:15:40.609 DEBUG
                [http-nio-8085-exec-5] [32359900-f439-4b45-886d-6d9c135a7dac]
                o.s.web.servlet.DispatcherServlet - GET "/MAHASBR/citizenSearch/visitor/summary", parameters={}
2026-05-11 19:15:40.611 DEBUG
                [http-nio-8085-exec-5] [32359900-f439-4b45-886d-6d9c135a7dac]
                o.s.w.s.m.m.a.RequestMappingHandlerMapping - Mapped to com.mahasbr.controller.VisitorController#getVisitSummary()
2026-05-11 19:15:40.617 DEBUG
                [http-nio-8085-exec-2] [d15cbbcc-3ca8-496f-ba72-fce79cea1e5f]
                o.s.web.servlet.DispatcherServlet - GET "/MAHASBR/citizenSearch/menus/my", parameters={}
2026-05-11 19:15:40.621 DEBUG
                [http-nio-8085-exec-12] [4b62b76d-ee20-46ba-8ea1-5bfd4a6f4639]
                o.s.web.servlet.DispatcherServlet - GET "/MAHASBR/citizenSearch/menus/my", parameters={}
2026-05-11 19:15:40.624 DEBUG
                [http-nio-8085-exec-4] [534a7b0b-01b0-49b5-9138-1f32ec0cb63e]
                o.s.web.servlet.DispatcherServlet - GET "/MAHASBR/citizenSearch/visitor/summary", parameters={}
2026-05-11 19:15:40.624 DEBUG
                [http-nio-8085-exec-8] [dbb6a76b-1079-4e37-aa9b-0c036323376f]
                o.s.web.servlet.DispatcherServlet - GET "/MAHASBR/citizenSearch/menus/my", parameters={}
2026-05-11 19:15:40.625 DEBUG
                [http-nio-8085-exec-2] [d15cbbcc-3ca8-496f-ba72-fce79cea1e5f]
                o.s.w.s.m.m.a.RequestMappingHandlerMapping - Mapped to com.mahasbr.controller.MenuController#getMyMenus(Authentication)
2026-05-11 19:15:40.625 DEBUG
                [http-nio-8085-exec-12] [4b62b76d-ee20-46ba-8ea1-5bfd4a6f4639]
                o.s.w.s.m.m.a.RequestMappingHandlerMapping - Mapped to com.mahasbr.controller.MenuController#getMyMenus(Authentication)
2026-05-11 19:15:40.626 ERROR
                [http-nio-8085-exec-10] [9e69c9c6-4023-4fa2-b8af-d6fa0da64882]
                c.mahasbr.filter.AuthEntryPointJwt - Unauthorized error: Full authentication is required to access this resource
2026-05-11 19:15:40.626 DEBUG
                [http-nio-8085-exec-4] [534a7b0b-01b0-49b5-9138-1f32ec0cb63e]
                o.s.w.s.m.m.a.RequestMappingHandlerMapping - Mapped to com.mahasbr.controller.VisitorController#getVisitSummary()
2026-05-11 19:15:40.627 DEBUG
                [http-nio-8085-exec-1] [03ad6bf6-6de8-4bb1-8127-e6ae1c2770d1]
                o.s.w.s.m.m.a.RequestResponseBodyMethodProcessor - Using 'application/json', given [application/json, text/plain, */*] and supported [application/json, application/*+json]
2026-05-11 19:15:40.627 DEBUG
                [http-nio-8085-exec-8] [dbb6a76b-1079-4e37-aa9b-0c036323376f]
                o.s.w.s.m.m.a.RequestMappingHandlerMapping - Mapped to com.mahasbr.controller.MenuController#getMyMenus(Authentication)
2026-05-11 19:15:40.628 DEBUG
                [http-nio-8085-exec-3] [de89b715-6747-4513-a0e4-fe53a847ac0b]
                o.s.web.servlet.DispatcherServlet - GET "/MAHASBR/citizenSearch/menus", parameters={}
2026-05-11 19:15:40.628 DEBUG
                [http-nio-8085-exec-2] [d15cbbcc-3ca8-496f-ba72-fce79cea1e5f]
                o.s.w.s.m.m.a.HttpEntityMethodProcessor - Using 'application/json', given [application/json, text/plain, */*] and supported [application/json, application/*+json]
2026-05-11 19:15:40.629 DEBUG
                [http-nio-8085-exec-12] [4b62b76d-ee20-46ba-8ea1-5bfd4a6f4639]
                o.s.w.s.m.m.a.HttpEntityMethodProcessor - Using 'application/json', given [application/json, text/plain, */*] and supported [application/json, application/*+json]
2026-05-11 19:15:40.629 ERROR
                [http-nio-8085-exec-10] [9e69c9c6-4023-4fa2-b8af-d6fa0da64882]
                c.mahasbr.filter.AuthEntryPointJwt - Unauthorized error: Full authentication is required to access this resource
2026-05-11 19:15:40.630 DEBUG
                [http-nio-8085-exec-1] [03ad6bf6-6de8-4bb1-8127-e6ae1c2770d1]
                o.s.w.s.m.m.a.RequestResponseBodyMethodProcessor - Writing [{todayVisits=7, totalVisits=148}]
2026-05-11 19:15:40.631 DEBUG
                [http-nio-8085-exec-8] [dbb6a76b-1079-4e37-aa9b-0c036323376f]
                o.s.w.s.m.m.a.HttpEntityMethodProcessor - Using 'application/json', given [application/json, text/plain, */*] and supported [application/json, application/*+json]
2026-05-11 19:15:40.631 DEBUG
                [http-nio-8085-exec-3] [de89b715-6747-4513-a0e4-fe53a847ac0b]
                o.s.w.s.m.m.a.RequestMappingHandlerMapping - Mapped to com.mahasbr.controller.MenuController#getAllMenus()
2026-05-11 19:15:40.631 DEBUG
                [http-nio-8085-exec-2] [d15cbbcc-3ca8-496f-ba72-fce79cea1e5f]
                o.s.w.s.m.m.a.HttpEntityMethodProcessor - Writing [ApiResponse(success=false, message=Unauthorized, data=null)]
2026-05-11 19:15:40.632 DEBUG
                [http-nio-8085-exec-12] [4b62b76d-ee20-46ba-8ea1-5bfd4a6f4639]
                o.s.w.s.m.m.a.HttpEntityMethodProcessor - Writing [ApiResponse(success=false, message=Unauthorized, data=null)]
2026-05-11 19:15:40.632 DEBUG
                [http-nio-8085-exec-7] [39876607-ad83-4f4c-b2c7-2d01ab3dc170]
                o.s.web.servlet.DispatcherServlet - GET "/MAHASBR/citizenSearch/menus", parameters={}
2026-05-11 19:15:40.636 DEBUG
                [http-nio-8085-exec-7] [39876607-ad83-4f4c-b2c7-2d01ab3dc170]
                o.s.w.s.m.m.a.RequestMappingHandlerMapping - Mapped to com.mahasbr.controller.MenuController#getAllMenus()
2026-05-11 19:15:40.632 DEBUG
                [http-nio-8085-exec-8] [dbb6a76b-1079-4e37-aa9b-0c036323376f]
                o.s.w.s.m.m.a.HttpEntityMethodProcessor - Writing [ApiResponse(success=false, message=Unauthorized, data=null)]
2026-05-11 19:15:40.633 ERROR
                [http-nio-8085-exec-10] []
                c.mahasbr.filter.AuthEntryPointJwt - Unauthorized error: Full authentication is required to access this resource
2026-05-11 19:15:40.639 ERROR
                [http-nio-8085-exec-10] []
                c.mahasbr.filter.AuthEntryPointJwt - Unauthorized error: Full authentication is required to access this resource
2026-05-11 19:15:40.633 DEBUG
                [http-nio-8085-exec-1] [03ad6bf6-6de8-4bb1-8127-e6ae1c2770d1]
                o.s.web.servlet.DispatcherServlet - Completed 200 OK
2026-05-11 19:15:40.635 DEBUG
                [http-nio-8085-exec-12] [4b62b76d-ee20-46ba-8ea1-5bfd4a6f4639]
                o.s.web.servlet.DispatcherServlet - Completed 401 UNAUTHORIZED
2026-05-11 19:15:40.637 DEBUG
                [http-nio-8085-exec-2] [d15cbbcc-3ca8-496f-ba72-fce79cea1e5f]
                o.s.web.servlet.DispatcherServlet - Completed 401 UNAUTHORIZED
2026-05-11 19:15:40.640 DEBUG
                [http-nio-8085-exec-8] [dbb6a76b-1079-4e37-aa9b-0c036323376f]
                o.s.web.servlet.DispatcherServlet - Completed 401 UNAUTHORIZED
2026-05-11 19:15:40.643 DEBUG
                [http-nio-8085-exec-5] [32359900-f439-4b45-886d-6d9c135a7dac]
                o.s.w.s.m.m.a.RequestResponseBodyMethodProcessor - Using 'application/json', given [application/json, text/plain, */*] and supported [application/json, application/*+json]
2026-05-11 19:15:40.647 DEBUG
                [http-nio-8085-exec-4] [534a7b0b-01b0-49b5-9138-1f32ec0cb63e]
                o.s.w.s.m.m.a.RequestResponseBodyMethodProcessor - Using 'application/json', given [application/json, text/plain, */*] and supported [application/json, application/*+json]
2026-05-11 19:15:40.657 DEBUG
                [http-nio-8085-exec-5] [32359900-f439-4b45-886d-6d9c135a7dac]
                o.s.w.s.m.m.a.RequestResponseBodyMethodProcessor - Writing [{todayVisits=7, totalVisits=148}]
2026-05-11 19:15:40.662 DEBUG
                [http-nio-8085-exec-4] [534a7b0b-01b0-49b5-9138-1f32ec0cb63e]
                o.s.w.s.m.m.a.RequestResponseBodyMethodProcessor - Writing [{todayVisits=7, totalVisits=148}]
2026-05-11 19:15:40.663 DEBUG
                [http-nio-8085-exec-5] [32359900-f439-4b45-886d-6d9c135a7dac]
                o.s.web.servlet.DispatcherServlet - Completed 200 OK
2026-05-11 19:15:40.664 DEBUG
                [http-nio-8085-exec-4] [534a7b0b-01b0-49b5-9138-1f32ec0cb63e]
                o.s.web.servlet.DispatcherServlet - Completed 200 OK
2026-05-11 19:15:40.746 DEBUG
                [http-nio-8085-exec-10] [925176eb-e031-44bb-b62d-31e070fd40d9]
                o.s.web.servlet.DispatcherServlet - GET "/MAHASBR/citizenSearch/visitor/summary", parameters={}
2026-05-11 19:15:40.746 DEBUG
                [http-nio-8085-exec-10] [925176eb-e031-44bb-b62d-31e070fd40d9]
                o.s.w.s.m.m.a.RequestMappingHandlerMapping - Mapped to com.mahasbr.controller.VisitorController#getVisitSummary()
2026-05-11 19:15:40.755 DEBUG
                [http-nio-8085-exec-1] [c4ce42dc-0d76-46dd-85b6-1dec8fa0a74e]
                o.s.web.servlet.DispatcherServlet - GET "/MAHASBR/citizenSearch/menus/my", parameters={}
2026-05-11 19:15:40.756 DEBUG
                [http-nio-8085-exec-1] [c4ce42dc-0d76-46dd-85b6-1dec8fa0a74e]
                o.s.w.s.m.m.a.RequestMappingHandlerMapping - Mapped to com.mahasbr.controller.MenuController#getMyMenus(Authentication)
2026-05-11 19:15:40.757 DEBUG
                [http-nio-8085-exec-1] [c4ce42dc-0d76-46dd-85b6-1dec8fa0a74e]
                o.s.w.s.m.m.a.HttpEntityMethodProcessor - Using 'application/json', given [application/json, text/plain, */*] and supported [application/json, application/*+json]
2026-05-11 19:15:40.757 DEBUG
                [http-nio-8085-exec-1] [c4ce42dc-0d76-46dd-85b6-1dec8fa0a74e]
                o.s.w.s.m.m.a.HttpEntityMethodProcessor - Writing [ApiResponse(success=false, message=Unauthorized, data=null)]
2026-05-11 19:15:40.758 DEBUG
                [http-nio-8085-exec-1] [c4ce42dc-0d76-46dd-85b6-1dec8fa0a74e]
                o.s.web.servlet.DispatcherServlet - Completed 401 UNAUTHORIZED
2026-05-11 19:15:40.758 DEBUG
                [http-nio-8085-exec-10] [925176eb-e031-44bb-b62d-31e070fd40d9]
                o.s.w.s.m.m.a.RequestResponseBodyMethodProcessor - Using 'application/json', given [application/json, text/plain, */*] and supported [application/json, application/*+json]
2026-05-11 19:15:40.759 DEBUG
                [http-nio-8085-exec-10] [925176eb-e031-44bb-b62d-31e070fd40d9]
                o.s.w.s.m.m.a.RequestResponseBodyMethodProcessor - Writing [{todayVisits=7, totalVisits=148}]
2026-05-11 19:15:40.759 DEBUG
                [http-nio-8085-exec-10] [925176eb-e031-44bb-b62d-31e070fd40d9]
                o.s.web.servlet.DispatcherServlet - Completed 200 OK
2026-05-11 19:15:40.773 DEBUG
                [http-nio-8085-exec-12] [ef6507d5-b8a8-45d8-9695-2f2de3abef23]
                o.s.web.servlet.DispatcherServlet - GET "/MAHASBR/admin/roles", parameters={}
2026-05-11 19:15:40.773 DEBUG
                [http-nio-8085-exec-2] [95174d24-ace1-4a85-b7c4-95b3f3306aca]
                o.s.web.servlet.DispatcherServlet - GET "/MAHASBR/citizenSearch/menus", parameters={}
2026-05-11 19:15:40.774 DEBUG
                [http-nio-8085-exec-12] [ef6507d5-b8a8-45d8-9695-2f2de3abef23]
                o.s.w.s.m.m.a.RequestMappingHandlerMapping - Mapped to com.mahasbr.controller.RoleController#getAllRoles()
2026-05-11 19:15:40.774 DEBUG
                [http-nio-8085-exec-2] [95174d24-ace1-4a85-b7c4-95b3f3306aca]
                o.s.w.s.m.m.a.RequestMappingHandlerMapping - Mapped to com.mahasbr.controller.MenuController#getAllMenus()
2026-05-11 19:15:40.784 DEBUG
                [http-nio-8085-exec-12] [ef6507d5-b8a8-45d8-9695-2f2de3abef23]
                o.s.w.s.m.m.a.HttpEntityMethodProcessor - Using 'application/json', given [application/json, text/plain, */*] and supported [application/json, application/*+json]
2026-05-11 19:15:40.785 DEBUG
                [http-nio-8085-exec-12] [ef6507d5-b8a8-45d8-9695-2f2de3abef23]
                o.s.w.s.m.m.a.HttpEntityMethodProcessor - Writing [ApiResponse(success=true, message=Roles fetched successfully, data=[Role(id=4, name=ROLE_ADMIN), Rol (truncated)...]
2026-05-11 19:15:40.786 DEBUG
                [http-nio-8085-exec-3] [de89b715-6747-4513-a0e4-fe53a847ac0b]
                o.s.w.s.m.m.a.HttpEntityMethodProcessor - Using 'application/json', given [application/json, text/plain, */*] and supported [application/json, application/*+json]
2026-05-11 19:15:40.787 DEBUG
                [http-nio-8085-exec-3] [de89b715-6747-4513-a0e4-fe53a847ac0b]
                o.s.w.s.m.m.a.HttpEntityMethodProcessor - Writing [ApiResponse(success=true, message=Menus fetched successfully, data=[MenuDTO(id=11, nameEn=Reports, n (truncated)...]
2026-05-11 19:15:40.786 DEBUG
                [http-nio-8085-exec-12] [ef6507d5-b8a8-45d8-9695-2f2de3abef23]
                o.s.web.servlet.DispatcherServlet - Completed 200 OK
2026-05-11 19:15:40.789 DEBUG
                [http-nio-8085-exec-3] [de89b715-6747-4513-a0e4-fe53a847ac0b]
                o.s.web.servlet.DispatcherServlet - Completed 200 OK
2026-05-11 19:15:40.874 DEBUG
                [http-nio-8085-exec-8] [4f7a8f2b-c39d-4514-94c9-62bed3f12b23]
                o.s.web.servlet.DispatcherServlet - GET "/MAHASBR/citizenSearch/visitor/summary", parameters={}
2026-05-11 19:15:40.874 DEBUG
                [http-nio-8085-exec-8] [4f7a8f2b-c39d-4514-94c9-62bed3f12b23]
                o.s.w.s.m.m.a.RequestMappingHandlerMapping - Mapped to com.mahasbr.controller.VisitorController#getVisitSummary()
2026-05-11 19:15:40.876 DEBUG
                [http-nio-8085-exec-7] [39876607-ad83-4f4c-b2c7-2d01ab3dc170]
                o.s.w.s.m.m.a.HttpEntityMethodProcessor - Using 'application/json', given [application/json, text/plain, */*] and supported [application/json, application/*+json]
2026-05-11 19:15:40.876 DEBUG
                [http-nio-8085-exec-7] [39876607-ad83-4f4c-b2c7-2d01ab3dc170]
                o.s.w.s.m.m.a.HttpEntityMethodProcessor - Writing [ApiResponse(success=true, message=Menus fetched successfully, data=[MenuDTO(id=11, nameEn=Reports, n (truncated)...]
2026-05-11 19:15:40.877 DEBUG
                [http-nio-8085-exec-7] [39876607-ad83-4f4c-b2c7-2d01ab3dc170]
                o.s.web.servlet.DispatcherServlet - Completed 200 OK
2026-05-11 19:15:40.881 DEBUG
                [http-nio-8085-exec-5] [f7759b77-3080-42a9-af7a-7a78efbfdfa1]
                o.s.web.servlet.DispatcherServlet - GET "/MAHASBR/citizenSearch/menus/my", parameters={}
2026-05-11 19:15:40.883 DEBUG
                [http-nio-8085-exec-5] [f7759b77-3080-42a9-af7a-7a78efbfdfa1]
                o.s.w.s.m.m.a.RequestMappingHandlerMapping - Mapped to com.mahasbr.controller.MenuController#getMyMenus(Authentication)
2026-05-11 19:15:40.884 DEBUG
                [http-nio-8085-exec-5] [f7759b77-3080-42a9-af7a-7a78efbfdfa1]
                o.s.w.s.m.m.a.HttpEntityMethodProcessor - Using 'application/json', given [application/json, text/plain, */*] and supported [application/json, application/*+json]
2026-05-11 19:15:40.887 DEBUG
                [http-nio-8085-exec-8] [4f7a8f2b-c39d-4514-94c9-62bed3f12b23]
                o.s.w.s.m.m.a.RequestResponseBodyMethodProcessor - Using 'application/json', given [application/json, text/plain, */*] and supported [application/json, application/*+json]
2026-05-11 19:15:40.888 DEBUG
                [http-nio-8085-exec-4] [6e58dd8c-7c5e-41f7-8e57-04e38698cbb5]
                o.s.web.servlet.DispatcherServlet - GET "/MAHASBR/citizenSearch/all", parameters={}
2026-05-11 19:15:40.889 DEBUG
                [http-nio-8085-exec-5] [f7759b77-3080-42a9-af7a-7a78efbfdfa1]
                o.s.w.s.m.m.a.HttpEntityMethodProcessor - Writing [ApiResponse(success=false, message=Unauthorized, data=null)]
2026-05-11 19:15:40.890 DEBUG
                [http-nio-8085-exec-8] [4f7a8f2b-c39d-4514-94c9-62bed3f12b23]
                o.s.w.s.m.m.a.RequestResponseBodyMethodProcessor - Writing [{todayVisits=7, totalVisits=148}]
2026-05-11 19:15:40.890 DEBUG
                [http-nio-8085-exec-4] [6e58dd8c-7c5e-41f7-8e57-04e38698cbb5]
                o.s.w.s.m.m.a.RequestMappingHandlerMapping - Mapped to com.mahasbr.controller.RequestFormController#getAllRequests()
2026-05-11 19:15:40.891 DEBUG
                [http-nio-8085-exec-8] [4f7a8f2b-c39d-4514-94c9-62bed3f12b23]
                o.s.web.servlet.DispatcherServlet - Completed 200 OK
2026-05-11 19:15:40.891 DEBUG
                [http-nio-8085-exec-5] [f7759b77-3080-42a9-af7a-7a78efbfdfa1]
                o.s.web.servlet.DispatcherServlet - Completed 401 UNAUTHORIZED
2026-05-11 19:15:40.904 DEBUG
                [http-nio-8085-exec-4] [6e58dd8c-7c5e-41f7-8e57-04e38698cbb5]
                o.s.w.s.m.m.a.HttpEntityMethodProcessor - Using 'application/json', given [application/json, text/plain, */*] and supported [application/json, application/*+json]
2026-05-11 19:15:40.908 DEBUG
                [http-nio-8085-exec-4] [6e58dd8c-7c5e-41f7-8e57-04e38698cbb5]
                o.s.w.s.m.m.a.HttpEntityMethodProcessor - Writing [ApiResponse(success=true, message=Fetched successfully, data=[RequestFormDTO(name=Jitendra Ghasle, e (truncated)...]
2026-05-11 19:15:40.909 DEBUG
                [http-nio-8085-exec-4] [6e58dd8c-7c5e-41f7-8e57-04e38698cbb5]
                o.s.web.servlet.DispatcherServlet - Completed 200 OK
2026-05-11 19:15:40.974 DEBUG
                [http-nio-8085-exec-2] [95174d24-ace1-4a85-b7c4-95b3f3306aca]
                o.s.w.s.m.m.a.HttpEntityMethodProcessor - Using 'application/json', given [application/json, text/plain, */*] and supported [application/json, application/*+json]
2026-05-11 19:15:40.975 DEBUG
                [http-nio-8085-exec-2] [95174d24-ace1-4a85-b7c4-95b3f3306aca]
                o.s.w.s.m.m.a.HttpEntityMethodProcessor - Writing [ApiResponse(success=true, message=Menus fetched successfully, data=[MenuDTO(id=11, nameEn=Reports, n (truncated)...]
2026-05-11 19:15:40.975 DEBUG
                [http-nio-8085-exec-1] [5df23763-c66c-44b2-a4ea-18a30c5c7e77]
                o.s.web.servlet.DispatcherServlet - GET "/MAHASBR/citizenSearch/visitor/summary", parameters={}
2026-05-11 19:15:40.975 DEBUG
                [http-nio-8085-exec-1] [5df23763-c66c-44b2-a4ea-18a30c5c7e77]
                o.s.w.s.m.m.a.RequestMappingHandlerMapping - Mapped to com.mahasbr.controller.VisitorController#getVisitSummary()
2026-05-11 19:15:40.976 DEBUG
                [http-nio-8085-exec-2] [95174d24-ace1-4a85-b7c4-95b3f3306aca]
                o.s.web.servlet.DispatcherServlet - Completed 200 OK
2026-05-11 19:15:40.990 DEBUG
                [http-nio-8085-exec-1] [5df23763-c66c-44b2-a4ea-18a30c5c7e77]
                o.s.w.s.m.m.a.RequestResponseBodyMethodProcessor - Using 'application/json', given [application/json, text/plain, */*] and supported [application/json, application/*+json]
2026-05-11 19:15:40.990 DEBUG
                [http-nio-8085-exec-10] [f277b3eb-4427-4790-9288-38d6e9151fad]
                o.s.web.servlet.DispatcherServlet - GET "/MAHASBR/citizenSearch/menus/my", parameters={}
2026-05-11 19:15:40.991 DEBUG
                [http-nio-8085-exec-1] [5df23763-c66c-44b2-a4ea-18a30c5c7e77]
                o.s.w.s.m.m.a.RequestResponseBodyMethodProcessor - Writing [{todayVisits=7, totalVisits=148}]
2026-05-11 19:15:40.991 DEBUG
                [http-nio-8085-exec-10] [f277b3eb-4427-4790-9288-38d6e9151fad]
                o.s.w.s.m.m.a.RequestMappingHandlerMapping - Mapped to com.mahasbr.controller.MenuController#getMyMenus(Authentication)
2026-05-11 19:15:40.992 DEBUG
                [http-nio-8085-exec-1] [5df23763-c66c-44b2-a4ea-18a30c5c7e77]
                o.s.web.servlet.DispatcherServlet - Completed 200 OK
2026-05-11 19:15:40.992 DEBUG
                [http-nio-8085-exec-10] [f277b3eb-4427-4790-9288-38d6e9151fad]
                o.s.w.s.m.m.a.HttpEntityMethodProcessor - Using 'application/json', given [application/json, text/plain, */*] and supported [application/json, application/*+json]
2026-05-11 19:15:40.992 DEBUG
                [http-nio-8085-exec-10] [f277b3eb-4427-4790-9288-38d6e9151fad]
                o.s.w.s.m.m.a.HttpEntityMethodProcessor - Writing [ApiResponse(success=false, message=Unauthorized, data=null)]
2026-05-11 19:15:40.993 DEBUG
                [http-nio-8085-exec-10] [f277b3eb-4427-4790-9288-38d6e9151fad]
                o.s.web.servlet.DispatcherServlet - Completed 401 UNAUTHORIZED
2026-05-11 19:15:40.995 DEBUG
                [http-nio-8085-exec-12] [fffde815-1a3e-4de3-a7a2-d06c362d5626]
                o.s.web.servlet.DispatcherServlet - GET "/MAHASBR/citizenSearch/api/nic-categories", parameters={}
2026-05-11 19:15:40.996 DEBUG
                [http-nio-8085-exec-12] [fffde815-1a3e-4de3-a7a2-d06c362d5626]
                o.s.w.s.m.m.a.RequestMappingHandlerMapping - Mapped to com.mahasbr.controller.NICCategoryController#getAllCategories()
2026-05-11 19:15:41.010 DEBUG
                [http-nio-8085-exec-12] [fffde815-1a3e-4de3-a7a2-d06c362d5626]
                o.s.w.s.m.m.a.HttpEntityMethodProcessor - Using 'application/json', given [application/json, text/plain, */*] and supported [application/json, application/*+json]
2026-05-11 19:15:41.014 DEBUG
                [http-nio-8085-exec-12] [fffde815-1a3e-4de3-a7a2-d06c362d5626]
                o.s.w.s.m.m.a.HttpEntityMethodProcessor - Writing [ApiResponse(success=true, message=Categories fetched successfully, data=[NICCategoryDTO(categoryCode (truncated)...]
2026-05-11 19:15:41.016 DEBUG
                [http-nio-8085-exec-12] [fffde815-1a3e-4de3-a7a2-d06c362d5626]
                o.s.web.servlet.DispatcherServlet - Completed 200 OK
2026-05-11 19:15:41.028 DEBUG
                [http-nio-8085-exec-3] [ec0e3492-e641-4592-950e-583022e13167]
                o.s.web.servlet.DispatcherServlet - GET "/MAHASBR/citizenSearch/visitor/summary", parameters={}
2026-05-11 19:15:41.065 DEBUG
                [http-nio-8085-exec-3] [ec0e3492-e641-4592-950e-583022e13167]
                o.s.w.s.m.m.a.RequestMappingHandlerMapping - Mapped to com.mahasbr.controller.VisitorController#getVisitSummary()
2026-05-11 19:15:41.077 DEBUG
                [http-nio-8085-exec-7] [e867c47f-b3c1-4d8e-8d32-56a5c6f3d9fc]
                o.s.web.servlet.DispatcherServlet - GET "/MAHASBR/citizenSearch/menus/my", parameters={}
2026-05-11 19:15:41.079 DEBUG
                [http-nio-8085-exec-7] [e867c47f-b3c1-4d8e-8d32-56a5c6f3d9fc]
                o.s.w.s.m.m.a.RequestMappingHandlerMapping - Mapped to com.mahasbr.controller.MenuController#getMyMenus(Authentication)
2026-05-11 19:15:41.081 DEBUG
                [http-nio-8085-exec-7] [e867c47f-b3c1-4d8e-8d32-56a5c6f3d9fc]
                o.s.w.s.m.m.a.HttpEntityMethodProcessor - Using 'application/json', given [application/json, text/plain, */*] and supported [application/json, application/*+json]
2026-05-11 19:15:41.081 DEBUG
                [http-nio-8085-exec-7] [e867c47f-b3c1-4d8e-8d32-56a5c6f3d9fc]
                o.s.w.s.m.m.a.HttpEntityMethodProcessor - Writing [ApiResponse(success=false, message=Unauthorized, data=null)]
2026-05-11 19:15:41.082 DEBUG
                [http-nio-8085-exec-7] [e867c47f-b3c1-4d8e-8d32-56a5c6f3d9fc]
                o.s.web.servlet.DispatcherServlet - Completed 401 UNAUTHORIZED
2026-05-11 19:15:41.086 DEBUG
                [http-nio-8085-exec-8] [329c60b4-045e-45ba-b7fe-1244c5269066]
                o.s.web.servlet.DispatcherServlet - GET "/MAHASBR/citizenSearch/api/nic-categories", parameters={}
2026-05-11 19:15:41.086 DEBUG
                [http-nio-8085-exec-3] [ec0e3492-e641-4592-950e-583022e13167]
                o.s.w.s.m.m.a.RequestResponseBodyMethodProcessor - Using 'application/json', given [application/json, text/plain, */*] and supported [application/json, application/*+json]
2026-05-11 19:15:41.087 DEBUG
                [http-nio-8085-exec-8] [329c60b4-045e-45ba-b7fe-1244c5269066]
                o.s.w.s.m.m.a.RequestMappingHandlerMapping - Mapped to com.mahasbr.controller.NICCategoryController#getAllCategories()
2026-05-11 19:15:41.087 DEBUG
                [http-nio-8085-exec-3] [ec0e3492-e641-4592-950e-583022e13167]
                o.s.w.s.m.m.a.RequestResponseBodyMethodProcessor - Writing [{todayVisits=7, totalVisits=148}]
2026-05-11 19:15:41.091 DEBUG
                [http-nio-8085-exec-3] [ec0e3492-e641-4592-950e-583022e13167]
                o.s.web.servlet.DispatcherServlet - Completed 200 OK
2026-05-11 19:15:41.100 DEBUG
                [http-nio-8085-exec-5] [29a99013-f185-4434-a6d4-84c2af5bff02]
                o.s.web.servlet.DispatcherServlet - GET "/MAHASBR/citizenSearch/visitor/summary", parameters={}
2026-05-11 19:15:41.102 DEBUG
                [http-nio-8085-exec-8] [329c60b4-045e-45ba-b7fe-1244c5269066]
                o.s.w.s.m.m.a.HttpEntityMethodProcessor - Using 'application/json', given [application/json, text/plain, */*] and supported [application/json, application/*+json]
2026-05-11 19:15:41.105 DEBUG
                [http-nio-8085-exec-5] [29a99013-f185-4434-a6d4-84c2af5bff02]
                o.s.w.s.m.m.a.RequestMappingHandlerMapping - Mapped to com.mahasbr.controller.VisitorController#getVisitSummary()
2026-05-11 19:15:41.106 DEBUG
                [http-nio-8085-exec-8] [329c60b4-045e-45ba-b7fe-1244c5269066]
                o.s.w.s.m.m.a.HttpEntityMethodProcessor - Writing [ApiResponse(success=true, message=Categories fetched successfully, data=[NICCategoryDTO(categoryCode (truncated)...]
2026-05-11 19:15:41.110 DEBUG
                [http-nio-8085-exec-8] [329c60b4-045e-45ba-b7fe-1244c5269066]
                o.s.web.servlet.DispatcherServlet - Completed 200 OK
2026-05-11 19:15:41.111 DEBUG
                [http-nio-8085-exec-4] [03bcfbbc-5963-40be-a14b-d19637f18b10]
                o.s.web.servlet.DispatcherServlet - GET "/MAHASBR/citizenSearch/api/nic-divisions", parameters={}
2026-05-11 19:15:41.112 DEBUG
                [http-nio-8085-exec-4] [03bcfbbc-5963-40be-a14b-d19637f18b10]
                o.s.w.s.m.m.a.RequestMappingHandlerMapping - Mapped to com.mahasbr.controller.NICDivisionController#getAllDivisions()
2026-05-11 19:15:41.126 DEBUG
                [http-nio-8085-exec-2] [4ed3efd6-77e9-48cd-b444-020c2f96acdd]
                o.s.web.servlet.DispatcherServlet - GET "/MAHASBR/citizenSearch/menus/my", parameters={}
2026-05-11 19:15:41.127 DEBUG
                [http-nio-8085-exec-2] [4ed3efd6-77e9-48cd-b444-020c2f96acdd]
                o.s.w.s.m.m.a.RequestMappingHandlerMapping - Mapped to com.mahasbr.controller.MenuController#getMyMenus(Authentication)
2026-05-11 19:15:41.128 DEBUG
                [http-nio-8085-exec-2] [4ed3efd6-77e9-48cd-b444-020c2f96acdd]
                o.s.w.s.m.m.a.HttpEntityMethodProcessor - Using 'application/json', given [application/json, text/plain, */*] and supported [application/json, application/*+json]
2026-05-11 19:15:41.129 DEBUG
                [http-nio-8085-exec-2] [4ed3efd6-77e9-48cd-b444-020c2f96acdd]
                o.s.w.s.m.m.a.HttpEntityMethodProcessor - Writing [ApiResponse(success=false, message=Unauthorized, data=null)]
2026-05-11 19:15:41.129 DEBUG
                [http-nio-8085-exec-5] [29a99013-f185-4434-a6d4-84c2af5bff02]
                o.s.w.s.m.m.a.RequestResponseBodyMethodProcessor - Using 'application/json', given [application/json, text/plain, */*] and supported [application/json, application/*+json]
2026-05-11 19:15:41.130 DEBUG
                [http-nio-8085-exec-2] [4ed3efd6-77e9-48cd-b444-020c2f96acdd]
                o.s.web.servlet.DispatcherServlet - Completed 401 UNAUTHORIZED
2026-05-11 19:15:41.130 DEBUG
                [http-nio-8085-exec-5] [29a99013-f185-4434-a6d4-84c2af5bff02]
                o.s.w.s.m.m.a.RequestResponseBodyMethodProcessor - Writing [{todayVisits=7, totalVisits=148}]
2026-05-11 19:15:41.132 DEBUG
                [http-nio-8085-exec-5] [29a99013-f185-4434-a6d4-84c2af5bff02]
                o.s.web.servlet.DispatcherServlet - Completed 200 OK
2026-05-11 19:15:41.144 DEBUG
                [http-nio-8085-exec-1] [10d7653f-a096-4d63-81a5-ea5c1a697742]
                o.s.web.servlet.DispatcherServlet - GET "/MAHASBR/citizenSearch/api/nic-divisions", parameters={}
2026-05-11 19:15:41.144 DEBUG
                [http-nio-8085-exec-10] [c1e2fe91-9433-44cf-a996-823685072623]
                o.s.web.servlet.DispatcherServlet - GET "/MAHASBR/citizenSearch/api/nic-groups", parameters={}
2026-05-11 19:15:41.145 DEBUG
                [http-nio-8085-exec-1] [10d7653f-a096-4d63-81a5-ea5c1a697742]
                o.s.w.s.m.m.a.RequestMappingHandlerMapping - Mapped to com.mahasbr.controller.NICDivisionController#getAllDivisions()
2026-05-11 19:15:41.145 DEBUG
                [http-nio-8085-exec-10] [c1e2fe91-9433-44cf-a996-823685072623]
                o.s.w.s.m.m.a.RequestMappingHandlerMapping - Mapped to com.mahasbr.controller.NICGroupController#getAllGroups()
2026-05-11 19:15:41.164 DEBUG
                [http-nio-8085-exec-4] [03bcfbbc-5963-40be-a14b-d19637f18b10]
                o.s.w.s.m.m.a.HttpEntityMethodProcessor - Using 'application/json', given [application/json, text/plain, */*] and supported [application/json, application/*+json]
2026-05-11 19:15:41.164 DEBUG
                [http-nio-8085-exec-4] [03bcfbbc-5963-40be-a14b-d19637f18b10]
                o.s.w.s.m.m.a.HttpEntityMethodProcessor - Writing [ApiResponse(success=true, message=Divisions fetched successfully, data=[NICDivisionDTO(divisionCode= (truncated)...]
2026-05-11 19:15:41.167 DEBUG
                [http-nio-8085-exec-4] [03bcfbbc-5963-40be-a14b-d19637f18b10]
                o.s.web.servlet.DispatcherServlet - Completed 200 OK
2026-05-11 19:15:41.187 DEBUG
                [http-nio-8085-exec-1] [10d7653f-a096-4d63-81a5-ea5c1a697742]
                o.s.w.s.m.m.a.HttpEntityMethodProcessor - Using 'application/json', given [application/json, text/plain, */*] and supported [application/json, application/*+json]
2026-05-11 19:15:41.250 DEBUG
                [http-nio-8085-exec-10] [c1e2fe91-9433-44cf-a996-823685072623]
                o.s.w.s.m.m.a.HttpEntityMethodProcessor - Using 'application/json', given [application/json, text/plain, */*] and supported [application/json, application/*+json]
2026-05-11 19:15:41.282 DEBUG
                [http-nio-8085-exec-1] [10d7653f-a096-4d63-81a5-ea5c1a697742]
                o.s.w.s.m.m.a.HttpEntityMethodProcessor - Writing [ApiResponse(success=true, message=Divisions fetched successfully, data=[NICDivisionDTO(divisionCode= (truncated)...]
2026-05-11 19:15:41.282 DEBUG
                [http-nio-8085-exec-3] [6f3b3197-02c8-48b3-80d2-7238362deac9]
                o.s.web.servlet.DispatcherServlet - GET "/MAHASBR/citizenSearch/api/nic-groups", parameters={}
2026-05-11 19:15:41.284 DEBUG
                [http-nio-8085-exec-10] [c1e2fe91-9433-44cf-a996-823685072623]
                o.s.w.s.m.m.a.HttpEntityMethodProcessor - Writing [ApiResponse(success=true, message=Groups fetched successfully, data=[NICGroupDTO(groupCode=011, desc (truncated)...]
2026-05-11 19:15:41.296 DEBUG
                [http-nio-8085-exec-1] [10d7653f-a096-4d63-81a5-ea5c1a697742]
                o.s.web.servlet.DispatcherServlet - Completed 200 OK
2026-05-11 19:15:41.297 DEBUG
                [http-nio-8085-exec-7] [2627cda0-50bc-4c27-a19f-0df79e75c181]
                o.s.web.servlet.DispatcherServlet - GET "/MAHASBR/citizenSearch/menus/my", parameters={}
2026-05-11 19:15:41.304 DEBUG
                [http-nio-8085-exec-7] [2627cda0-50bc-4c27-a19f-0df79e75c181]
                o.s.w.s.m.m.a.RequestMappingHandlerMapping - Mapped to com.mahasbr.controller.MenuController#getMyMenus(Authentication)
2026-05-11 19:15:41.298 ERROR
                [http-nio-8085-exec-8] [2784fb0b-8361-4527-b12f-5a628a5fbd0c]
                c.mahasbr.filter.AuthEntryPointJwt - Unauthorized error: Full authentication is required to access this resource
2026-05-11 19:15:41.298 DEBUG
                [http-nio-8085-exec-3] [6f3b3197-02c8-48b3-80d2-7238362deac9]
                o.s.w.s.m.m.a.RequestMappingHandlerMapping - Mapped to com.mahasbr.controller.NICGroupController#getAllGroups()
2026-05-11 19:15:41.301 DEBUG
                [http-nio-8085-exec-10] [c1e2fe91-9433-44cf-a996-823685072623]
                o.s.web.servlet.DispatcherServlet - Completed 200 OK
2026-05-11 19:15:41.303 DEBUG
                [http-nio-8085-exec-12] [a5b217e5-f417-4041-aa04-b0e9fc7c53c4]
                o.s.web.servlet.DispatcherServlet - GET "/MAHASBR/citizenSearch/visitor/summary", parameters={}
2026-05-11 19:15:41.308 DEBUG
                [http-nio-8085-exec-12] [a5b217e5-f417-4041-aa04-b0e9fc7c53c4]
                o.s.w.s.m.m.a.RequestMappingHandlerMapping - Mapped to com.mahasbr.controller.VisitorController#getVisitSummary()
2026-05-11 19:15:41.306 ERROR
                [http-nio-8085-exec-8] [2784fb0b-8361-4527-b12f-5a628a5fbd0c]
                c.mahasbr.filter.AuthEntryPointJwt - Unauthorized error: Full authentication is required to access this resource
2026-05-11 19:15:41.306 DEBUG
                [http-nio-8085-exec-7] [2627cda0-50bc-4c27-a19f-0df79e75c181]
                o.s.w.s.m.m.a.HttpEntityMethodProcessor - Using 'application/json', given [application/json, text/plain, */*] and supported [application/json, application/*+json]
2026-05-11 19:15:41.310 DEBUG
                [http-nio-8085-exec-7] [2627cda0-50bc-4c27-a19f-0df79e75c181]
                o.s.w.s.m.m.a.HttpEntityMethodProcessor - Writing [ApiResponse(success=false, message=Unauthorized, data=null)]
2026-05-11 19:15:41.311 ERROR
                [http-nio-8085-exec-8] []
                c.mahasbr.filter.AuthEntryPointJwt - Unauthorized error: Full authentication is required to access this resource
2026-05-11 19:15:41.311 ERROR
                [http-nio-8085-exec-8] []
                c.mahasbr.filter.AuthEntryPointJwt - Unauthorized error: Full authentication is required to access this resource
2026-05-11 19:15:41.312 DEBUG
                [http-nio-8085-exec-7] [2627cda0-50bc-4c27-a19f-0df79e75c181]
                o.s.web.servlet.DispatcherServlet - Completed 401 UNAUTHORIZED
2026-05-11 19:15:41.338 DEBUG
                [http-nio-8085-exec-12] [a5b217e5-f417-4041-aa04-b0e9fc7c53c4]
                o.s.w.s.m.m.a.RequestResponseBodyMethodProcessor - Using 'application/json', given [application/json, text/plain, */*] and supported [application/json, application/*+json]
2026-05-11 19:15:41.340 DEBUG
                [http-nio-8085-exec-12] [a5b217e5-f417-4041-aa04-b0e9fc7c53c4]
                o.s.w.s.m.m.a.RequestResponseBodyMethodProcessor - Writing [{todayVisits=7, totalVisits=148}]
2026-05-11 19:15:41.343 DEBUG
                [http-nio-8085-exec-12] [a5b217e5-f417-4041-aa04-b0e9fc7c53c4]
                o.s.web.servlet.DispatcherServlet - Completed 200 OK
2026-05-11 19:15:41.391 DEBUG
                [http-nio-8085-exec-2] [d6cae5a9-d205-4fe8-9e22-cf239b4bf639]
                o.s.web.servlet.DispatcherServlet - GET "/MAHASBR/citizenSearch/visitor/summary", parameters={}
2026-05-11 19:15:41.391 DEBUG
                [http-nio-8085-exec-4] [dbc37f2c-3184-4a56-9a80-36538d0ae87c]
                o.s.web.servlet.DispatcherServlet - GET "/MAHASBR/admin/roles", parameters={}
2026-05-11 19:15:41.392 DEBUG
                [http-nio-8085-exec-2] [d6cae5a9-d205-4fe8-9e22-cf239b4bf639]
                o.s.w.s.m.m.a.RequestMappingHandlerMapping - Mapped to com.mahasbr.controller.VisitorController#getVisitSummary()
2026-05-11 19:15:41.392 DEBUG
                [http-nio-8085-exec-4] [dbc37f2c-3184-4a56-9a80-36538d0ae87c]
                o.s.w.s.m.m.a.RequestMappingHandlerMapping - Mapped to com.mahasbr.controller.RoleController#getAllRoles()
2026-05-11 19:15:41.393 DEBUG
                [http-nio-8085-exec-5] [d707ac85-f8e0-44d8-b4d8-81a40c17273b]
                o.s.web.servlet.DispatcherServlet - GET "/MAHASBR/citizenSearch/menus/my", parameters={}
2026-05-11 19:15:41.394 DEBUG
                [http-nio-8085-exec-5] [d707ac85-f8e0-44d8-b4d8-81a40c17273b]
                o.s.w.s.m.m.a.RequestMappingHandlerMapping - Mapped to com.mahasbr.controller.MenuController#getMyMenus(Authentication)
2026-05-11 19:15:41.395 DEBUG
                [http-nio-8085-exec-5] [d707ac85-f8e0-44d8-b4d8-81a40c17273b]
                o.s.w.s.m.m.a.HttpEntityMethodProcessor - Using 'application/json', given [application/json, text/plain, */*] and supported [application/json, application/*+json]
2026-05-11 19:15:41.396 DEBUG
                [http-nio-8085-exec-5] [d707ac85-f8e0-44d8-b4d8-81a40c17273b]
                o.s.w.s.m.m.a.HttpEntityMethodProcessor - Writing [ApiResponse(success=false, message=Unauthorized, data=null)]
2026-05-11 19:15:41.397 DEBUG
                [http-nio-8085-exec-5] [d707ac85-f8e0-44d8-b4d8-81a40c17273b]
                o.s.web.servlet.DispatcherServlet - Completed 401 UNAUTHORIZED
2026-05-11 19:15:41.402 DEBUG
                [http-nio-8085-exec-4] [dbc37f2c-3184-4a56-9a80-36538d0ae87c]
                o.s.w.s.m.m.a.HttpEntityMethodProcessor - Using 'application/json', given [application/json, text/plain, */*] and supported [application/json, application/*+json]
2026-05-11 19:15:41.404 DEBUG
                [http-nio-8085-exec-2] [d6cae5a9-d205-4fe8-9e22-cf239b4bf639]
                o.s.w.s.m.m.a.RequestResponseBodyMethodProcessor - Using 'application/json', given [application/json, text/plain, */*] and supported [application/json, application/*+json]
2026-05-11 19:15:41.404 DEBUG
                [http-nio-8085-exec-4] [dbc37f2c-3184-4a56-9a80-36538d0ae87c]
                o.s.w.s.m.m.a.HttpEntityMethodProcessor - Writing [ApiResponse(success=true, message=Roles fetched successfully, data=[Role(id=4, name=ROLE_ADMIN), Rol (truncated)...]
2026-05-11 19:15:41.410 DEBUG
                [http-nio-8085-exec-2] [d6cae5a9-d205-4fe8-9e22-cf239b4bf639]
                o.s.w.s.m.m.a.RequestResponseBodyMethodProcessor - Writing [{todayVisits=7, totalVisits=148}]
2026-05-11 19:15:41.413 DEBUG
                [http-nio-8085-exec-2] [d6cae5a9-d205-4fe8-9e22-cf239b4bf639]
                o.s.web.servlet.DispatcherServlet - Completed 200 OK
2026-05-11 19:15:41.413 DEBUG
                [http-nio-8085-exec-4] [dbc37f2c-3184-4a56-9a80-36538d0ae87c]
                o.s.web.servlet.DispatcherServlet - Completed 200 OK
2026-05-11 19:15:41.425 DEBUG
                [http-nio-8085-exec-3] [6f3b3197-02c8-48b3-80d2-7238362deac9]
                o.s.w.s.m.m.a.HttpEntityMethodProcessor - Using 'application/json', given [application/json, text/plain, */*] and supported [application/json, application/*+json]
2026-05-11 19:15:41.426 DEBUG
                [http-nio-8085-exec-3] [6f3b3197-02c8-48b3-80d2-7238362deac9]
                o.s.w.s.m.m.a.HttpEntityMethodProcessor - Writing [ApiResponse(success=true, message=Groups fetched successfully, data=[NICGroupDTO(groupCode=011, desc (truncated)...]
2026-05-11 19:15:41.427 DEBUG
                [http-nio-8085-exec-3] [6f3b3197-02c8-48b3-80d2-7238362deac9]
                o.s.web.servlet.DispatcherServlet - Completed 200 OK
2026-05-11 19:15:41.482 DEBUG
                [http-nio-8085-exec-1] [a66f1b59-e2e5-446b-a158-773de3600ce6]
                o.s.web.servlet.DispatcherServlet - GET "/MAHASBR/citizenSearch/visitor/summary", parameters={}
2026-05-11 19:15:41.482 DEBUG
                [http-nio-8085-exec-1] [a66f1b59-e2e5-446b-a158-773de3600ce6]
                o.s.w.s.m.m.a.RequestMappingHandlerMapping - Mapped to com.mahasbr.controller.VisitorController#getVisitSummary()
2026-05-11 19:15:41.496 DEBUG
                [http-nio-8085-exec-1] [a66f1b59-e2e5-446b-a158-773de3600ce6]
                o.s.w.s.m.m.a.RequestResponseBodyMethodProcessor - Using 'application/json', given [application/json, text/plain, */*] and supported [application/json, application/*+json]
2026-05-11 19:15:41.497 DEBUG
                [http-nio-8085-exec-1] [a66f1b59-e2e5-446b-a158-773de3600ce6]
                o.s.w.s.m.m.a.RequestResponseBodyMethodProcessor - Writing [{todayVisits=7, totalVisits=148}]
2026-05-11 19:15:41.497 DEBUG
                [http-nio-8085-exec-1] [a66f1b59-e2e5-446b-a158-773de3600ce6]
                o.s.web.servlet.DispatcherServlet - Completed 200 OK
2026-05-11 19:15:41.563 DEBUG
                [http-nio-8085-exec-10] [a42773ad-b249-48ea-9b31-69f09e141849]
                o.s.web.servlet.DispatcherServlet - GET "/MAHASBR/citizenSearch/visitor/summary", parameters={}
2026-05-11 19:15:41.563 DEBUG
                [http-nio-8085-exec-10] [a42773ad-b249-48ea-9b31-69f09e141849]
                o.s.w.s.m.m.a.RequestMappingHandlerMapping - Mapped to com.mahasbr.controller.VisitorController#getVisitSummary()
2026-05-11 19:15:41.581 DEBUG
                [http-nio-8085-exec-10] [a42773ad-b249-48ea-9b31-69f09e141849]
                o.s.w.s.m.m.a.RequestResponseBodyMethodProcessor - Using 'application/json', given [application/json, text/plain, */*] and supported [application/json, application/*+json]
2026-05-11 19:15:41.585 DEBUG
                [http-nio-8085-exec-10] [a42773ad-b249-48ea-9b31-69f09e141849]
                o.s.w.s.m.m.a.RequestResponseBodyMethodProcessor - Writing [{todayVisits=7, totalVisits=148}]
2026-05-11 19:15:41.587 DEBUG
                [http-nio-8085-exec-10] [a42773ad-b249-48ea-9b31-69f09e141849]
                o.s.web.servlet.DispatcherServlet - Completed 200 OK
2026-05-11 19:15:41.602 DEBUG
                [http-nio-8085-exec-8] [1bc71b94-3e4f-42b3-be18-56947002da64]
                o.s.web.servlet.DispatcherServlet - GET "/MAHASBR/citizenSearch/visitor/summary", parameters={}
2026-05-11 19:15:41.603 DEBUG
                [http-nio-8085-exec-8] [1bc71b94-3e4f-42b3-be18-56947002da64]
                o.s.w.s.m.m.a.RequestMappingHandlerMapping - Mapped to com.mahasbr.controller.VisitorController#getVisitSummary()
2026-05-11 19:15:41.618 DEBUG
                [http-nio-8085-exec-8] [1bc71b94-3e4f-42b3-be18-56947002da64]
                o.s.w.s.m.m.a.RequestResponseBodyMethodProcessor - Using 'application/json', given [application/json, text/plain, */*] and supported [application/json, application/*+json]
2026-05-11 19:15:41.659 DEBUG
                [http-nio-8085-exec-8] [1bc71b94-3e4f-42b3-be18-56947002da64]
                o.s.w.s.m.m.a.RequestResponseBodyMethodProcessor - Writing [{todayVisits=7, totalVisits=148}]
2026-05-11 19:15:41.661 DEBUG
                [http-nio-8085-exec-8] [1bc71b94-3e4f-42b3-be18-56947002da64]
                o.s.web.servlet.DispatcherServlet - Completed 200 OK
2026-05-11 19:15:41.675 DEBUG
                [http-nio-8085-exec-7] [ba0a28b6-99b1-4cd9-aab6-d39381a985a8]
                o.s.web.servlet.DispatcherServlet - GET "/MAHASBR/citizenSearch/visitor/summary", parameters={}
2026-05-11 19:15:41.675 DEBUG
                [http-nio-8085-exec-7] [ba0a28b6-99b1-4cd9-aab6-d39381a985a8]
                o.s.w.s.m.m.a.RequestMappingHandlerMapping - Mapped to com.mahasbr.controller.VisitorController#getVisitSummary()
2026-05-11 19:15:41.694 DEBUG
                [http-nio-8085-exec-7] [ba0a28b6-99b1-4cd9-aab6-d39381a985a8]
                o.s.w.s.m.m.a.RequestResponseBodyMethodProcessor - Using 'application/json', given [application/json, text/plain, */*] and supported [application/json, application/*+json]
2026-05-11 19:15:41.697 DEBUG
                [http-nio-8085-exec-7] [ba0a28b6-99b1-4cd9-aab6-d39381a985a8]
                o.s.w.s.m.m.a.RequestResponseBodyMethodProcessor - Writing [{todayVisits=7, totalVisits=148}]
2026-05-11 19:15:41.697 DEBUG
                [http-nio-8085-exec-7] [ba0a28b6-99b1-4cd9-aab6-d39381a985a8]
                o.s.web.servlet.DispatcherServlet - Completed 200 OK
2026-05-11 19:15:41.747 DEBUG
                [http-nio-8085-exec-12] [b76deacc-f9e6-4b26-b48f-d6e0e35601ad]
                o.s.web.servlet.DispatcherServlet - GET "/MAHASBR/citizenSearch/visitor/summary", parameters={}
2026-05-11 19:15:41.748 DEBUG
                [http-nio-8085-exec-12] [b76deacc-f9e6-4b26-b48f-d6e0e35601ad]
                o.s.w.s.m.m.a.RequestMappingHandlerMapping - Mapped to com.mahasbr.controller.VisitorController#getVisitSummary()
2026-05-11 19:15:41.762 DEBUG
                [http-nio-8085-exec-12] [b76deacc-f9e6-4b26-b48f-d6e0e35601ad]
                o.s.w.s.m.m.a.RequestResponseBodyMethodProcessor - Using 'application/json', given [application/json, text/plain, */*] and supported [application/json, application/*+json]
2026-05-11 19:15:41.764 DEBUG
                [http-nio-8085-exec-12] [b76deacc-f9e6-4b26-b48f-d6e0e35601ad]
                o.s.w.s.m.m.a.RequestResponseBodyMethodProcessor - Writing [{todayVisits=7, totalVisits=148}]
2026-05-11 19:15:41.765 DEBUG
                [http-nio-8085-exec-12] [b76deacc-f9e6-4b26-b48f-d6e0e35601ad]
                o.s.web.servlet.DispatcherServlet - Completed 200 OK
2026-05-11 19:15:41.780 DEBUG
                [http-nio-8085-exec-5] [142e04d5-3a0c-4195-8773-d5ad94be144f]
                o.s.web.servlet.DispatcherServlet - GET "/MAHASBR/citizenSearch/visitor/summary", parameters={}
2026-05-11 19:15:41.781 DEBUG
                [http-nio-8085-exec-5] [142e04d5-3a0c-4195-8773-d5ad94be144f]
                o.s.w.s.m.m.a.RequestMappingHandlerMapping - Mapped to com.mahasbr.controller.VisitorController#getVisitSummary()
2026-05-11 19:15:41.816 DEBUG
                [http-nio-8085-exec-2] [b0c6db78-c56d-4778-afb9-756999995008]
                o.s.web.servlet.DispatcherServlet - GET "/MAHASBR/citizenSearch/menus/my", parameters={}
2026-05-11 19:15:41.819 DEBUG
                [http-nio-8085-exec-2] [b0c6db78-c56d-4778-afb9-756999995008]
                o.s.w.s.m.m.a.RequestMappingHandlerMapping - Mapped to com.mahasbr.controller.MenuController#getMyMenus(Authentication)
2026-05-11 19:15:41.825 DEBUG
                [http-nio-8085-exec-2] [b0c6db78-c56d-4778-afb9-756999995008]
                o.s.w.s.m.m.a.HttpEntityMethodProcessor - Using 'application/json', given [application/json, text/plain, */*] and supported [application/json, application/*+json]
2026-05-11 19:15:41.827 DEBUG
                [http-nio-8085-exec-2] [b0c6db78-c56d-4778-afb9-756999995008]
                o.s.w.s.m.m.a.HttpEntityMethodProcessor - Writing [ApiResponse(success=false, message=Unauthorized, data=null)]
2026-05-11 19:15:41.828 DEBUG
                [http-nio-8085-exec-2] [b0c6db78-c56d-4778-afb9-756999995008]
                o.s.web.servlet.DispatcherServlet - Completed 401 UNAUTHORIZED
2026-05-11 19:15:41.830 DEBUG
                [http-nio-8085-exec-5] [142e04d5-3a0c-4195-8773-d5ad94be144f]
                o.s.w.s.m.m.a.RequestResponseBodyMethodProcessor - Using 'application/json', given [application/json, text/plain, */*] and supported [application/json, application/*+json]
2026-05-11 19:15:41.848 DEBUG
                [http-nio-8085-exec-5] [142e04d5-3a0c-4195-8773-d5ad94be144f]
                o.s.w.s.m.m.a.RequestResponseBodyMethodProcessor - Writing [{todayVisits=7, totalVisits=148}]
2026-05-11 19:15:41.850 DEBUG
                [http-nio-8085-exec-5] [142e04d5-3a0c-4195-8773-d5ad94be144f]
                o.s.web.servlet.DispatcherServlet - Completed 200 OK
2026-05-11 19:15:41.900 DEBUG
                [http-nio-8085-exec-4] [163c88d0-958c-4a29-afec-96471de5cc87]
                o.s.web.servlet.DispatcherServlet - GET "/MAHASBR/citizenSearch/visitor/summary", parameters={}
2026-05-11 19:15:41.901 DEBUG
                [http-nio-8085-exec-4] [163c88d0-958c-4a29-afec-96471de5cc87]
                o.s.w.s.m.m.a.RequestMappingHandlerMapping - Mapped to com.mahasbr.controller.VisitorController#getVisitSummary()
2026-05-11 19:15:41.919 DEBUG
                [http-nio-8085-exec-4] [163c88d0-958c-4a29-afec-96471de5cc87]
                o.s.w.s.m.m.a.RequestResponseBodyMethodProcessor - Using 'application/json', given [application/json, text/plain, */*] and supported [application/json, application/*+json]
2026-05-11 19:15:41.928 DEBUG
                [http-nio-8085-exec-4] [163c88d0-958c-4a29-afec-96471de5cc87]
                o.s.w.s.m.m.a.RequestResponseBodyMethodProcessor - Writing [{todayVisits=7, totalVisits=148}]
2026-05-11 19:15:41.929 DEBUG
                [http-nio-8085-exec-4] [163c88d0-958c-4a29-afec-96471de5cc87]
                o.s.web.servlet.DispatcherServlet - Completed 200 OK
2026-05-11 19:15:42.002 DEBUG
                [http-nio-8085-exec-3] [aa2033fd-4716-461d-9021-f3810e138e8d]
                o.s.web.servlet.DispatcherServlet - GET "/MAHASBR/citizenSearch/visitor/summary", parameters={}
2026-05-11 19:15:42.004 DEBUG
                [http-nio-8085-exec-3] [aa2033fd-4716-461d-9021-f3810e138e8d]
                o.s.w.s.m.m.a.RequestMappingHandlerMapping - Mapped to com.mahasbr.controller.VisitorController#getVisitSummary()
2026-05-11 19:15:42.025 DEBUG
                [http-nio-8085-exec-3] [aa2033fd-4716-461d-9021-f3810e138e8d]
                o.s.w.s.m.m.a.RequestResponseBodyMethodProcessor - Using 'application/json', given [application/json, text/plain, */*] and supported [application/json, application/*+json]
2026-05-11 19:15:42.028 DEBUG
                [http-nio-8085-exec-3] [aa2033fd-4716-461d-9021-f3810e138e8d]
                o.s.w.s.m.m.a.RequestResponseBodyMethodProcessor - Writing [{todayVisits=7, totalVisits=148}]
2026-05-11 19:15:42.029 DEBUG
                [http-nio-8085-exec-3] [aa2033fd-4716-461d-9021-f3810e138e8d]
                o.s.web.servlet.DispatcherServlet - Completed 200 OK
2026-05-11 19:15:44.474 DEBUG
                [http-nio-8085-exec-6] [64b2053d-6ad8-4d67-b134-afb572f4d438]
                o.s.w.s.m.m.a.HttpEntityMethodProcessor - Using 'application/json', given [application/json, text/plain, */*] and supported [application/json, application/*+json]
2026-05-11 19:15:44.505 DEBUG
                [http-nio-8085-exec-6] [64b2053d-6ad8-4d67-b134-afb572f4d438]
                o.s.w.s.m.m.a.HttpEntityMethodProcessor - Writing [[org.springframework.data.jpa.repository.query.AbstractJpaQuery$TupleConverter$TupleBackedMap@41411d (truncated)...]
2026-05-11 19:15:44.738 DEBUG
                [http-nio-8085-exec-6] [64b2053d-6ad8-4d67-b134-afb572f4d438]
                o.s.web.servlet.DispatcherServlet - Completed 200 OK
2026-05-11 19:18:35.810 DEBUG
                [http-nio-8085-exec-10] [0f432302-f2dc-476a-aefc-9fae47d01567]
                o.s.web.servlet.DispatcherServlet - GET "/MAHASBR/citizenSearch/visitor/summary", parameters={}
2026-05-11 19:18:35.810 ERROR
                [http-nio-8085-exec-6] [8bbb6c4b-13d2-4367-bfdd-60a02a7e81a8]
                c.mahasbr.filter.AuthEntryPointJwt - Unauthorized error: Full authentication is required to access this resource
2026-05-11 19:18:35.810 ERROR
                [http-nio-8085-exec-6] [8bbb6c4b-13d2-4367-bfdd-60a02a7e81a8]
                c.mahasbr.filter.AuthEntryPointJwt - Unauthorized error: Full authentication is required to access this resource
2026-05-11 19:18:35.810 DEBUG
                [http-nio-8085-exec-10] [0f432302-f2dc-476a-aefc-9fae47d01567]
                o.s.w.s.m.m.a.RequestMappingHandlerMapping - Mapped to com.mahasbr.controller.VisitorController#getVisitSummary()
2026-05-11 19:18:35.811 DEBUG
                [http-nio-8085-exec-8] [e7088c8e-21f7-4da8-a40c-27d7c85f082b]
                o.s.web.servlet.DispatcherServlet - GET "/MAHASBR/citizenSearch/menus/my", parameters={}
2026-05-11 19:18:35.811 DEBUG
                [http-nio-8085-exec-8] [e7088c8e-21f7-4da8-a40c-27d7c85f082b]
                o.s.w.s.m.m.a.RequestMappingHandlerMapping - Mapped to com.mahasbr.controller.MenuController#getMyMenus(Authentication)
2026-05-11 19:18:35.812 ERROR
                [http-nio-8085-exec-6] []
                c.mahasbr.filter.AuthEntryPointJwt - Unauthorized error: Full authentication is required to access this resource
2026-05-11 19:18:35.812 ERROR
                [http-nio-8085-exec-6] []
                c.mahasbr.filter.AuthEntryPointJwt - Unauthorized error: Full authentication is required to access this resource
2026-05-11 19:18:35.812 DEBUG
                [http-nio-8085-exec-8] [e7088c8e-21f7-4da8-a40c-27d7c85f082b]
                o.s.w.s.m.m.a.HttpEntityMethodProcessor - Using 'application/json', given [application/json, text/plain, */*] and supported [application/json, application/*+json]
2026-05-11 19:18:35.813 DEBUG
                [http-nio-8085-exec-8] [e7088c8e-21f7-4da8-a40c-27d7c85f082b]
                o.s.w.s.m.m.a.HttpEntityMethodProcessor - Writing [ApiResponse(success=false, message=Unauthorized, data=null)]
2026-05-11 19:18:35.812 ERROR
                [http-nio-8085-exec-3] [0ab2aded-cd7f-4c96-80e2-354f90808af9]
                c.mahasbr.filter.AuthEntryPointJwt - Unauthorized error: Full authentication is required to access this resource
2026-05-11 19:18:35.813 ERROR
                [http-nio-8085-exec-3] [0ab2aded-cd7f-4c96-80e2-354f90808af9]
                c.mahasbr.filter.AuthEntryPointJwt - Unauthorized error: Full authentication is required to access this resource
2026-05-11 19:18:35.814 DEBUG
                [http-nio-8085-exec-8] [e7088c8e-21f7-4da8-a40c-27d7c85f082b]
                o.s.web.servlet.DispatcherServlet - Completed 401 UNAUTHORIZED
2026-05-11 19:18:35.814 ERROR
                [http-nio-8085-exec-3] []
                c.mahasbr.filter.AuthEntryPointJwt - Unauthorized error: Full authentication is required to access this resource
2026-05-11 19:18:35.815 ERROR
                [http-nio-8085-exec-3] []
                c.mahasbr.filter.AuthEntryPointJwt - Unauthorized error: Full authentication is required to access this resource
2026-05-11 19:18:35.827 DEBUG
                [http-nio-8085-exec-10] [0f432302-f2dc-476a-aefc-9fae47d01567]
                o.s.w.s.m.m.a.RequestResponseBodyMethodProcessor - Using 'application/json', given [application/json, text/plain, */*] and supported [application/json, application/*+json]
2026-05-11 19:18:35.828 DEBUG
                [http-nio-8085-exec-10] [0f432302-f2dc-476a-aefc-9fae47d01567]
                o.s.w.s.m.m.a.RequestResponseBodyMethodProcessor - Writing [{todayVisits=7, totalVisits=148}]
2026-05-11 19:18:35.829 DEBUG
                [http-nio-8085-exec-10] [0f432302-f2dc-476a-aefc-9fae47d01567]
                o.s.web.servlet.DispatcherServlet - Completed 200 OK
2026-05-11 19:18:37.777 DEBUG
                [http-nio-8085-exec-4] [9650d96a-6ce8-4efb-84a3-e42119f1a35b]
                o.s.web.servlet.DispatcherServlet - GET "/MAHASBR/citizenSearch/visitor/summary", parameters={}
2026-05-11 19:18:37.779 DEBUG
                [http-nio-8085-exec-4] [9650d96a-6ce8-4efb-84a3-e42119f1a35b]
                o.s.w.s.m.m.a.RequestMappingHandlerMapping - Mapped to com.mahasbr.controller.VisitorController#getVisitSummary()
2026-05-11 19:18:37.790 DEBUG
                [http-nio-8085-exec-4] [9650d96a-6ce8-4efb-84a3-e42119f1a35b]
                o.s.w.s.m.m.a.RequestResponseBodyMethodProcessor - Using 'application/json', given [application/json, text/plain, */*] and supported [application/json, application/*+json]
2026-05-11 19:18:37.790 DEBUG
                [http-nio-8085-exec-4] [9650d96a-6ce8-4efb-84a3-e42119f1a35b]
                o.s.w.s.m.m.a.RequestResponseBodyMethodProcessor - Writing [{todayVisits=7, totalVisits=148}]
2026-05-11 19:18:37.791 DEBUG
                [http-nio-8085-exec-4] [9650d96a-6ce8-4efb-84a3-e42119f1a35b]
                o.s.web.servlet.DispatcherServlet - Completed 200 OK
2026-05-11 19:18:38.200 DEBUG
                [http-nio-8085-exec-5] [7db6de48-fbdd-44c4-883c-354846cd1a64]
                o.s.web.servlet.DispatcherServlet - GET "/MAHASBR/api/auth/registoryData?page=0&size=12&sortBy=siNo", parameters={masked}
2026-05-11 19:18:38.200 DEBUG
                [http-nio-8085-exec-5] [7db6de48-fbdd-44c4-883c-354846cd1a64]
                o.s.w.s.m.m.a.RequestMappingHandlerMapping - Mapped to com.mahasbr.controller.PostLoginDashboardController#getMasterRegistoryDetails(Long, int)
2026-05-11 19:18:38.200 DEBUG
                [http-nio-8085-exec-1] [be54adeb-5778-4bcd-81bc-8e5506070cea]
                o.s.web.servlet.DispatcherServlet - GET "/MAHASBR/citizenSearch/menus/my", parameters={}
2026-05-11 19:18:38.201 DEBUG
                [http-nio-8085-exec-1] [be54adeb-5778-4bcd-81bc-8e5506070cea]
                o.s.w.s.m.m.a.RequestMappingHandlerMapping - Mapped to com.mahasbr.controller.MenuController#getMyMenus(Authentication)
2026-05-11 19:18:38.202 DEBUG
                [http-nio-8085-exec-2] [07c2f1bd-db06-402e-84c8-9bb37d57c785]
                o.s.web.servlet.DispatcherServlet - GET "/MAHASBR/api/auth/districts", parameters={}
2026-05-11 19:18:38.202 DEBUG
                [http-nio-8085-exec-2] [07c2f1bd-db06-402e-84c8-9bb37d57c785]
                o.s.w.s.m.m.a.RequestMappingHandlerMapping - Mapped to com.mahasbr.controller.PostLoginDashboardController#getAll()
2026-05-11 19:18:38.214 DEBUG
                [http-nio-8085-exec-1] [be54adeb-5778-4bcd-81bc-8e5506070cea]
                o.s.w.s.m.m.a.HttpEntityMethodProcessor - Using 'application/json', given [application/json, text/plain, */*] and supported [application/json, application/*+json]
2026-05-11 19:18:38.214 DEBUG
                [http-nio-8085-exec-5] [7db6de48-fbdd-44c4-883c-354846cd1a64]
                o.s.w.s.m.m.a.ExceptionHandlerExceptionResolver - Using @ExceptionHandler com.mahasbr.config.ExceptionHandlerController#handleGlobalException(Exception, WebRequest)
2026-05-11 19:18:38.215 DEBUG
                [http-nio-8085-exec-1] [be54adeb-5778-4bcd-81bc-8e5506070cea]
                o.s.w.s.m.m.a.HttpEntityMethodProcessor - Writing [ApiResponse(success=true, message=Menus loaded successfully, data=[MenuDTO(id=18, nameEn=Dashboard,  (truncated)...]
2026-05-11 19:18:38.215 DEBUG
                [http-nio-8085-exec-5] [7db6de48-fbdd-44c4-883c-354846cd1a64]
                o.s.w.s.m.m.a.HttpEntityMethodProcessor - Using 'application/json', given [application/json, text/plain, */*] and supported [text/plain, */*, application/json, application/*+json]
2026-05-11 19:18:38.215 DEBUG
                [http-nio-8085-exec-5] [7db6de48-fbdd-44c4-883c-354846cd1a64]
                o.s.w.s.m.m.a.HttpEntityMethodProcessor - Writing ["Internal Server Error"]
2026-05-11 19:18:38.216 DEBUG
                [http-nio-8085-exec-1] [be54adeb-5778-4bcd-81bc-8e5506070cea]
                o.s.web.servlet.DispatcherServlet - Completed 200 OK
2026-05-11 19:18:38.217 WARN 
                [http-nio-8085-exec-5] [7db6de48-fbdd-44c4-883c-354846cd1a64]
                o.s.w.s.m.m.a.ExceptionHandlerExceptionResolver - Resolved [org.springframework.data.redis.RedisConnectionFailureException: Unable to connect to Redis]
2026-05-11 19:18:38.217 DEBUG
                [http-nio-8085-exec-5] [7db6de48-fbdd-44c4-883c-354846cd1a64]
                o.s.web.servlet.DispatcherServlet - Completed 500 INTERNAL_SERVER_ERROR
2026-05-11 19:18:38.232 DEBUG
                [http-nio-8085-exec-2] [07c2f1bd-db06-402e-84c8-9bb37d57c785]
                o.s.w.s.m.m.a.HttpEntityMethodProcessor - Using 'application/json', given [application/json, text/plain, */*] and supported [application/json, application/*+json]
2026-05-11 19:18:38.233 DEBUG
                [http-nio-8085-exec-2] [07c2f1bd-db06-402e-84c8-9bb37d57c785]
                o.s.w.s.m.m.a.HttpEntityMethodProcessor - Writing [[DistrictMaster(districtId=373, censusDistrictCode=919, districtName=Palghar, censusStateCode=27, di (truncated)...]
2026-05-11 19:18:38.234 DEBUG
                [http-nio-8085-exec-2] [07c2f1bd-db06-402e-84c8-9bb37d57c785]
                o.s.web.servlet.DispatcherServlet - Completed 200 OK
2026-05-11 19:20:20.010 DEBUG
                [http-nio-8085-exec-3] [074c2bd5-c248-4d2f-b659-684cb479f67c]
                o.s.web.servlet.DispatcherServlet - GET "/MAHASBR/citizenSearch/visitor/summary", parameters={}
2026-05-11 19:20:20.013 DEBUG
                [http-nio-8085-exec-3] [074c2bd5-c248-4d2f-b659-684cb479f67c]
                o.s.w.s.m.m.a.RequestMappingHandlerMapping - Mapped to com.mahasbr.controller.VisitorController#getVisitSummary()
2026-05-11 19:20:20.013 DEBUG
                [http-nio-8085-exec-10] [5dd73267-ab51-4dd1-a2da-5a7ee038608c]
                o.s.web.servlet.DispatcherServlet - GET "/MAHASBR/citizenSearch/menus/my", parameters={}
2026-05-11 19:20:20.019 DEBUG
                [http-nio-8085-exec-10] [5dd73267-ab51-4dd1-a2da-5a7ee038608c]
                o.s.w.s.m.m.a.RequestMappingHandlerMapping - Mapped to com.mahasbr.controller.MenuController#getMyMenus(Authentication)
2026-05-11 19:20:20.023 DEBUG
                [http-nio-8085-exec-10] [5dd73267-ab51-4dd1-a2da-5a7ee038608c]
                o.s.w.s.m.m.a.HttpEntityMethodProcessor - Using 'application/json', given [application/json, text/plain, */*] and supported [application/json, application/*+json]
2026-05-11 19:20:20.024 ERROR
                [http-nio-8085-exec-1] [61226a6b-3b02-4d92-aab6-fc071c40a073]
                c.mahasbr.filter.AuthEntryPointJwt - Unauthorized error: Full authentication is required to access this resource
2026-05-11 19:20:20.024 ERROR
                [http-nio-8085-exec-1] [61226a6b-3b02-4d92-aab6-fc071c40a073]
                c.mahasbr.filter.AuthEntryPointJwt - Unauthorized error: Full authentication is required to access this resource
2026-05-11 19:20:20.024 DEBUG
                [http-nio-8085-exec-10] [5dd73267-ab51-4dd1-a2da-5a7ee038608c]
                o.s.w.s.m.m.a.HttpEntityMethodProcessor - Writing [ApiResponse(success=false, message=Unauthorized, data=null)]
2026-05-11 19:20:20.024 ERROR
                [http-nio-8085-exec-4] [17808d88-8186-436b-bbee-830b333bee66]
                c.mahasbr.filter.AuthEntryPointJwt - Unauthorized error: Full authentication is required to access this resource
2026-05-11 19:20:20.025 ERROR
                [http-nio-8085-exec-4] [17808d88-8186-436b-bbee-830b333bee66]
                c.mahasbr.filter.AuthEntryPointJwt - Unauthorized error: Full authentication is required to access this resource
2026-05-11 19:20:20.026 DEBUG
                [http-nio-8085-exec-10] [5dd73267-ab51-4dd1-a2da-5a7ee038608c]
                o.s.web.servlet.DispatcherServlet - Completed 401 UNAUTHORIZED
2026-05-11 19:20:20.026 ERROR
                [http-nio-8085-exec-1] []
                c.mahasbr.filter.AuthEntryPointJwt - Unauthorized error: Full authentication is required to access this resource
2026-05-11 19:20:20.027 ERROR
                [http-nio-8085-exec-1] []
                c.mahasbr.filter.AuthEntryPointJwt - Unauthorized error: Full authentication is required to access this resource
2026-05-11 19:20:20.026 ERROR
                [http-nio-8085-exec-4] []
                c.mahasbr.filter.AuthEntryPointJwt - Unauthorized error: Full authentication is required to access this resource
2026-05-11 19:20:20.028 ERROR
                [http-nio-8085-exec-4] []
                c.mahasbr.filter.AuthEntryPointJwt - Unauthorized error: Full authentication is required to access this resource
2026-05-11 19:20:20.038 DEBUG
                [http-nio-8085-exec-3] [074c2bd5-c248-4d2f-b659-684cb479f67c]
                o.s.w.s.m.m.a.RequestResponseBodyMethodProcessor - Using 'application/json', given [application/json, text/plain, */*] and supported [application/json, application/*+json]
2026-05-11 19:20:20.039 DEBUG
                [http-nio-8085-exec-3] [074c2bd5-c248-4d2f-b659-684cb479f67c]
                o.s.w.s.m.m.a.RequestResponseBodyMethodProcessor - Writing [{todayVisits=7, totalVisits=148}]
2026-05-11 19:20:20.040 DEBUG
                [http-nio-8085-exec-3] [074c2bd5-c248-4d2f-b659-684cb479f67c]
                o.s.web.servlet.DispatcherServlet - Completed 200 OK
2026-05-11 19:20:20.793 DEBUG
                [http-nio-8085-exec-5] [b57660b2-c8fb-4b34-bcbd-465ebeaeadf3]
                o.s.web.servlet.DispatcherServlet - GET "/MAHASBR/citizenSearch/visitor/summary", parameters={}
2026-05-11 19:20:20.794 DEBUG
                [http-nio-8085-exec-5] [b57660b2-c8fb-4b34-bcbd-465ebeaeadf3]
                o.s.w.s.m.m.a.RequestMappingHandlerMapping - Mapped to com.mahasbr.controller.VisitorController#getVisitSummary()
2026-05-11 19:20:20.807 DEBUG
                [http-nio-8085-exec-5] [b57660b2-c8fb-4b34-bcbd-465ebeaeadf3]
                o.s.w.s.m.m.a.RequestResponseBodyMethodProcessor - Using 'application/json', given [application/json, text/plain, */*] and supported [application/json, application/*+json]
2026-05-11 19:20:20.807 DEBUG
                [http-nio-8085-exec-5] [b57660b2-c8fb-4b34-bcbd-465ebeaeadf3]
                o.s.w.s.m.m.a.RequestResponseBodyMethodProcessor - Writing [{todayVisits=7, totalVisits=148}]
2026-05-11 19:20:20.808 DEBUG
                [http-nio-8085-exec-5] [b57660b2-c8fb-4b34-bcbd-465ebeaeadf3]
                o.s.web.servlet.DispatcherServlet - Completed 200 OK
2026-05-11 19:20:20.841 DEBUG
                [http-nio-8085-exec-2] [88c80803-2393-4abc-9c68-8422b2ac2ef2]
                o.s.web.servlet.DispatcherServlet - GET "/MAHASBR/citizenSearch/menus/my", parameters={}
2026-05-11 19:20:20.842 DEBUG
                [http-nio-8085-exec-2] [88c80803-2393-4abc-9c68-8422b2ac2ef2]
                o.s.w.s.m.m.a.RequestMappingHandlerMapping - Mapped to com.mahasbr.controller.MenuController#getMyMenus(Authentication)
2026-05-11 19:20:20.858 DEBUG
                [http-nio-8085-exec-2] [88c80803-2393-4abc-9c68-8422b2ac2ef2]
                o.s.w.s.m.m.a.HttpEntityMethodProcessor - Using 'application/json', given [application/json, text/plain, */*] and supported [application/json, application/*+json]
2026-05-11 19:20:20.858 DEBUG
                [http-nio-8085-exec-2] [88c80803-2393-4abc-9c68-8422b2ac2ef2]
                o.s.w.s.m.m.a.HttpEntityMethodProcessor - Writing [ApiResponse(success=true, message=Menus loaded successfully, data=[MenuDTO(id=18, nameEn=Dashboard,  (truncated)...]
2026-05-11 19:20:20.859 DEBUG
                [http-nio-8085-exec-2] [88c80803-2393-4abc-9c68-8422b2ac2ef2]
                o.s.web.servlet.DispatcherServlet - Completed 200 OK
2026-05-11 19:20:20.875 DEBUG
                [http-nio-8085-exec-12] [c8b46727-cbc2-43d7-90eb-ba53f0069633]
                o.s.web.servlet.DispatcherServlet - GET "/MAHASBR/api/auth/registoryData?page=0&size=12&sortBy=siNo", parameters={masked}
2026-05-11 19:20:20.876 DEBUG
                [http-nio-8085-exec-12] [c8b46727-cbc2-43d7-90eb-ba53f0069633]
                o.s.w.s.m.m.a.RequestMappingHandlerMapping - Mapped to com.mahasbr.controller.PostLoginDashboardController#getMasterRegistoryDetails(Long, int)
2026-05-11 19:20:20.887 DEBUG
                [http-nio-8085-exec-7] [033f9274-c186-4368-bdaf-0522571d2336]
                o.s.web.servlet.DispatcherServlet - GET "/MAHASBR/api/auth/districts", parameters={}
2026-05-11 19:20:20.888 DEBUG
                [http-nio-8085-exec-7] [033f9274-c186-4368-bdaf-0522571d2336]
                o.s.w.s.m.m.a.RequestMappingHandlerMapping - Mapped to com.mahasbr.controller.PostLoginDashboardController#getAll()
2026-05-11 19:20:20.903 DEBUG
                [http-nio-8085-exec-12] [c8b46727-cbc2-43d7-90eb-ba53f0069633]
                o.s.w.s.m.m.a.ExceptionHandlerExceptionResolver - Using @ExceptionHandler com.mahasbr.config.ExceptionHandlerController#handleGlobalException(Exception, WebRequest)
2026-05-11 19:20:20.906 DEBUG
                [http-nio-8085-exec-12] [c8b46727-cbc2-43d7-90eb-ba53f0069633]
                o.s.w.s.m.m.a.HttpEntityMethodProcessor - Using 'application/json', given [application/json, text/plain, */*] and supported [text/plain, */*, application/json, application/*+json]
2026-05-11 19:20:20.907 DEBUG
                [http-nio-8085-exec-12] [c8b46727-cbc2-43d7-90eb-ba53f0069633]
                o.s.w.s.m.m.a.HttpEntityMethodProcessor - Writing ["Internal Server Error"]
2026-05-11 19:20:20.908 WARN 
                [http-nio-8085-exec-12] [c8b46727-cbc2-43d7-90eb-ba53f0069633]
                o.s.w.s.m.m.a.ExceptionHandlerExceptionResolver - Resolved [org.springframework.data.redis.RedisConnectionFailureException: Unable to connect to Redis]
2026-05-11 19:20:20.909 DEBUG
                [http-nio-8085-exec-12] [c8b46727-cbc2-43d7-90eb-ba53f0069633]
                o.s.web.servlet.DispatcherServlet - Completed 500 INTERNAL_SERVER_ERROR
2026-05-11 19:20:20.924 DEBUG
                [http-nio-8085-exec-7] [033f9274-c186-4368-bdaf-0522571d2336]
                o.s.w.s.m.m.a.HttpEntityMethodProcessor - Using 'application/json', given [application/json, text/plain, */*] and supported [application/json, application/*+json]
2026-05-11 19:20:20.933 DEBUG
                [http-nio-8085-exec-7] [033f9274-c186-4368-bdaf-0522571d2336]
                o.s.w.s.m.m.a.HttpEntityMethodProcessor - Writing [[DistrictMaster(districtId=373, censusDistrictCode=919, districtName=Palghar, censusStateCode=27, di (truncated)...]
2026-05-11 19:20:20.945 DEBUG
                [http-nio-8085-exec-7] [033f9274-c186-4368-bdaf-0522571d2336]
                o.s.web.servlet.DispatcherServlet - Completed 200 OK
2026-05-11 19:20:23.252 DEBUG
                [http-nio-8085-exec-6] [992af9ab-b185-4403-a050-563243235925]
                o.s.web.servlet.DispatcherServlet - POST "/MAHASBR/api/auth/logout", parameters={}
2026-05-11 19:20:23.253 DEBUG
                [http-nio-8085-exec-6] [992af9ab-b185-4403-a050-563243235925]
                o.s.w.s.m.m.a.RequestMappingHandlerMapping - Mapped to com.mahasbr.controller.LoginController#logout(String, HttpServletRequest)
2026-05-11 19:20:23.282 DEBUG
                [http-nio-8085-exec-6] [992af9ab-b185-4403-a050-563243235925]
                o.s.w.s.m.m.a.HttpEntityMethodProcessor - Using 'application/json', given [application/json, text/plain, */*] and supported [application/json, application/*+json]
2026-05-11 19:20:23.285 DEBUG
                [http-nio-8085-exec-6] [992af9ab-b185-4403-a050-563243235925]
                o.s.w.s.m.m.a.HttpEntityMethodProcessor - Writing [{message=User logged out successfully}]
2026-05-11 19:20:23.287 DEBUG
                [http-nio-8085-exec-6] [992af9ab-b185-4403-a050-563243235925]
                o.s.web.servlet.DispatcherServlet - Completed 200 OK
2026-05-11 19:20:23.295 DEBUG
                [http-nio-8085-exec-8] [5cac03d9-f469-41c7-a687-25a98f563500]
                o.s.web.servlet.DispatcherServlet - GET "/MAHASBR/citizenSearch/visitor/summary", parameters={}
2026-05-11 19:20:23.296 DEBUG
                [http-nio-8085-exec-8] [5cac03d9-f469-41c7-a687-25a98f563500]
                o.s.w.s.m.m.a.RequestMappingHandlerMapping - Mapped to com.mahasbr.controller.VisitorController#getVisitSummary()
2026-05-11 19:20:23.314 DEBUG
                [http-nio-8085-exec-8] [5cac03d9-f469-41c7-a687-25a98f563500]
                o.s.w.s.m.m.a.RequestResponseBodyMethodProcessor - Using 'application/json', given [application/json, text/plain, */*] and supported [application/json, application/*+json]
2026-05-11 19:20:23.316 DEBUG
                [http-nio-8085-exec-8] [5cac03d9-f469-41c7-a687-25a98f563500]
                o.s.w.s.m.m.a.RequestResponseBodyMethodProcessor - Writing [{todayVisits=7, totalVisits=148}]
2026-05-11 19:20:23.317 DEBUG
                [http-nio-8085-exec-8] [5cac03d9-f469-41c7-a687-25a98f563500]
                o.s.web.servlet.DispatcherServlet - Completed 200 OK
2026-05-11 19:20:54.837 DEBUG
                [http-nio-8085-exec-10] [dac76201-4c42-42ec-8952-e69c4f78bc6a]
                o.s.web.servlet.DispatcherServlet - POST "/MAHASBR/api/auth/signin", parameters={}
2026-05-11 19:20:54.837 DEBUG
                [http-nio-8085-exec-10] [dac76201-4c42-42ec-8952-e69c4f78bc6a]
                o.s.w.s.m.m.a.RequestMappingHandlerMapping - Mapped to com.mahasbr.controller.LoginController#authenticateUser(LoginRequest, BindingResult, HttpServletRequest)
2026-05-11 19:20:54.839 DEBUG
                [http-nio-8085-exec-10] [dac76201-4c42-42ec-8952-e69c4f78bc6a]
                o.s.w.s.m.m.a.RequestResponseBodyMethodProcessor - Read "application/json;charset=UTF-8" to [LoginRequest(username=CHARITY_MH, password=Pass@123, recaptchaResponse=0cAFcWeA6DBi8izt8ffZZef5DHnpl (truncated)...]
2026-05-11 19:20:54.947 DEBUG
                [http-nio-8085-exec-10] [dac76201-4c42-42ec-8952-e69c4f78bc6a]
                o.s.w.s.m.m.a.HttpEntityMethodProcessor - Using 'application/json', given [application/json, text/plain, */*] and supported [application/json, application/*+json]
2026-05-11 19:20:54.948 DEBUG
                [http-nio-8085-exec-10] [dac76201-4c42-42ec-8952-e69c4f78bc6a]
                o.s.w.s.m.m.a.HttpEntityMethodProcessor - Writing [JwtResponse(token=eyJhbGciOiJIUzI1NiJ9.eyJyb2xlcyI6WyJST0xFX1JFR19BVVRIX0NTViJdLCJyZWdpc3RyeUlkIjoyM (truncated)...]
2026-05-11 19:20:54.950 DEBUG
                [http-nio-8085-exec-10] [dac76201-4c42-42ec-8952-e69c4f78bc6a]
                o.s.web.servlet.DispatcherServlet - Completed 200 OK
2026-05-11 19:20:55.210 DEBUG
                [http-nio-8085-exec-4] [d05f8c10-d983-4aff-9798-2863f69a0888]
                o.s.web.servlet.DispatcherServlet - GET "/MAHASBR/api/auth/registoryData?page=0&size=12&sortBy=siNo", parameters={masked}
2026-05-11 19:20:55.210 DEBUG
                [http-nio-8085-exec-1] [c59a8ced-a01d-4c6c-b817-d3c89244bc52]
                o.s.web.servlet.DispatcherServlet - GET "/MAHASBR/citizenSearch/menus/my", parameters={}
2026-05-11 19:20:55.210 DEBUG
                [http-nio-8085-exec-4] [d05f8c10-d983-4aff-9798-2863f69a0888]
                o.s.w.s.m.m.a.RequestMappingHandlerMapping - Mapped to com.mahasbr.controller.PostLoginDashboardController#getMasterRegistoryDetails(Long, int)
2026-05-11 19:20:55.210 DEBUG
                [http-nio-8085-exec-1] [c59a8ced-a01d-4c6c-b817-d3c89244bc52]
                o.s.w.s.m.m.a.RequestMappingHandlerMapping - Mapped to com.mahasbr.controller.MenuController#getMyMenus(Authentication)
2026-05-11 19:20:55.213 DEBUG
                [http-nio-8085-exec-3] [40f2baaa-7090-4aca-9238-eae04b4a658e]
                o.s.web.servlet.DispatcherServlet - GET "/MAHASBR/api/auth/districts", parameters={}
2026-05-11 19:20:55.214 DEBUG
                [http-nio-8085-exec-3] [40f2baaa-7090-4aca-9238-eae04b4a658e]
                o.s.w.s.m.m.a.RequestMappingHandlerMapping - Mapped to com.mahasbr.controller.PostLoginDashboardController#getAll()
2026-05-11 19:20:55.223 DEBUG
                [http-nio-8085-exec-1] [c59a8ced-a01d-4c6c-b817-d3c89244bc52]
                o.s.w.s.m.m.a.HttpEntityMethodProcessor - Using 'application/json', given [application/json, text/plain, */*] and supported [application/json, application/*+json]
2026-05-11 19:20:55.224 DEBUG
                [http-nio-8085-exec-1] [c59a8ced-a01d-4c6c-b817-d3c89244bc52]
                o.s.w.s.m.m.a.HttpEntityMethodProcessor - Writing [ApiResponse(success=true, message=Menus loaded successfully, data=[MenuDTO(id=18, nameEn=Dashboard,  (truncated)...]
2026-05-11 19:20:55.225 DEBUG
                [http-nio-8085-exec-1] [c59a8ced-a01d-4c6c-b817-d3c89244bc52]
                o.s.web.servlet.DispatcherServlet - Completed 200 OK
2026-05-11 19:20:55.225 DEBUG
                [http-nio-8085-exec-4] [d05f8c10-d983-4aff-9798-2863f69a0888]
                o.s.w.s.m.m.a.ExceptionHandlerExceptionResolver - Using @ExceptionHandler com.mahasbr.config.ExceptionHandlerController#handleGlobalException(Exception, WebRequest)
2026-05-11 19:20:55.226 DEBUG
                [http-nio-8085-exec-4] [d05f8c10-d983-4aff-9798-2863f69a0888]
                o.s.w.s.m.m.a.HttpEntityMethodProcessor - Using 'application/json', given [application/json, text/plain, */*] and supported [text/plain, */*, application/json, application/*+json]
2026-05-11 19:20:55.226 DEBUG
                [http-nio-8085-exec-4] [d05f8c10-d983-4aff-9798-2863f69a0888]
                o.s.w.s.m.m.a.HttpEntityMethodProcessor - Writing ["Internal Server Error"]
2026-05-11 19:20:55.227 WARN 
                [http-nio-8085-exec-4] [d05f8c10-d983-4aff-9798-2863f69a0888]
                o.s.w.s.m.m.a.ExceptionHandlerExceptionResolver - Resolved [org.springframework.data.redis.RedisConnectionFailureException: Unable to connect to Redis]
2026-05-11 19:20:55.228 DEBUG
                [http-nio-8085-exec-4] [d05f8c10-d983-4aff-9798-2863f69a0888]
                o.s.web.servlet.DispatcherServlet - Completed 500 INTERNAL_SERVER_ERROR
2026-05-11 19:20:55.246 DEBUG
                [http-nio-8085-exec-3] [40f2baaa-7090-4aca-9238-eae04b4a658e]
                o.s.w.s.m.m.a.HttpEntityMethodProcessor - Using 'application/json', given [application/json, text/plain, */*] and supported [application/json, application/*+json]
2026-05-11 19:20:55.247 DEBUG
                [http-nio-8085-exec-3] [40f2baaa-7090-4aca-9238-eae04b4a658e]
                o.s.w.s.m.m.a.HttpEntityMethodProcessor - Writing [[DistrictMaster(districtId=373, censusDistrictCode=919, districtName=Palghar, censusStateCode=27, di (truncated)...]
2026-05-11 19:20:55.248 DEBUG
                [http-nio-8085-exec-3] [40f2baaa-7090-4aca-9238-eae04b4a658e]
                o.s.web.servlet.DispatcherServlet - Completed 200 OK
2026-05-11 19:20:55.257 DEBUG
                [http-nio-8085-exec-5] [435e277e-69ed-4b95-bb92-96d01190415e]
                o.s.web.servlet.DispatcherServlet - GET "/MAHASBR/citizenSearch/menus/my", parameters={}
2026-05-11 19:20:55.257 DEBUG
                [http-nio-8085-exec-5] [435e277e-69ed-4b95-bb92-96d01190415e]
                o.s.w.s.m.m.a.RequestMappingHandlerMapping - Mapped to com.mahasbr.controller.MenuController#getMyMenus(Authentication)
2026-05-11 19:20:55.270 DEBUG
                [http-nio-8085-exec-5] [435e277e-69ed-4b95-bb92-96d01190415e]
                o.s.w.s.m.m.a.HttpEntityMethodProcessor - Using 'application/json', given [application/json, text/plain, */*] and supported [application/json, application/*+json]
2026-05-11 19:20:55.270 DEBUG
                [http-nio-8085-exec-5] [435e277e-69ed-4b95-bb92-96d01190415e]
                o.s.w.s.m.m.a.HttpEntityMethodProcessor - Writing [ApiResponse(success=true, message=Menus loaded successfully, data=[MenuDTO(id=18, nameEn=Dashboard,  (truncated)...]
2026-05-11 19:20:55.271 DEBUG
                [http-nio-8085-exec-5] [435e277e-69ed-4b95-bb92-96d01190415e]
                o.s.web.servlet.DispatcherServlet - Completed 200 OK
2026-05-11 19:23:21.050 ERROR
                [http-nio-8085-exec-3] [4ea8ebb1-1c4c-42b6-b48e-aeae312de632]
                c.mahasbr.filter.AuthEntryPointJwt - Unauthorized error: Full authentication is required to access this resource
2026-05-11 19:23:21.051 DEBUG
                [http-nio-8085-exec-10] [260c424d-fca6-4561-abc7-87c4b796ff60]
                o.s.web.servlet.DispatcherServlet - GET "/MAHASBR/citizenSearch/visitor/summary", parameters={}
2026-05-11 19:23:21.051 ERROR
                [http-nio-8085-exec-3] [4ea8ebb1-1c4c-42b6-b48e-aeae312de632]
                c.mahasbr.filter.AuthEntryPointJwt - Unauthorized error: Full authentication is required to access this resource
2026-05-11 19:23:21.053 DEBUG
                [http-nio-8085-exec-1] [a9edf9dc-cbf9-4b3e-a8c7-65cd419fe56d]
                o.s.web.servlet.DispatcherServlet - GET "/MAHASBR/citizenSearch/menus/my", parameters={}
2026-05-11 19:23:21.053 DEBUG
                [http-nio-8085-exec-10] [260c424d-fca6-4561-abc7-87c4b796ff60]
                o.s.w.s.m.m.a.RequestMappingHandlerMapping - Mapped to com.mahasbr.controller.VisitorController#getVisitSummary()
2026-05-11 19:23:21.053 ERROR
                [http-nio-8085-exec-4] [8be038c7-865a-487b-8880-0750defaf6c4]
                c.mahasbr.filter.AuthEntryPointJwt - Unauthorized error: Full authentication is required to access this resource
2026-05-11 19:23:21.054 DEBUG
                [http-nio-8085-exec-1] [a9edf9dc-cbf9-4b3e-a8c7-65cd419fe56d]
                o.s.w.s.m.m.a.RequestMappingHandlerMapping - Mapped to com.mahasbr.controller.MenuController#getMyMenus(Authentication)
2026-05-11 19:23:21.054 ERROR
                [http-nio-8085-exec-3] []
                c.mahasbr.filter.AuthEntryPointJwt - Unauthorized error: Full authentication is required to access this resource
2026-05-11 19:23:21.056 ERROR
                [http-nio-8085-exec-4] [8be038c7-865a-487b-8880-0750defaf6c4]
                c.mahasbr.filter.AuthEntryPointJwt - Unauthorized error: Full authentication is required to access this resource
2026-05-11 19:23:21.057 ERROR
                [http-nio-8085-exec-3] []
                c.mahasbr.filter.AuthEntryPointJwt - Unauthorized error: Full authentication is required to access this resource
2026-05-11 19:23:21.057 DEBUG
                [http-nio-8085-exec-1] [a9edf9dc-cbf9-4b3e-a8c7-65cd419fe56d]
                o.s.w.s.m.m.a.HttpEntityMethodProcessor - Using 'application/json', given [application/json, text/plain, */*] and supported [application/json, application/*+json]
2026-05-11 19:23:21.058 ERROR
                [http-nio-8085-exec-4] []
                c.mahasbr.filter.AuthEntryPointJwt - Unauthorized error: Full authentication is required to access this resource
2026-05-11 19:23:21.060 DEBUG
                [http-nio-8085-exec-1] [a9edf9dc-cbf9-4b3e-a8c7-65cd419fe56d]
                o.s.w.s.m.m.a.HttpEntityMethodProcessor - Writing [ApiResponse(success=false, message=Unauthorized, data=null)]
2026-05-11 19:23:21.061 ERROR
                [http-nio-8085-exec-4] []
                c.mahasbr.filter.AuthEntryPointJwt - Unauthorized error: Full authentication is required to access this resource
2026-05-11 19:23:21.065 DEBUG
                [http-nio-8085-exec-1] [a9edf9dc-cbf9-4b3e-a8c7-65cd419fe56d]
                o.s.web.servlet.DispatcherServlet - Completed 401 UNAUTHORIZED
2026-05-11 19:23:21.072 DEBUG
                [http-nio-8085-exec-10] [260c424d-fca6-4561-abc7-87c4b796ff60]
                o.s.w.s.m.m.a.RequestResponseBodyMethodProcessor - Using 'application/json', given [application/json, text/plain, */*] and supported [application/json, application/*+json]
2026-05-11 19:23:21.073 DEBUG
                [http-nio-8085-exec-10] [260c424d-fca6-4561-abc7-87c4b796ff60]
                o.s.w.s.m.m.a.RequestResponseBodyMethodProcessor - Writing [{todayVisits=7, totalVisits=148}]
2026-05-11 19:23:21.073 DEBUG
                [http-nio-8085-exec-10] [260c424d-fca6-4561-abc7-87c4b796ff60]
                o.s.web.servlet.DispatcherServlet - Completed 200 OK
2026-05-11 19:23:22.255 DEBUG
                [http-nio-8085-exec-5] [427cffdf-b011-4a46-865b-955af6c3b1ac]
                o.s.web.servlet.DispatcherServlet - GET "/MAHASBR/citizenSearch/visitor/summary", parameters={}
2026-05-11 19:23:22.255 DEBUG
                [http-nio-8085-exec-5] [427cffdf-b011-4a46-865b-955af6c3b1ac]
                o.s.w.s.m.m.a.RequestMappingHandlerMapping - Mapped to com.mahasbr.controller.VisitorController#getVisitSummary()
2026-05-11 19:23:22.265 DEBUG
                [http-nio-8085-exec-5] [427cffdf-b011-4a46-865b-955af6c3b1ac]
                o.s.w.s.m.m.a.RequestResponseBodyMethodProcessor - Using 'application/json', given [application/json, text/plain, */*] and supported [application/json, application/*+json]
2026-05-11 19:23:22.266 DEBUG
                [http-nio-8085-exec-5] [427cffdf-b011-4a46-865b-955af6c3b1ac]
                o.s.w.s.m.m.a.RequestResponseBodyMethodProcessor - Writing [{todayVisits=7, totalVisits=148}]
2026-05-11 19:23:22.267 DEBUG
                [http-nio-8085-exec-5] [427cffdf-b011-4a46-865b-955af6c3b1ac]
                o.s.web.servlet.DispatcherServlet - Completed 200 OK
2026-05-11 19:23:22.971 DEBUG
                [http-nio-8085-exec-2] [6dd620a4-6af1-474f-8368-68e9ab5b85e9]
                o.s.web.servlet.DispatcherServlet - GET "/MAHASBR/citizenSearch/menus/my", parameters={}
2026-05-11 19:23:22.972 DEBUG
                [http-nio-8085-exec-2] [6dd620a4-6af1-474f-8368-68e9ab5b85e9]
                o.s.w.s.m.m.a.RequestMappingHandlerMapping - Mapped to com.mahasbr.controller.MenuController#getMyMenus(Authentication)
2026-05-11 19:23:22.977 DEBUG
                [http-nio-8085-exec-12] [64af3fed-df08-47a8-be96-0db4a3fee987]
                o.s.web.servlet.DispatcherServlet - GET "/MAHASBR/api/auth/registoryData?page=0&size=12&sortBy=siNo", parameters={masked}
2026-05-11 19:23:22.977 DEBUG
                [http-nio-8085-exec-6] [5f0a7d89-a0e1-423f-92a1-3e76a2f28e4e]
                o.s.web.servlet.DispatcherServlet - GET "/MAHASBR/api/auth/districts", parameters={}
2026-05-11 19:23:22.977 DEBUG
                [http-nio-8085-exec-12] [64af3fed-df08-47a8-be96-0db4a3fee987]
                o.s.w.s.m.m.a.RequestMappingHandlerMapping - Mapped to com.mahasbr.controller.PostLoginDashboardController#getMasterRegistoryDetails(Long, int)
2026-05-11 19:23:22.977 DEBUG
                [http-nio-8085-exec-6] [5f0a7d89-a0e1-423f-92a1-3e76a2f28e4e]
                o.s.w.s.m.m.a.RequestMappingHandlerMapping - Mapped to com.mahasbr.controller.PostLoginDashboardController#getAll()
2026-05-11 19:23:22.987 DEBUG
                [http-nio-8085-exec-2] [6dd620a4-6af1-474f-8368-68e9ab5b85e9]
                o.s.w.s.m.m.a.HttpEntityMethodProcessor - Using 'application/json', given [application/json, text/plain, */*] and supported [application/json, application/*+json]
2026-05-11 19:23:22.988 DEBUG
                [http-nio-8085-exec-2] [6dd620a4-6af1-474f-8368-68e9ab5b85e9]
                o.s.w.s.m.m.a.HttpEntityMethodProcessor - Writing [ApiResponse(success=true, message=Menus loaded successfully, data=[MenuDTO(id=18, nameEn=Dashboard,  (truncated)...]
2026-05-11 19:23:22.988 DEBUG
                [http-nio-8085-exec-2] [6dd620a4-6af1-474f-8368-68e9ab5b85e9]
                o.s.web.servlet.DispatcherServlet - Completed 200 OK
2026-05-11 19:23:22.992 DEBUG
                [http-nio-8085-exec-12] [64af3fed-df08-47a8-be96-0db4a3fee987]
                o.s.w.s.m.m.a.ExceptionHandlerExceptionResolver - Using @ExceptionHandler com.mahasbr.config.ExceptionHandlerController#handleGlobalException(Exception, WebRequest)
2026-05-11 19:23:22.993 DEBUG
                [http-nio-8085-exec-12] [64af3fed-df08-47a8-be96-0db4a3fee987]
                o.s.w.s.m.m.a.HttpEntityMethodProcessor - Using 'application/json', given [application/json, text/plain, */*] and supported [text/plain, */*, application/json, application/*+json]
2026-05-11 19:23:22.994 DEBUG
                [http-nio-8085-exec-12] [64af3fed-df08-47a8-be96-0db4a3fee987]
                o.s.w.s.m.m.a.HttpEntityMethodProcessor - Writing ["Internal Server Error"]
2026-05-11 19:23:22.994 WARN 
                [http-nio-8085-exec-12] [64af3fed-df08-47a8-be96-0db4a3fee987]
                o.s.w.s.m.m.a.ExceptionHandlerExceptionResolver - Resolved [org.springframework.data.redis.RedisConnectionFailureException: Unable to connect to Redis]
2026-05-11 19:23:22.996 DEBUG
                [http-nio-8085-exec-12] [64af3fed-df08-47a8-be96-0db4a3fee987]
                o.s.web.servlet.DispatcherServlet - Completed 500 INTERNAL_SERVER_ERROR
2026-05-11 19:23:23.010 DEBUG
                [http-nio-8085-exec-6] [5f0a7d89-a0e1-423f-92a1-3e76a2f28e4e]
                o.s.w.s.m.m.a.HttpEntityMethodProcessor - Using 'application/json', given [application/json, text/plain, */*] and supported [application/json, application/*+json]
2026-05-11 19:23:23.011 DEBUG
                [http-nio-8085-exec-6] [5f0a7d89-a0e1-423f-92a1-3e76a2f28e4e]
                o.s.w.s.m.m.a.HttpEntityMethodProcessor - Writing [[DistrictMaster(districtId=373, censusDistrictCode=919, districtName=Palghar, censusStateCode=27, di (truncated)...]
2026-05-11 19:23:23.013 DEBUG
                [http-nio-8085-exec-6] [5f0a7d89-a0e1-423f-92a1-3e76a2f28e4e]
                o.s.web.servlet.DispatcherServlet - Completed 200 OK
2026-05-11 19:23:29.096 DEBUG
                [http-nio-8085-exec-3] [d615e4f8-717e-4c2d-bb29-868e9adc843f]
                o.s.web.servlet.DispatcherServlet - GET "/MAHASBR/api/auth/registoryData?page=0&size=12&sortBy=siNo", parameters={masked}
2026-05-11 19:23:29.096 DEBUG
                [http-nio-8085-exec-3] [d615e4f8-717e-4c2d-bb29-868e9adc843f]
                o.s.w.s.m.m.a.RequestMappingHandlerMapping - Mapped to com.mahasbr.controller.PostLoginDashboardController#getMasterRegistoryDetails(Long, int)
2026-05-11 19:23:29.422 DEBUG
                [http-nio-8085-exec-3] [d615e4f8-717e-4c2d-bb29-868e9adc843f]
                o.s.w.s.m.m.a.ExceptionHandlerExceptionResolver - Using @ExceptionHandler com.mahasbr.config.ExceptionHandlerController#handleGlobalException(Exception, WebRequest)
2026-05-11 19:23:29.422 DEBUG
                [http-nio-8085-exec-3] [d615e4f8-717e-4c2d-bb29-868e9adc843f]
                o.s.w.s.m.m.a.HttpEntityMethodProcessor - Using 'application/json', given [application/json, text/plain, */*] and supported [text/plain, */*, application/json, application/*+json]
2026-05-11 19:23:29.423 DEBUG
                [http-nio-8085-exec-3] [d615e4f8-717e-4c2d-bb29-868e9adc843f]
                o.s.w.s.m.m.a.HttpEntityMethodProcessor - Writing ["Internal Server Error"]
2026-05-11 19:23:29.424 WARN 
                [http-nio-8085-exec-3] [d615e4f8-717e-4c2d-bb29-868e9adc843f]
                o.s.w.s.m.m.a.ExceptionHandlerExceptionResolver - Resolved [org.springframework.data.redis.RedisConnectionFailureException: Unable to connect to Redis]
2026-05-11 19:23:29.430 DEBUG
                [http-nio-8085-exec-3] [d615e4f8-717e-4c2d-bb29-868e9adc843f]
                o.s.web.servlet.DispatcherServlet - Completed 500 INTERNAL_SERVER_ERROR
2026-05-11 19:23:29.452 DEBUG
                [http-nio-8085-exec-4] [09e73549-9506-4912-b4b3-645d16b81ec5]
                o.s.web.servlet.DispatcherServlet - GET "/MAHASBR/api/auth/districts", parameters={}
2026-05-11 19:23:29.452 DEBUG
                [http-nio-8085-exec-4] [09e73549-9506-4912-b4b3-645d16b81ec5]
                o.s.w.s.m.m.a.RequestMappingHandlerMapping - Mapped to com.mahasbr.controller.PostLoginDashboardController#getAll()
2026-05-11 19:23:29.478 DEBUG
                [http-nio-8085-exec-4] [09e73549-9506-4912-b4b3-645d16b81ec5]
                o.s.w.s.m.m.a.HttpEntityMethodProcessor - Using 'application/json', given [application/json, text/plain, */*] and supported [application/json, application/*+json]
2026-05-11 19:23:29.479 DEBUG
                [http-nio-8085-exec-4] [09e73549-9506-4912-b4b3-645d16b81ec5]
                o.s.w.s.m.m.a.HttpEntityMethodProcessor - Writing [[DistrictMaster(districtId=373, censusDistrictCode=919, districtName=Palghar, censusStateCode=27, di (truncated)...]
2026-05-11 19:23:29.480 DEBUG
                [http-nio-8085-exec-4] [09e73549-9506-4912-b4b3-645d16b81ec5]
                o.s.web.servlet.DispatcherServlet - Completed 200 OK
2026-05-11 19:23:31.081 DEBUG
                [http-nio-8085-exec-10] [cf2067ad-6318-4ed6-b0d2-582cf62fc5e1]
                o.s.web.servlet.DispatcherServlet - GET "/MAHASBR/api/auth/registoryDuplicateData?page=0&size=10&sortBy=siNo", parameters={masked}
2026-05-11 19:23:31.082 DEBUG
                [http-nio-8085-exec-10] [cf2067ad-6318-4ed6-b0d2-582cf62fc5e1]
                o.s.w.s.m.m.a.RequestMappingHandlerMapping - Mapped to com.mahasbr.controller.PostLoginDashboardController#getDuplicateRegistryDetails(int, int, String)
2026-05-11 19:23:31.311 DEBUG
                [http-nio-8085-exec-10] [cf2067ad-6318-4ed6-b0d2-582cf62fc5e1]
                o.s.w.s.m.m.a.HttpEntityMethodProcessor - Using 'application/json', given [application/json, text/plain, */*] and supported [application/json, application/*+json]
2026-05-11 19:23:31.312 DEBUG
                [http-nio-8085-exec-10] [cf2067ad-6318-4ed6-b0d2-582cf62fc5e1]
                o.s.w.s.m.m.a.HttpEntityMethodProcessor - Writing [Page 1 of 0 containing UNKNOWN instances]
2026-05-11 19:23:31.317 DEBUG
                [http-nio-8085-exec-10] [cf2067ad-6318-4ed6-b0d2-582cf62fc5e1]
                o.s.web.servlet.DispatcherServlet - Completed 200 OK
2026-05-11 19:23:33.684 DEBUG
                [http-nio-8085-exec-5] [54ec8666-5b4c-4c29-b27d-6b8b4115af9b]
                o.s.web.servlet.DispatcherServlet - GET "/MAHASBR/api/auth/registoryDuplicateData?page=0&size=10&sortBy=siNo", parameters={masked}
2026-05-11 19:23:33.685 DEBUG
                [http-nio-8085-exec-5] [54ec8666-5b4c-4c29-b27d-6b8b4115af9b]
                o.s.w.s.m.m.a.RequestMappingHandlerMapping - Mapped to com.mahasbr.controller.PostLoginDashboardController#getDuplicateRegistryDetails(int, int, String)
2026-05-11 19:23:33.695 DEBUG
                [http-nio-8085-exec-5] [54ec8666-5b4c-4c29-b27d-6b8b4115af9b]
                o.s.w.s.m.m.a.HttpEntityMethodProcessor - Using 'application/json', given [application/json, text/plain, */*] and supported [application/json, application/*+json]
2026-05-11 19:23:33.695 DEBUG
                [http-nio-8085-exec-5] [54ec8666-5b4c-4c29-b27d-6b8b4115af9b]
                o.s.w.s.m.m.a.HttpEntityMethodProcessor - Writing [Page 1 of 0 containing UNKNOWN instances]
2026-05-11 19:23:33.697 DEBUG
                [http-nio-8085-exec-5] [54ec8666-5b4c-4c29-b27d-6b8b4115af9b]
                o.s.web.servlet.DispatcherServlet - Completed 200 OK
2026-05-11 19:23:34.403 DEBUG
                [http-nio-8085-exec-12] [4af41f6a-e833-481b-b0c9-1e57835f20b8]
                o.s.web.servlet.DispatcherServlet - GET "/MAHASBR/api/auth/registoryConcernData?page=0&size=10&sortBy=siNo", parameters={masked}
2026-05-11 19:23:34.403 DEBUG
                [http-nio-8085-exec-12] [4af41f6a-e833-481b-b0c9-1e57835f20b8]
                o.s.w.s.m.m.a.RequestMappingHandlerMapping - Mapped to com.mahasbr.controller.PostLoginDashboardController#getConcernRegistryDetails(int, int, String)
2026-05-11 19:23:34.415 DEBUG
                [http-nio-8085-exec-12] [4af41f6a-e833-481b-b0c9-1e57835f20b8]
                o.s.w.s.m.m.a.HttpEntityMethodProcessor - Using 'application/json', given [application/json, text/plain, */*] and supported [application/json, application/*+json]
2026-05-11 19:23:34.416 DEBUG
                [http-nio-8085-exec-12] [4af41f6a-e833-481b-b0c9-1e57835f20b8]
                o.s.w.s.m.m.a.HttpEntityMethodProcessor - Writing [Page 1 of 0 containing UNKNOWN instances]
2026-05-11 19:23:34.417 DEBUG
                [http-nio-8085-exec-12] [4af41f6a-e833-481b-b0c9-1e57835f20b8]
                o.s.web.servlet.DispatcherServlet - Completed 200 OK
2026-05-11 19:23:35.218 DEBUG
                [http-nio-8085-exec-7] [6867cf3d-cf09-4bdd-a08a-ffe4e60776f7]
                o.s.web.servlet.DispatcherServlet - GET "/MAHASBR/api/auth/districts", parameters={}
2026-05-11 19:23:35.220 DEBUG
                [http-nio-8085-exec-7] [6867cf3d-cf09-4bdd-a08a-ffe4e60776f7]
                o.s.w.s.m.m.a.RequestMappingHandlerMapping - Mapped to com.mahasbr.controller.PostLoginDashboardController#getAll()
2026-05-11 19:23:35.220 DEBUG
                [http-nio-8085-exec-6] [82b29ac9-af04-4f1d-a753-f0ded6b8911a]
                o.s.web.servlet.DispatcherServlet - GET "/MAHASBR/api/auth/registoryData?page=0&size=12&sortBy=siNo", parameters={masked}
2026-05-11 19:23:35.221 DEBUG
                [http-nio-8085-exec-6] [82b29ac9-af04-4f1d-a753-f0ded6b8911a]
                o.s.w.s.m.m.a.RequestMappingHandlerMapping - Mapped to com.mahasbr.controller.PostLoginDashboardController#getMasterRegistoryDetails(Long, int)
2026-05-11 19:23:35.234 DEBUG
                [http-nio-8085-exec-6] [82b29ac9-af04-4f1d-a753-f0ded6b8911a]
                o.s.w.s.m.m.a.ExceptionHandlerExceptionResolver - Using @ExceptionHandler com.mahasbr.config.ExceptionHandlerController#handleGlobalException(Exception, WebRequest)
2026-05-11 19:23:35.234 DEBUG
                [http-nio-8085-exec-6] [82b29ac9-af04-4f1d-a753-f0ded6b8911a]
                o.s.w.s.m.m.a.HttpEntityMethodProcessor - Using 'application/json', given [application/json, text/plain, */*] and supported [text/plain, */*, application/json, application/*+json]
2026-05-11 19:23:35.235 DEBUG
                [http-nio-8085-exec-6] [82b29ac9-af04-4f1d-a753-f0ded6b8911a]
                o.s.w.s.m.m.a.HttpEntityMethodProcessor - Writing ["Internal Server Error"]
2026-05-11 19:23:35.235 WARN 
                [http-nio-8085-exec-6] [82b29ac9-af04-4f1d-a753-f0ded6b8911a]
                o.s.w.s.m.m.a.ExceptionHandlerExceptionResolver - Resolved [org.springframework.data.redis.RedisConnectionFailureException: Unable to connect to Redis]
2026-05-11 19:23:35.236 DEBUG
                [http-nio-8085-exec-6] [82b29ac9-af04-4f1d-a753-f0ded6b8911a]
                o.s.web.servlet.DispatcherServlet - Completed 500 INTERNAL_SERVER_ERROR
2026-05-11 19:23:35.249 DEBUG
                [http-nio-8085-exec-7] [6867cf3d-cf09-4bdd-a08a-ffe4e60776f7]
                o.s.w.s.m.m.a.HttpEntityMethodProcessor - Using 'application/json', given [application/json, text/plain, */*] and supported [application/json, application/*+json]
2026-05-11 19:23:35.249 DEBUG
                [http-nio-8085-exec-7] [6867cf3d-cf09-4bdd-a08a-ffe4e60776f7]
                o.s.w.s.m.m.a.HttpEntityMethodProcessor - Writing [[DistrictMaster(districtId=373, censusDistrictCode=919, districtName=Palghar, censusStateCode=27, di (truncated)...]
2026-05-11 19:23:35.251 DEBUG
                [http-nio-8085-exec-7] [6867cf3d-cf09-4bdd-a08a-ffe4e60776f7]
                o.s.web.servlet.DispatcherServlet - Completed 200 OK
2026-05-11 19:23:35.877 DEBUG
                [http-nio-8085-exec-8] [706cf18b-4b55-4372-88f4-edea9c281bad]
                o.s.web.servlet.DispatcherServlet - GET "/MAHASBR/api/auth/registoryConcernData?page=0&size=10&sortBy=siNo", parameters={masked}
2026-05-11 19:23:35.878 DEBUG
                [http-nio-8085-exec-8] [706cf18b-4b55-4372-88f4-edea9c281bad]
                o.s.w.s.m.m.a.RequestMappingHandlerMapping - Mapped to com.mahasbr.controller.PostLoginDashboardController#getConcernRegistryDetails(int, int, String)
2026-05-11 19:23:35.890 DEBUG
                [http-nio-8085-exec-8] [706cf18b-4b55-4372-88f4-edea9c281bad]
                o.s.w.s.m.m.a.HttpEntityMethodProcessor - Using 'application/json', given [application/json, text/plain, */*] and supported [application/json, application/*+json]
2026-05-11 19:23:35.891 DEBUG
                [http-nio-8085-exec-8] [706cf18b-4b55-4372-88f4-edea9c281bad]
                o.s.w.s.m.m.a.HttpEntityMethodProcessor - Writing [Page 1 of 0 containing UNKNOWN instances]
2026-05-11 19:23:35.892 DEBUG
                [http-nio-8085-exec-8] [706cf18b-4b55-4372-88f4-edea9c281bad]
                o.s.web.servlet.DispatcherServlet - Completed 200 OK
2026-05-11 19:23:36.571 DEBUG
                [http-nio-8085-exec-3] [b7eae5a2-7ba0-442d-b4b0-f696fda9278f]
                o.s.web.servlet.DispatcherServlet - GET "/MAHASBR/api/auth/registoryDuplicateData?page=0&size=10&sortBy=siNo", parameters={masked}
2026-05-11 19:23:36.572 DEBUG
                [http-nio-8085-exec-3] [b7eae5a2-7ba0-442d-b4b0-f696fda9278f]
                o.s.w.s.m.m.a.RequestMappingHandlerMapping - Mapped to com.mahasbr.controller.PostLoginDashboardController#getDuplicateRegistryDetails(int, int, String)
2026-05-11 19:23:36.584 DEBUG
                [http-nio-8085-exec-3] [b7eae5a2-7ba0-442d-b4b0-f696fda9278f]
                o.s.w.s.m.m.a.HttpEntityMethodProcessor - Using 'application/json', given [application/json, text/plain, */*] and supported [application/json, application/*+json]
2026-05-11 19:23:36.585 DEBUG
                [http-nio-8085-exec-3] [b7eae5a2-7ba0-442d-b4b0-f696fda9278f]
                o.s.w.s.m.m.a.HttpEntityMethodProcessor - Writing [Page 1 of 0 containing UNKNOWN instances]
2026-05-11 19:23:36.586 DEBUG
                [http-nio-8085-exec-3] [b7eae5a2-7ba0-442d-b4b0-f696fda9278f]
                o.s.web.servlet.DispatcherServlet - Completed 200 OK
2026-05-11 19:23:38.430 DEBUG
                [http-nio-8085-exec-4] [9b4ed309-da5d-48f6-b59e-48c43350e98e]
                o.s.web.servlet.DispatcherServlet - GET "/MAHASBR/api/auth/registoryDuplicateData?page=0&size=10&sortBy=siNo", parameters={masked}
2026-05-11 19:23:38.431 DEBUG
                [http-nio-8085-exec-4] [9b4ed309-da5d-48f6-b59e-48c43350e98e]
                o.s.w.s.m.m.a.RequestMappingHandlerMapping - Mapped to com.mahasbr.controller.PostLoginDashboardController#getDuplicateRegistryDetails(int, int, String)
2026-05-11 19:23:38.442 DEBUG
                [http-nio-8085-exec-4] [9b4ed309-da5d-48f6-b59e-48c43350e98e]
                o.s.w.s.m.m.a.HttpEntityMethodProcessor - Using 'application/json', given [application/json, text/plain, */*] and supported [application/json, application/*+json]
2026-05-11 19:23:38.443 DEBUG
                [http-nio-8085-exec-4] [9b4ed309-da5d-48f6-b59e-48c43350e98e]
                o.s.w.s.m.m.a.HttpEntityMethodProcessor - Writing [Page 1 of 0 containing UNKNOWN instances]
2026-05-11 19:23:38.444 DEBUG
                [http-nio-8085-exec-4] [9b4ed309-da5d-48f6-b59e-48c43350e98e]
                o.s.web.servlet.DispatcherServlet - Completed 200 OK
2026-05-11 19:23:39.068 DEBUG
                [http-nio-8085-exec-1] [60bfa7d2-15cc-4be8-8351-b3832b822d05]
                o.s.web.servlet.DispatcherServlet - GET "/MAHASBR/api/auth/registoryConcernData?page=0&size=10&sortBy=siNo", parameters={masked}
2026-05-11 19:23:39.068 DEBUG
                [http-nio-8085-exec-1] [60bfa7d2-15cc-4be8-8351-b3832b822d05]
                o.s.w.s.m.m.a.RequestMappingHandlerMapping - Mapped to com.mahasbr.controller.PostLoginDashboardController#getConcernRegistryDetails(int, int, String)
2026-05-11 19:23:39.078 DEBUG
                [http-nio-8085-exec-1] [60bfa7d2-15cc-4be8-8351-b3832b822d05]
                o.s.w.s.m.m.a.HttpEntityMethodProcessor - Using 'application/json', given [application/json, text/plain, */*] and supported [application/json, application/*+json]
2026-05-11 19:23:39.079 DEBUG
                [http-nio-8085-exec-1] [60bfa7d2-15cc-4be8-8351-b3832b822d05]
                o.s.w.s.m.m.a.HttpEntityMethodProcessor - Writing [Page 1 of 0 containing UNKNOWN instances]
2026-05-11 19:23:39.080 DEBUG
                [http-nio-8085-exec-1] [60bfa7d2-15cc-4be8-8351-b3832b822d05]
                o.s.web.servlet.DispatcherServlet - Completed 200 OK
2026-05-11 19:23:39.746 DEBUG
                [http-nio-8085-exec-5] [c91e585d-9dfc-4549-afe2-43eaa16d30ec]
                o.s.web.servlet.DispatcherServlet - GET "/MAHASBR/api/auth/districts", parameters={}
2026-05-11 19:23:39.746 DEBUG
                [http-nio-8085-exec-5] [c91e585d-9dfc-4549-afe2-43eaa16d30ec]
                o.s.w.s.m.m.a.RequestMappingHandlerMapping - Mapped to com.mahasbr.controller.PostLoginDashboardController#getAll()
2026-05-11 19:23:39.747 DEBUG
                [http-nio-8085-exec-10] [94a9cb88-624b-4b1b-88e5-fd83f4f1a953]
                o.s.web.servlet.DispatcherServlet - GET "/MAHASBR/api/auth/registoryData?page=0&size=12&sortBy=siNo", parameters={masked}
2026-05-11 19:23:39.747 DEBUG
                [http-nio-8085-exec-10] [94a9cb88-624b-4b1b-88e5-fd83f4f1a953]
                o.s.w.s.m.m.a.RequestMappingHandlerMapping - Mapped to com.mahasbr.controller.PostLoginDashboardController#getMasterRegistoryDetails(Long, int)
2026-05-11 19:23:39.760 DEBUG
                [http-nio-8085-exec-10] [94a9cb88-624b-4b1b-88e5-fd83f4f1a953]
                o.s.w.s.m.m.a.ExceptionHandlerExceptionResolver - Using @ExceptionHandler com.mahasbr.config.ExceptionHandlerController#handleGlobalException(Exception, WebRequest)
2026-05-11 19:23:39.761 DEBUG
                [http-nio-8085-exec-10] [94a9cb88-624b-4b1b-88e5-fd83f4f1a953]
                o.s.w.s.m.m.a.HttpEntityMethodProcessor - Using 'application/json', given [application/json, text/plain, */*] and supported [text/plain, */*, application/json, application/*+json]
2026-05-11 19:23:39.762 DEBUG
                [http-nio-8085-exec-10] [94a9cb88-624b-4b1b-88e5-fd83f4f1a953]
                o.s.w.s.m.m.a.HttpEntityMethodProcessor - Writing ["Internal Server Error"]
2026-05-11 19:23:39.762 WARN 
                [http-nio-8085-exec-10] [94a9cb88-624b-4b1b-88e5-fd83f4f1a953]
                o.s.w.s.m.m.a.ExceptionHandlerExceptionResolver - Resolved [org.springframework.data.redis.RedisConnectionFailureException: Unable to connect to Redis]
2026-05-11 19:23:39.763 DEBUG
                [http-nio-8085-exec-10] [94a9cb88-624b-4b1b-88e5-fd83f4f1a953]
                o.s.web.servlet.DispatcherServlet - Completed 500 INTERNAL_SERVER_ERROR
2026-05-11 19:23:39.770 DEBUG
                [http-nio-8085-exec-5] [c91e585d-9dfc-4549-afe2-43eaa16d30ec]
                o.s.w.s.m.m.a.HttpEntityMethodProcessor - Using 'application/json', given [application/json, text/plain, */*] and supported [application/json, application/*+json]
2026-05-11 19:23:39.770 DEBUG
                [http-nio-8085-exec-5] [c91e585d-9dfc-4549-afe2-43eaa16d30ec]
                o.s.w.s.m.m.a.HttpEntityMethodProcessor - Writing [[DistrictMaster(districtId=373, censusDistrictCode=919, districtName=Palghar, censusStateCode=27, di (truncated)...]
2026-05-11 19:23:39.771 DEBUG
                [http-nio-8085-exec-5] [c91e585d-9dfc-4549-afe2-43eaa16d30ec]
                o.s.web.servlet.DispatcherServlet - Completed 200 OK
2026-05-11 19:25:28.233 WARN 
                [Thread-9] []
                org.apache.tomcat.util.net.Acceptor - The acceptor thread [http-nio-8085-Acceptor] did not stop cleanly
2026-05-11 19:25:28.496 DEBUG
                [Thread-9] []
                o.s.d.r.l.RedisMessageListenerContainer - Stopped RedisMessageListenerContainer
2026-05-11 19:25:28.630 INFO 
                [Thread-9] []
                com.zaxxer.hikari.HikariDataSource - HikariPool-1 - Shutdown initiated...
2026-05-11 19:25:28.678 INFO 
                [Thread-9] []
                com.zaxxer.hikari.HikariDataSource - HikariPool-1 - Shutdown completed.
2026-05-11 19:25:30.434 INFO 
                [restartedMain] []
                c.m.SbrBackEndProjectApplication - Starting SbrBackEndProjectApplication using Java 17.0.12 with PID 38524 (E:\SBR_Workspace\MAHASBR\target\classes started by Jitendra.Ghasle in E:\SBR_Workspace\MAHASBR)
2026-05-11 19:25:30.436 INFO 
                [restartedMain] []
                c.m.SbrBackEndProjectApplication - The following 1 profile is active: "prod"
2026-05-11 19:26:07.464 INFO 
                [restartedMain] []
                com.zaxxer.hikari.HikariDataSource - HikariPool-2 - Starting...
2026-05-11 19:26:07.584 INFO 
                [restartedMain] []
                com.zaxxer.hikari.pool.HikariPool - HikariPool-2 - Added connection oracle.jdbc.driver.T4CConnection@324e4095
2026-05-11 19:26:07.585 INFO 
                [restartedMain] []
                com.zaxxer.hikari.HikariDataSource - HikariPool-2 - Start completed.
2026-05-11 19:26:09.252 DEBUG
                [restartedMain] []
                o.s.b.w.s.ServletContextInitializerBeans - Mapping filters: springSecurityFilterChain urls=[/*] order=-100, XssFilter urls=[/*] order=1, characterEncodingFilter urls=[/*] order=-2147483648, formContentFilter urls=[/*] order=-9900, requestContextFilter urls=[/*] order=-105, authenticationJwtTokenFilter urls=[/*] order=2147483647, xssFilter urls=[/*] order=2147483647, correlationIdFilter urls=[/*] order=2147483647
2026-05-11 19:26:09.253 DEBUG
                [restartedMain] []
                o.s.b.w.s.ServletContextInitializerBeans - Mapping servlets: dispatcherServlet urls=[/]
2026-05-11 19:26:10.375 WARN 
                [restartedMain] []
                o.s.b.a.o.j.JpaBaseConfiguration$JpaWebConfiguration - spring.jpa.open-in-view is enabled by default. Therefore, database queries may be performed during view rendering. Explicitly configure spring.jpa.open-in-view to disable this warning
2026-05-11 19:26:10.421 DEBUG
                [restartedMain] []
                o.s.w.s.m.m.a.RequestMappingHandlerMapping - 156 mappings in 'requestMappingHandlerMapping'
2026-05-11 19:26:10.469 INFO 
                [restartedMain] []
                c.mahasbr.security.WebSecurityConfig - Configuring HTTP Security...
2026-05-11 19:26:12.282 DEBUG
                [restartedMain] []
                o.s.w.s.h.SimpleUrlHandlerMapping - Patterns [/webjars/**, /**, /swagger-ui*/*swagger-initializer.js, /swagger-ui*/**] in 'resourceHandlerMapping'
2026-05-11 19:26:12.411 DEBUG
                [restartedMain] []
                o.s.w.s.m.m.a.RequestMappingHandlerAdapter - ControllerAdvice beans: 0 @ModelAttribute, 0 @InitBinder, 1 RequestBodyAdvice, 1 ResponseBodyAdvice
2026-05-11 19:26:12.423 DEBUG
                [restartedMain] []
                o.s.w.s.m.m.a.ExceptionHandlerExceptionResolver - ControllerAdvice beans: 3 @ExceptionHandler, 1 ResponseBodyAdvice
2026-05-11 19:26:12.499 DEBUG
                [restartedMain] []
                o.s.d.r.l.RedisMessageListenerContainer - Starting RedisMessageListenerContainer...
2026-05-11 19:26:12.499 DEBUG
                [restartedMain] []
                o.s.d.r.l.RedisMessageListenerContainer - Postpone listening for Redis messages until actual listeners are added
2026-05-11 19:26:13.726 INFO 
                [restartedMain] []
                c.m.SbrBackEndProjectApplication - Started SbrBackEndProjectApplication in 43.798 seconds (process running for 1017.634)
2026-05-11 19:28:10.811 DEBUG
                [Thread-107] []
                o.s.d.r.l.RedisMessageListenerContainer - Stopped RedisMessageListenerContainer
2026-05-11 19:28:10.818 INFO 
                [Thread-107] []
                com.zaxxer.hikari.HikariDataSource - HikariPool-2 - Shutdown initiated...
2026-05-11 19:28:10.872 INFO 
                [Thread-107] []
                com.zaxxer.hikari.HikariDataSource - HikariPool-2 - Shutdown completed.
2026-05-11 19:28:11.708 INFO 
                [restartedMain] []
                c.m.SbrBackEndProjectApplication - Starting SbrBackEndProjectApplication using Java 17.0.12 with PID 38524 (E:\SBR_Workspace\MAHASBR\target\classes started by Jitendra.Ghasle in E:\SBR_Workspace\MAHASBR)
2026-05-11 19:28:11.708 INFO 
                [restartedMain] []
                c.m.SbrBackEndProjectApplication - The following 1 profile is active: "prod"
2026-05-11 19:28:12.181 WARN 
                [restartedMain] []
                o.s.b.w.s.c.AnnotationConfigServletWebServerApplicationContext - Exception encountered during context initialization - cancelling refresh attempt: java.lang.IllegalStateException: Error processing condition on org.springframework.boot.autoconfigure.context.PropertyPlaceholderAutoConfiguration.propertySourcesPlaceholderConfigurer
2026-05-11 19:28:13.575 ERROR
                [restartedMain] []
                o.s.boot.SpringApplication - Application run failed
java.lang.IllegalStateException: Error processing condition on org.springframework.boot.autoconfigure.context.PropertyPlaceholderAutoConfiguration.propertySourcesPlaceholderConfigurer
	at org.springframework.boot.autoconfigure.condition.SpringBootCondition.matches(SpringBootCondition.java:60)
	at org.springframework.context.annotation.ConditionEvaluator.shouldSkip(ConditionEvaluator.java:108)
	at org.springframework.context.annotation.ConfigurationClassBeanDefinitionReader.loadBeanDefinitionsForBeanMethod(ConfigurationClassBeanDefinitionReader.java:183)
	at org.springframework.context.annotation.ConfigurationClassBeanDefinitionReader.loadBeanDefinitionsForConfigurationClass(ConfigurationClassBeanDefinitionReader.java:144)
	at org.springframework.context.annotation.ConfigurationClassBeanDefinitionReader.loadBeanDefinitions(ConfigurationClassBeanDefinitionReader.java:120)
	at org.springframework.context.annotation.ConfigurationClassPostProcessor.processConfigBeanDefinitions(ConfigurationClassPostProcessor.java:429)
	at org.springframework.context.annotation.ConfigurationClassPostProcessor.postProcessBeanDefinitionRegistry(ConfigurationClassPostProcessor.java:290)
	at org.springframework.context.support.PostProcessorRegistrationDelegate.invokeBeanDefinitionRegistryPostProcessors(PostProcessorRegistrationDelegate.java:349)
	at org.springframework.context.support.PostProcessorRegistrationDelegate.invokeBeanFactoryPostProcessors(PostProcessorRegistrationDelegate.java:118)
	at org.springframework.context.support.AbstractApplicationContext.invokeBeanFactoryPostProcessors(AbstractApplicationContext.java:789)
	at org.springframework.context.support.AbstractApplicationContext.refresh(AbstractApplicationContext.java:607)
	at org.springframework.boot.web.servlet.context.ServletWebServerApplicationContext.refresh(ServletWebServerApplicationContext.java:146)
	at org.springframework.boot.SpringApplication.refresh(SpringApplication.java:754)
	at org.springframework.boot.SpringApplication.refreshContext(SpringApplication.java:456)
	at org.springframework.boot.SpringApplication.run(SpringApplication.java:335)
	at org.springframework.boot.SpringApplication.run(SpringApplication.java:1363)
	at org.springframework.boot.SpringApplication.run(SpringApplication.java:1352)
	at com.mahasbr.SbrBackEndProjectApplication.main(SbrBackEndProjectApplication.java:34)
	at java.base/jdk.internal.reflect.NativeMethodAccessorImpl.invoke0(Native Method)
	at java.base/jdk.internal.reflect.NativeMethodAccessorImpl.invoke(NativeMethodAccessorImpl.java:77)
	at java.base/jdk.internal.reflect.DelegatingMethodAccessorImpl.invoke(DelegatingMethodAccessorImpl.java:43)
	at java.base/java.lang.reflect.Method.invoke(Method.java:568)
	at org.springframework.boot.devtools.restart.RestartLauncher.run(RestartLauncher.java:50)
Caused by: java.lang.IllegalStateException: Failed to introspect Class [com.mahasbr.security.WebSecurityConfig] from ClassLoader [org.springframework.boot.devtools.restart.classloader.RestartClassLoader@d38a58f]
	at org.springframework.util.ReflectionUtils.getDeclaredMethods(ReflectionUtils.java:483)
	at org.springframework.util.ReflectionUtils.doWithMethods(ReflectionUtils.java:360)
	at org.springframework.util.ReflectionUtils.getUniqueDeclaredMethods(ReflectionUtils.java:417)
	at org.springframework.beans.factory.support.AbstractAutowireCapableBeanFactory.lambda$getTypeForFactoryMethod$1(AbstractAutowireCapableBeanFactory.java:750)
	at java.base/java.util.concurrent.ConcurrentHashMap.computeIfAbsent(ConcurrentHashMap.java:1708)
	at org.springframework.beans.factory.support.AbstractAutowireCapableBeanFactory.getTypeForFactoryMethod(AbstractAutowireCapableBeanFactory.java:749)
	at org.springframework.beans.factory.support.AbstractAutowireCapableBeanFactory.determineTargetType(AbstractAutowireCapableBeanFactory.java:682)
	at org.springframework.beans.factory.support.AbstractAutowireCapableBeanFactory.predictBeanType(AbstractAutowireCapableBeanFactory.java:653)
	at org.springframework.beans.factory.support.AbstractBeanFactory.isFactoryBean(AbstractBeanFactory.java:1687)
	at org.springframework.beans.factory.support.DefaultListableBeanFactory.doGetBeanNamesForType(DefaultListableBeanFactory.java:562)
	at org.springframework.beans.factory.support.DefaultListableBeanFactory.getBeanNamesForType(DefaultListableBeanFactory.java:534)
	at org.springframework.boot.autoconfigure.condition.OnBeanCondition.collectBeanNamesForType(OnBeanCondition.java:247)
	at org.springframework.boot.autoconfigure.condition.OnBeanCondition.getBeanNamesForType(OnBeanCondition.java:240)
	at org.springframework.boot.autoconfigure.condition.OnBeanCondition.getBeanNamesForType(OnBeanCondition.java:230)
	at org.springframework.boot.autoconfigure.condition.OnBeanCondition.getMatchingBeans(OnBeanCondition.java:183)
	at org.springframework.boot.autoconfigure.condition.OnBeanCondition.getMatchOutcome(OnBeanCondition.java:158)
	at org.springframework.boot.autoconfigure.condition.SpringBootCondition.matches(SpringBootCondition.java:47)
	... 22 common frames omitted
Caused by: java.lang.NoClassDefFoundError: com/mahasbr/filter/CorrelationIdFilter
	at java.base/java.lang.Class.getDeclaredMethods0(Native Method)
	at java.base/java.lang.Class.privateGetDeclaredMethods(Class.java:3402)
	at java.base/java.lang.Class.getDeclaredMethods(Class.java:2504)
	at org.springframework.util.ReflectionUtils.getDeclaredMethods(ReflectionUtils.java:465)
	... 38 common frames omitted
Caused by: java.lang.ClassNotFoundException: com.mahasbr.filter.CorrelationIdFilter
	at java.base/jdk.internal.loader.BuiltinClassLoader.loadClass(BuiltinClassLoader.java:641)
	at java.base/jdk.internal.loader.ClassLoaders$AppClassLoader.loadClass(ClassLoaders.java:188)
	at java.base/java.lang.ClassLoader.loadClass(ClassLoader.java:525)
	at java.base/java.lang.Class.forName0(Native Method)
	at java.base/java.lang.Class.forName(Class.java:467)
	at org.springframework.boot.devtools.restart.classloader.RestartClassLoader.loadClass(RestartClassLoader.java:121)
	at java.base/java.lang.ClassLoader.loadClass(ClassLoader.java:525)
	... 42 common frames omitted
2026-05-11 19:28:15.128 INFO 
                [restartedMain] []
                c.m.SbrBackEndProjectApplication - Starting SbrBackEndProjectApplication using Java 17.0.12 with PID 38524 (E:\SBR_Workspace\MAHASBR\target\classes started by Jitendra.Ghasle in E:\SBR_Workspace\MAHASBR)
2026-05-11 19:28:15.129 INFO 
                [restartedMain] []
                c.m.SbrBackEndProjectApplication - The following 1 profile is active: "prod"
2026-05-11 19:28:15.800 WARN 
                [restartedMain] []
                o.s.b.w.s.c.AnnotationConfigServletWebServerApplicationContext - Exception encountered during context initialization - cancelling refresh attempt: java.lang.IllegalStateException: Error processing condition on org.springframework.boot.autoconfigure.context.PropertyPlaceholderAutoConfiguration.propertySourcesPlaceholderConfigurer
2026-05-11 19:28:15.806 ERROR
                [restartedMain] []
                o.s.boot.SpringApplication - Application run failed
java.lang.IllegalStateException: Error processing condition on org.springframework.boot.autoconfigure.context.PropertyPlaceholderAutoConfiguration.propertySourcesPlaceholderConfigurer
	at org.springframework.boot.autoconfigure.condition.SpringBootCondition.matches(SpringBootCondition.java:60)
	at org.springframework.context.annotation.ConditionEvaluator.shouldSkip(ConditionEvaluator.java:108)
	at org.springframework.context.annotation.ConfigurationClassBeanDefinitionReader.loadBeanDefinitionsForBeanMethod(ConfigurationClassBeanDefinitionReader.java:183)
	at org.springframework.context.annotation.ConfigurationClassBeanDefinitionReader.loadBeanDefinitionsForConfigurationClass(ConfigurationClassBeanDefinitionReader.java:144)
	at org.springframework.context.annotation.ConfigurationClassBeanDefinitionReader.loadBeanDefinitions(ConfigurationClassBeanDefinitionReader.java:120)
	at org.springframework.context.annotation.ConfigurationClassPostProcessor.processConfigBeanDefinitions(ConfigurationClassPostProcessor.java:429)
	at org.springframework.context.annotation.ConfigurationClassPostProcessor.postProcessBeanDefinitionRegistry(ConfigurationClassPostProcessor.java:290)
	at org.springframework.context.support.PostProcessorRegistrationDelegate.invokeBeanDefinitionRegistryPostProcessors(PostProcessorRegistrationDelegate.java:349)
	at org.springframework.context.support.PostProcessorRegistrationDelegate.invokeBeanFactoryPostProcessors(PostProcessorRegistrationDelegate.java:118)
	at org.springframework.context.support.AbstractApplicationContext.invokeBeanFactoryPostProcessors(AbstractApplicationContext.java:789)
	at org.springframework.context.support.AbstractApplicationContext.refresh(AbstractApplicationContext.java:607)
	at org.springframework.boot.web.servlet.context.ServletWebServerApplicationContext.refresh(ServletWebServerApplicationContext.java:146)
	at org.springframework.boot.SpringApplication.refresh(SpringApplication.java:754)
	at org.springframework.boot.SpringApplication.refreshContext(SpringApplication.java:456)
	at org.springframework.boot.SpringApplication.run(SpringApplication.java:335)
	at org.springframework.boot.SpringApplication.run(SpringApplication.java:1363)
	at org.springframework.boot.SpringApplication.run(SpringApplication.java:1352)
	at com.mahasbr.SbrBackEndProjectApplication.main(SbrBackEndProjectApplication.java:34)
	at java.base/jdk.internal.reflect.NativeMethodAccessorImpl.invoke0(Native Method)
	at java.base/jdk.internal.reflect.NativeMethodAccessorImpl.invoke(NativeMethodAccessorImpl.java:77)
	at java.base/jdk.internal.reflect.DelegatingMethodAccessorImpl.invoke(DelegatingMethodAccessorImpl.java:43)
	at java.base/java.lang.reflect.Method.invoke(Method.java:568)
	at org.springframework.boot.devtools.restart.RestartLauncher.run(RestartLauncher.java:50)
Caused by: java.lang.IllegalStateException: Failed to introspect Class [com.mahasbr.security.WebSecurityConfig] from ClassLoader [org.springframework.boot.devtools.restart.classloader.RestartClassLoader@983d4b2]
	at org.springframework.util.ReflectionUtils.getDeclaredMethods(ReflectionUtils.java:483)
	at org.springframework.util.ReflectionUtils.doWithMethods(ReflectionUtils.java:360)
	at org.springframework.util.ReflectionUtils.getUniqueDeclaredMethods(ReflectionUtils.java:417)
	at org.springframework.beans.factory.support.AbstractAutowireCapableBeanFactory.lambda$getTypeForFactoryMethod$1(AbstractAutowireCapableBeanFactory.java:750)
	at java.base/java.util.concurrent.ConcurrentHashMap.computeIfAbsent(ConcurrentHashMap.java:1708)
	at org.springframework.beans.factory.support.AbstractAutowireCapableBeanFactory.getTypeForFactoryMethod(AbstractAutowireCapableBeanFactory.java:749)
	at org.springframework.beans.factory.support.AbstractAutowireCapableBeanFactory.determineTargetType(AbstractAutowireCapableBeanFactory.java:682)
	at org.springframework.beans.factory.support.AbstractAutowireCapableBeanFactory.predictBeanType(AbstractAutowireCapableBeanFactory.java:653)
	at org.springframework.beans.factory.support.AbstractBeanFactory.isFactoryBean(AbstractBeanFactory.java:1687)
	at org.springframework.beans.factory.support.DefaultListableBeanFactory.doGetBeanNamesForType(DefaultListableBeanFactory.java:562)
	at org.springframework.beans.factory.support.DefaultListableBeanFactory.getBeanNamesForType(DefaultListableBeanFactory.java:534)
	at org.springframework.boot.autoconfigure.condition.OnBeanCondition.collectBeanNamesForType(OnBeanCondition.java:247)
	at org.springframework.boot.autoconfigure.condition.OnBeanCondition.getBeanNamesForType(OnBeanCondition.java:240)
	at org.springframework.boot.autoconfigure.condition.OnBeanCondition.getBeanNamesForType(OnBeanCondition.java:230)
	at org.springframework.boot.autoconfigure.condition.OnBeanCondition.getMatchingBeans(OnBeanCondition.java:183)
	at org.springframework.boot.autoconfigure.condition.OnBeanCondition.getMatchOutcome(OnBeanCondition.java:158)
	at org.springframework.boot.autoconfigure.condition.SpringBootCondition.matches(SpringBootCondition.java:47)
	... 22 common frames omitted
Caused by: java.lang.NoClassDefFoundError: CorrelationIdFilter
	at java.base/java.lang.Class.getDeclaredMethods0(Native Method)
	at java.base/java.lang.Class.privateGetDeclaredMethods(Class.java:3402)
	at java.base/java.lang.Class.getDeclaredMethods(Class.java:2504)
	at org.springframework.util.ReflectionUtils.getDeclaredMethods(ReflectionUtils.java:465)
	... 38 common frames omitted
Caused by: java.lang.ClassNotFoundException: CorrelationIdFilter
	at java.base/jdk.internal.loader.BuiltinClassLoader.loadClass(BuiltinClassLoader.java:641)
	at java.base/jdk.internal.loader.ClassLoaders$AppClassLoader.loadClass(ClassLoaders.java:188)
	at java.base/java.lang.ClassLoader.loadClass(ClassLoader.java:525)
	at java.base/java.lang.Class.forName0(Native Method)
	at java.base/java.lang.Class.forName(Class.java:467)
	at org.springframework.boot.devtools.restart.classloader.RestartClassLoader.loadClass(RestartClassLoader.java:121)
	at java.base/java.lang.ClassLoader.loadClass(ClassLoader.java:525)
	... 42 common frames omitted
2026-05-11 19:29:03.987 INFO 
                [restartedMain] []
                c.m.SbrBackEndProjectApplication - Starting SbrBackEndProjectApplication using Java 17.0.12 with PID 38524 (E:\SBR_Workspace\MAHASBR\target\classes started by Jitendra.Ghasle in E:\SBR_Workspace\MAHASBR)
2026-05-11 19:29:03.988 INFO 
                [restartedMain] []
                c.m.SbrBackEndProjectApplication - The following 1 profile is active: "prod"
2026-05-11 19:29:13.414 WARN 
                [restartedMain] []
                o.s.b.w.s.c.AnnotationConfigServletWebServerApplicationContext - Exception encountered during context initialization - cancelling refresh attempt: org.springframework.beans.factory.support.BeanDefinitionOverrideException: Invalid bean definition with name 'correlationIdFilter' defined in class path resource [com/mahasbr/security/WebSecurityConfig.class]: Cannot register bean definition [Root bean: class [null]; scope=; abstract=false; lazyInit=null; autowireMode=3; dependencyCheck=0; autowireCandidate=true; primary=false; factoryBeanName=webSecurityConfig; factoryMethodName=correlationIdFilter; initMethodNames=null; destroyMethodNames=[(inferred)]; defined in class path resource [com/mahasbr/security/WebSecurityConfig.class]] for bean 'correlationIdFilter' since there is already [Generic bean: class [com.mahasbr.filter.CorrelationIdFilter]; scope=singleton; abstract=false; lazyInit=null; autowireMode=0; dependencyCheck=0; autowireCandidate=true; primary=false; factoryBeanName=null; factoryMethodName=null; initMethodNames=null; destroyMethodNames=null; defined in file [E:\SBR_Workspace\MAHASBR\target\classes\com\mahasbr\filter\CorrelationIdFilter.class]] bound.
2026-05-11 19:29:13.426 ERROR
                [restartedMain] []
                o.s.b.d.LoggingFailureAnalysisReporter - 

***************************
APPLICATION FAILED TO START
***************************

Description:

The bean 'correlationIdFilter', defined in class path resource [com/mahasbr/security/WebSecurityConfig.class], could not be registered. A bean with that name has already been defined in file [E:\SBR_Workspace\MAHASBR\target\classes\com\mahasbr\filter\CorrelationIdFilter.class] and overriding is disabled.

Action:

Consider renaming one of the beans or enabling overriding by setting spring.main.allow-bean-definition-overriding=true

2026-05-11 19:29:17.214 INFO 
                [restartedMain] []
                c.m.SbrBackEndProjectApplication - Starting SbrBackEndProjectApplication using Java 17.0.12 with PID 38524 (E:\SBR_Workspace\MAHASBR\target\classes started by Jitendra.Ghasle in E:\SBR_Workspace\MAHASBR)
2026-05-11 19:29:17.216 INFO 
                [restartedMain] []
                c.m.SbrBackEndProjectApplication - The following 1 profile is active: "prod"
2026-05-11 19:29:19.282 INFO 
                [restartedMain] []
                com.zaxxer.hikari.HikariDataSource - HikariPool-3 - Starting...
2026-05-11 19:29:19.398 INFO 
                [restartedMain] []
                com.zaxxer.hikari.pool.HikariPool - HikariPool-3 - Added connection oracle.jdbc.driver.T4CConnection@5cb68fe1
2026-05-11 19:29:19.399 INFO 
                [restartedMain] []
                com.zaxxer.hikari.HikariDataSource - HikariPool-3 - Start completed.
2026-05-11 19:29:20.691 DEBUG
                [restartedMain] []
                o.s.b.w.s.ServletContextInitializerBeans - Mapping filters: springSecurityFilterChain urls=[/*] order=-100, XssFilter urls=[/*] order=1, characterEncodingFilter urls=[/*] order=-2147483648, formContentFilter urls=[/*] order=-9900, requestContextFilter urls=[/*] order=-105, authenticationJwtTokenFilter urls=[/*] order=2147483647, xssFilter urls=[/*] order=2147483647, correlationIdFilter urls=[/*] order=2147483647
2026-05-11 19:29:20.694 DEBUG
                [restartedMain] []
                o.s.b.w.s.ServletContextInitializerBeans - Mapping servlets: dispatcherServlet urls=[/]
2026-05-11 19:29:21.688 WARN 
                [restartedMain] []
                o.s.b.a.o.j.JpaBaseConfiguration$JpaWebConfiguration - spring.jpa.open-in-view is enabled by default. Therefore, database queries may be performed during view rendering. Explicitly configure spring.jpa.open-in-view to disable this warning
2026-05-11 19:29:21.741 DEBUG
                [restartedMain] []
                o.s.w.s.m.m.a.RequestMappingHandlerMapping - 156 mappings in 'requestMappingHandlerMapping'
2026-05-11 19:29:21.818 INFO 
                [restartedMain] []
                c.mahasbr.security.WebSecurityConfig - Configuring HTTP Security...
2026-05-11 19:29:23.352 DEBUG
                [restartedMain] []
                o.s.w.s.h.SimpleUrlHandlerMapping - Patterns [/webjars/**, /**, /swagger-ui*/*swagger-initializer.js, /swagger-ui*/**] in 'resourceHandlerMapping'
2026-05-11 19:29:23.464 DEBUG
                [restartedMain] []
                o.s.w.s.m.m.a.RequestMappingHandlerAdapter - ControllerAdvice beans: 0 @ModelAttribute, 0 @InitBinder, 1 RequestBodyAdvice, 1 ResponseBodyAdvice
2026-05-11 19:29:23.482 DEBUG
                [restartedMain] []
                o.s.w.s.m.m.a.ExceptionHandlerExceptionResolver - ControllerAdvice beans: 3 @ExceptionHandler, 1 ResponseBodyAdvice
2026-05-11 19:29:23.549 DEBUG
                [restartedMain] []
                o.s.d.r.l.RedisMessageListenerContainer - Starting RedisMessageListenerContainer...
2026-05-11 19:29:23.549 DEBUG
                [restartedMain] []
                o.s.d.r.l.RedisMessageListenerContainer - Postpone listening for Redis messages until actual listeners are added
2026-05-11 19:29:24.275 INFO 
                [restartedMain] []
                c.m.SbrBackEndProjectApplication - Started SbrBackEndProjectApplication in 7.221 seconds (process running for 1208.182)
2026-05-11 19:29:26.008 INFO 
                [http-nio-8085-exec-1] []
                o.s.web.servlet.DispatcherServlet - Initializing Servlet 'dispatcherServlet'
2026-05-11 19:29:26.008 DEBUG
                [http-nio-8085-exec-1] []
                o.s.web.servlet.DispatcherServlet - Detected StandardServletMultipartResolver
2026-05-11 19:29:26.008 DEBUG
                [http-nio-8085-exec-1] []
                o.s.web.servlet.DispatcherServlet - Detected AcceptHeaderLocaleResolver
2026-05-11 19:29:26.009 DEBUG
                [http-nio-8085-exec-1] []
                o.s.web.servlet.DispatcherServlet - Detected FixedThemeResolver
2026-05-11 19:29:26.011 DEBUG
                [http-nio-8085-exec-1] []
                o.s.web.servlet.DispatcherServlet - Detected org.springframework.web.servlet.view.DefaultRequestToViewNameTranslator@3fca9966
2026-05-11 19:29:26.011 DEBUG
                [http-nio-8085-exec-1] []
                o.s.web.servlet.DispatcherServlet - Detected org.springframework.web.servlet.support.SessionFlashMapManager@67bd72c
2026-05-11 19:29:26.011 DEBUG
                [http-nio-8085-exec-1] []
                o.s.web.servlet.DispatcherServlet - enableLoggingRequestDetails='false': request parameters and headers will be masked to prevent unsafe logging of potentially sensitive data
2026-05-11 19:29:26.012 INFO 
                [http-nio-8085-exec-1] []
                o.s.web.servlet.DispatcherServlet - Completed initialization in 4 ms
2026-05-11 19:29:26.026 DEBUG
                [http-nio-8085-exec-2] [2566adab-6fce-4bf9-af87-27112f4d2cf6]
                o.s.web.servlet.DispatcherServlet - GET "/MAHASBR/citizenSearch/menus/my", parameters={}
2026-05-11 19:29:26.026 DEBUG
                [http-nio-8085-exec-1] [6cd7540c-c67e-4a43-9d08-d01ed5789af7]
                o.s.web.servlet.DispatcherServlet - GET "/MAHASBR/citizenSearch/visitor/summary", parameters={}
2026-05-11 19:29:26.026 ERROR
                [http-nio-8085-exec-3] [522ef058-8651-49be-9779-38320534dd72]
                c.mahasbr.filter.AuthEntryPointJwt - Unauthorized error: Full authentication is required to access this resource
2026-05-11 19:29:26.026 ERROR
                [http-nio-8085-exec-4] [f40123c0-d002-4697-a2a4-213424248264]
                c.mahasbr.filter.AuthEntryPointJwt - Unauthorized error: Full authentication is required to access this resource
2026-05-11 19:29:26.027 ERROR
                [http-nio-8085-exec-4] [f40123c0-d002-4697-a2a4-213424248264]
                c.mahasbr.filter.AuthEntryPointJwt - Unauthorized error: Full authentication is required to access this resource
2026-05-11 19:29:26.026 DEBUG
                [http-nio-8085-exec-2] [2566adab-6fce-4bf9-af87-27112f4d2cf6]
                o.s.w.s.m.m.a.RequestMappingHandlerMapping - Mapped to com.mahasbr.controller.MenuController#getMyMenus(Authentication)
2026-05-11 19:29:26.026 DEBUG
                [http-nio-8085-exec-1] [6cd7540c-c67e-4a43-9d08-d01ed5789af7]
                o.s.w.s.m.m.a.RequestMappingHandlerMapping - Mapped to com.mahasbr.controller.VisitorController#getVisitSummary()
2026-05-11 19:29:26.027 ERROR
                [http-nio-8085-exec-3] [522ef058-8651-49be-9779-38320534dd72]
                c.mahasbr.filter.AuthEntryPointJwt - Unauthorized error: Full authentication is required to access this resource
2026-05-11 19:29:26.028 ERROR
                [http-nio-8085-exec-3] []
                c.mahasbr.filter.AuthEntryPointJwt - Unauthorized error: Full authentication is required to access this resource
2026-05-11 19:29:26.028 ERROR
                [http-nio-8085-exec-4] []
                c.mahasbr.filter.AuthEntryPointJwt - Unauthorized error: Full authentication is required to access this resource
2026-05-11 19:29:26.029 ERROR
                [http-nio-8085-exec-3] []
                c.mahasbr.filter.AuthEntryPointJwt - Unauthorized error: Full authentication is required to access this resource
2026-05-11 19:29:26.029 ERROR
                [http-nio-8085-exec-4] []
                c.mahasbr.filter.AuthEntryPointJwt - Unauthorized error: Full authentication is required to access this resource
2026-05-11 19:29:26.030 DEBUG
                [http-nio-8085-exec-2] [2566adab-6fce-4bf9-af87-27112f4d2cf6]
                o.s.w.s.m.m.a.HttpEntityMethodProcessor - Using 'application/json', given [application/json, text/plain, */*] and supported [application/json, application/*+json]
2026-05-11 19:29:26.031 DEBUG
                [http-nio-8085-exec-2] [2566adab-6fce-4bf9-af87-27112f4d2cf6]
                o.s.w.s.m.m.a.HttpEntityMethodProcessor - Writing [ApiResponse(success=false, message=Unauthorized, data=null)]
2026-05-11 19:29:26.033 DEBUG
                [http-nio-8085-exec-2] [2566adab-6fce-4bf9-af87-27112f4d2cf6]
                o.s.web.servlet.DispatcherServlet - Completed 401 UNAUTHORIZED
2026-05-11 19:29:26.046 DEBUG
                [http-nio-8085-exec-1] [6cd7540c-c67e-4a43-9d08-d01ed5789af7]
                o.s.w.s.m.m.a.RequestResponseBodyMethodProcessor - Using 'application/json', given [application/json, text/plain, */*] and supported [application/json, application/*+json]
2026-05-11 19:29:26.046 DEBUG
                [http-nio-8085-exec-1] [6cd7540c-c67e-4a43-9d08-d01ed5789af7]
                o.s.w.s.m.m.a.RequestResponseBodyMethodProcessor - Writing [{todayVisits=7, totalVisits=148}]
2026-05-11 19:29:26.047 DEBUG
                [http-nio-8085-exec-1] [6cd7540c-c67e-4a43-9d08-d01ed5789af7]
                o.s.web.servlet.DispatcherServlet - Completed 200 OK
2026-05-11 19:29:30.763 DEBUG
                [http-nio-8085-exec-5] [60268b70-5202-4aa9-b4b9-60b8f2b75816]
                o.s.web.servlet.DispatcherServlet - GET "/MAHASBR/citizenSearch/visitor/summary", parameters={}
2026-05-11 19:29:30.764 DEBUG
                [http-nio-8085-exec-5] [60268b70-5202-4aa9-b4b9-60b8f2b75816]
                o.s.w.s.m.m.a.RequestMappingHandlerMapping - Mapped to com.mahasbr.controller.VisitorController#getVisitSummary()
2026-05-11 19:29:30.779 DEBUG
                [http-nio-8085-exec-5] [60268b70-5202-4aa9-b4b9-60b8f2b75816]
                o.s.w.s.m.m.a.RequestResponseBodyMethodProcessor - Using 'application/json', given [application/json, text/plain, */*] and supported [application/json, application/*+json]
2026-05-11 19:29:30.779 DEBUG
                [http-nio-8085-exec-5] [60268b70-5202-4aa9-b4b9-60b8f2b75816]
                o.s.w.s.m.m.a.RequestResponseBodyMethodProcessor - Writing [{todayVisits=7, totalVisits=148}]
2026-05-11 19:29:30.780 DEBUG
                [http-nio-8085-exec-5] [60268b70-5202-4aa9-b4b9-60b8f2b75816]
                o.s.web.servlet.DispatcherServlet - Completed 200 OK
2026-05-11 19:29:30.939 DEBUG
                [http-nio-8085-exec-6] [eaf254c4-196e-45a7-bda0-f49a3820d9a7]
                o.s.web.servlet.DispatcherServlet - GET "/MAHASBR/citizenSearch/menus/my", parameters={}
2026-05-11 19:29:30.940 DEBUG
                [http-nio-8085-exec-6] [eaf254c4-196e-45a7-bda0-f49a3820d9a7]
                o.s.w.s.m.m.a.RequestMappingHandlerMapping - Mapped to com.mahasbr.controller.MenuController#getMyMenus(Authentication)
2026-05-11 19:29:30.941 DEBUG
                [http-nio-8085-exec-6] [eaf254c4-196e-45a7-bda0-f49a3820d9a7]
                o.s.w.s.m.m.a.HttpEntityMethodProcessor - Using 'application/json', given [application/json, text/plain, */*] and supported [application/json, application/*+json]
2026-05-11 19:29:30.941 DEBUG
                [http-nio-8085-exec-6] [eaf254c4-196e-45a7-bda0-f49a3820d9a7]
                o.s.w.s.m.m.a.HttpEntityMethodProcessor - Writing [ApiResponse(success=false, message=Unauthorized, data=null)]
2026-05-11 19:29:30.942 DEBUG
                [http-nio-8085-exec-6] [eaf254c4-196e-45a7-bda0-f49a3820d9a7]
                o.s.web.servlet.DispatcherServlet - Completed 401 UNAUTHORIZED
2026-05-11 19:29:30.959 ERROR
                [http-nio-8085-exec-7] [58ff3429-5c40-47e2-b7d3-3e500f9110cd]
                c.mahasbr.filter.AuthEntryPointJwt - Unauthorized error: Full authentication is required to access this resource
2026-05-11 19:29:30.960 ERROR
                [http-nio-8085-exec-8] [a1ff1432-d11e-4f86-a6f5-27286432aa4e]
                c.mahasbr.filter.AuthEntryPointJwt - Unauthorized error: Full authentication is required to access this resource
2026-05-11 19:29:30.960 ERROR
                [http-nio-8085-exec-7] [58ff3429-5c40-47e2-b7d3-3e500f9110cd]
                c.mahasbr.filter.AuthEntryPointJwt - Unauthorized error: Full authentication is required to access this resource
2026-05-11 19:29:30.961 ERROR
                [http-nio-8085-exec-8] [a1ff1432-d11e-4f86-a6f5-27286432aa4e]
                c.mahasbr.filter.AuthEntryPointJwt - Unauthorized error: Full authentication is required to access this resource
2026-05-11 19:29:30.962 ERROR
                [http-nio-8085-exec-8] []
                c.mahasbr.filter.AuthEntryPointJwt - Unauthorized error: Full authentication is required to access this resource
2026-05-11 19:29:30.962 ERROR
                [http-nio-8085-exec-7] []
                c.mahasbr.filter.AuthEntryPointJwt - Unauthorized error: Full authentication is required to access this resource
2026-05-11 19:29:30.962 ERROR
                [http-nio-8085-exec-8] []
                c.mahasbr.filter.AuthEntryPointJwt - Unauthorized error: Full authentication is required to access this resource
2026-05-11 19:29:30.962 ERROR
                [http-nio-8085-exec-7] []
                c.mahasbr.filter.AuthEntryPointJwt - Unauthorized error: Full authentication is required to access this resource
2026-05-11 19:29:34.105 DEBUG
                [http-nio-8085-exec-9] [314b5396-dc58-425f-8bdc-c8d062d04581]
                o.s.web.servlet.DispatcherServlet - GET "/MAHASBR/citizenSearch/visitor/summary", parameters={}
2026-05-11 19:29:34.105 DEBUG
                [http-nio-8085-exec-9] [314b5396-dc58-425f-8bdc-c8d062d04581]
                o.s.w.s.m.m.a.RequestMappingHandlerMapping - Mapped to com.mahasbr.controller.VisitorController#getVisitSummary()
2026-05-11 19:29:34.115 DEBUG
                [http-nio-8085-exec-9] [314b5396-dc58-425f-8bdc-c8d062d04581]
                o.s.w.s.m.m.a.RequestResponseBodyMethodProcessor - Using 'application/json', given [application/json, text/plain, */*] and supported [application/json, application/*+json]
2026-05-11 19:29:34.116 DEBUG
                [http-nio-8085-exec-9] [314b5396-dc58-425f-8bdc-c8d062d04581]
                o.s.w.s.m.m.a.RequestResponseBodyMethodProcessor - Writing [{todayVisits=7, totalVisits=148}]
2026-05-11 19:29:34.116 DEBUG
                [http-nio-8085-exec-9] [314b5396-dc58-425f-8bdc-c8d062d04581]
                o.s.web.servlet.DispatcherServlet - Completed 200 OK
2026-05-11 19:29:35.761 DEBUG
                [http-nio-8085-exec-3] [380f1f6f-573e-4814-960f-e830913c4300]
                o.s.web.servlet.DispatcherServlet - GET "/MAHASBR/citizenSearch/menus/my", parameters={}
2026-05-11 19:29:35.761 DEBUG
                [http-nio-8085-exec-3] [380f1f6f-573e-4814-960f-e830913c4300]
                o.s.w.s.m.m.a.RequestMappingHandlerMapping - Mapped to com.mahasbr.controller.MenuController#getMyMenus(Authentication)
2026-05-11 19:29:35.767 DEBUG
                [http-nio-8085-exec-2] [1debe566-8fcb-41cb-88a7-06f5c3f69bec]
                o.s.web.servlet.DispatcherServlet - GET "/MAHASBR/api/auth/districts", parameters={}
2026-05-11 19:29:35.767 DEBUG
                [http-nio-8085-exec-2] [1debe566-8fcb-41cb-88a7-06f5c3f69bec]
                o.s.w.s.m.m.a.RequestMappingHandlerMapping - Mapped to com.mahasbr.controller.PostLoginDashboardController#getAll()
2026-05-11 19:29:35.770 DEBUG
                [http-nio-8085-exec-4] [2cfc3a9b-2cbe-4f56-9d90-4155d1cdc0b3]
                o.s.web.servlet.DispatcherServlet - GET "/MAHASBR/api/auth/registoryData?page=0&size=12&sortBy=siNo", parameters={masked}
2026-05-11 19:29:35.770 DEBUG
                [http-nio-8085-exec-4] [2cfc3a9b-2cbe-4f56-9d90-4155d1cdc0b3]
                o.s.w.s.m.m.a.RequestMappingHandlerMapping - Mapped to com.mahasbr.controller.PostLoginDashboardController#getMasterRegistoryDetails(int, int, String, Authentication)
2026-05-11 19:29:35.776 DEBUG
                [http-nio-8085-exec-4] [2cfc3a9b-2cbe-4f56-9d90-4155d1cdc0b3]
                o.s.w.s.m.m.a.ExceptionHandlerExceptionResolver - Using @ExceptionHandler com.mahasbr.config.ExceptionHandlerController#handleGlobalException(Exception, WebRequest)
2026-05-11 19:29:35.776 DEBUG
                [http-nio-8085-exec-4] [2cfc3a9b-2cbe-4f56-9d90-4155d1cdc0b3]
                o.s.w.s.m.m.a.HttpEntityMethodProcessor - Using 'application/json', given [application/json, text/plain, */*] and supported [text/plain, */*, application/json, application/*+json]
2026-05-11 19:29:35.777 DEBUG
                [http-nio-8085-exec-3] [380f1f6f-573e-4814-960f-e830913c4300]
                o.s.w.s.m.m.a.HttpEntityMethodProcessor - Using 'application/json', given [application/json, text/plain, */*] and supported [application/json, application/*+json]
2026-05-11 19:29:35.777 DEBUG
                [http-nio-8085-exec-4] [2cfc3a9b-2cbe-4f56-9d90-4155d1cdc0b3]
                o.s.w.s.m.m.a.HttpEntityMethodProcessor - Writing ["Internal Server Error"]
2026-05-11 19:29:35.777 DEBUG
                [http-nio-8085-exec-3] [380f1f6f-573e-4814-960f-e830913c4300]
                o.s.w.s.m.m.a.HttpEntityMethodProcessor - Writing [ApiResponse(success=true, message=Menus loaded successfully, data=[MenuDTO(id=18, nameEn=Dashboard,  (truncated)...]
2026-05-11 19:29:35.778 WARN 
                [http-nio-8085-exec-4] [2cfc3a9b-2cbe-4f56-9d90-4155d1cdc0b3]
                o.s.w.s.m.m.a.ExceptionHandlerExceptionResolver - Resolved [jakarta.servlet.ServletException: Handler dispatch failed: java.lang.Error: Unresolved compilation problem: <EOL>?The method getAllRegistoryDetails(Pageable) is undefined for the type RegistryApplicationDetailsService<EOL>]
2026-05-11 19:29:35.779 DEBUG
                [http-nio-8085-exec-4] [2cfc3a9b-2cbe-4f56-9d90-4155d1cdc0b3]
                o.s.web.servlet.DispatcherServlet - Completed 500 INTERNAL_SERVER_ERROR
2026-05-11 19:29:35.779 DEBUG
                [http-nio-8085-exec-3] [380f1f6f-573e-4814-960f-e830913c4300]
                o.s.web.servlet.DispatcherServlet - Completed 200 OK
2026-05-11 19:29:35.802 DEBUG
                [http-nio-8085-exec-2] [1debe566-8fcb-41cb-88a7-06f5c3f69bec]
                o.s.w.s.m.m.a.HttpEntityMethodProcessor - Using 'application/json', given [application/json, text/plain, */*] and supported [application/json, application/*+json]
2026-05-11 19:29:35.803 DEBUG
                [http-nio-8085-exec-2] [1debe566-8fcb-41cb-88a7-06f5c3f69bec]
                o.s.w.s.m.m.a.HttpEntityMethodProcessor - Writing [[DistrictMaster(districtId=373, censusDistrictCode=919, districtName=Palghar, censusStateCode=27, di (truncated)...]
2026-05-11 19:29:35.807 DEBUG
                [http-nio-8085-exec-2] [1debe566-8fcb-41cb-88a7-06f5c3f69bec]
                o.s.web.servlet.DispatcherServlet - Completed 200 OK
2026-05-11 19:29:41.581 DEBUG
                [http-nio-8085-exec-1] [b8b8e924-043b-45e5-9ec1-97c86af04f5b]
                o.s.web.servlet.DispatcherServlet - GET "/MAHASBR/citizenSearch/menus/my", parameters={}
2026-05-11 19:29:41.581 DEBUG
                [http-nio-8085-exec-1] [b8b8e924-043b-45e5-9ec1-97c86af04f5b]
                o.s.w.s.m.m.a.RequestMappingHandlerMapping - Mapped to com.mahasbr.controller.MenuController#getMyMenus(Authentication)
2026-05-11 19:29:41.584 DEBUG
                [http-nio-8085-exec-5] [c9a20417-4b50-4fc5-b73f-80334504b48e]
                o.s.web.servlet.DispatcherServlet - GET "/MAHASBR/api/auth/registoryData?page=0&size=12&sortBy=siNo", parameters={masked}
2026-05-11 19:29:41.588 DEBUG
                [http-nio-8085-exec-6] [6efb3e94-9a93-4a50-bf4d-2e1476e54a4b]
                o.s.web.servlet.DispatcherServlet - GET "/MAHASBR/api/auth/districts", parameters={}
2026-05-11 19:29:41.594 DEBUG
                [http-nio-8085-exec-1] [b8b8e924-043b-45e5-9ec1-97c86af04f5b]
                o.s.w.s.m.m.a.HttpEntityMethodProcessor - Using 'application/json', given [application/json, text/plain, */*] and supported [application/json, application/*+json]
2026-05-11 19:29:41.747 DEBUG
                [http-nio-8085-exec-6] [6efb3e94-9a93-4a50-bf4d-2e1476e54a4b]
                o.s.w.s.m.m.a.RequestMappingHandlerMapping - Mapped to com.mahasbr.controller.PostLoginDashboardController#getAll()
2026-05-11 19:29:41.747 DEBUG
                [http-nio-8085-exec-5] [c9a20417-4b50-4fc5-b73f-80334504b48e]
                o.s.w.s.m.m.a.RequestMappingHandlerMapping - Mapped to com.mahasbr.controller.PostLoginDashboardController#getMasterRegistoryDetails(int, int, String, Authentication)
2026-05-11 19:29:41.747 DEBUG
                [http-nio-8085-exec-1] [b8b8e924-043b-45e5-9ec1-97c86af04f5b]
                o.s.w.s.m.m.a.HttpEntityMethodProcessor - Writing [ApiResponse(success=true, message=Menus loaded successfully, data=[MenuDTO(id=18, nameEn=Dashboard,  (truncated)...]
2026-05-11 19:29:41.749 DEBUG
                [http-nio-8085-exec-5] [c9a20417-4b50-4fc5-b73f-80334504b48e]
                o.s.w.s.m.m.a.ExceptionHandlerExceptionResolver - Using @ExceptionHandler com.mahasbr.config.ExceptionHandlerController#handleGlobalException(Exception, WebRequest)
2026-05-11 19:29:41.749 DEBUG
                [http-nio-8085-exec-1] [b8b8e924-043b-45e5-9ec1-97c86af04f5b]
                o.s.web.servlet.DispatcherServlet - Completed 200 OK
2026-05-11 19:29:41.749 DEBUG
                [http-nio-8085-exec-5] [c9a20417-4b50-4fc5-b73f-80334504b48e]
                o.s.w.s.m.m.a.HttpEntityMethodProcessor - Using 'application/json', given [application/json, text/plain, */*] and supported [text/plain, */*, application/json, application/*+json]
2026-05-11 19:29:41.750 DEBUG
                [http-nio-8085-exec-5] [c9a20417-4b50-4fc5-b73f-80334504b48e]
                o.s.w.s.m.m.a.HttpEntityMethodProcessor - Writing ["Internal Server Error"]
2026-05-11 19:29:41.751 WARN 
                [http-nio-8085-exec-5] [c9a20417-4b50-4fc5-b73f-80334504b48e]
                o.s.w.s.m.m.a.ExceptionHandlerExceptionResolver - Resolved [jakarta.servlet.ServletException: Handler dispatch failed: java.lang.Error: Unresolved compilation problem: <EOL>?The method getAllRegistoryDetails(Pageable) is undefined for the type RegistryApplicationDetailsService<EOL>]
2026-05-11 19:29:41.752 DEBUG
                [http-nio-8085-exec-5] [c9a20417-4b50-4fc5-b73f-80334504b48e]
                o.s.web.servlet.DispatcherServlet - Completed 500 INTERNAL_SERVER_ERROR
2026-05-11 19:29:41.786 DEBUG
                [http-nio-8085-exec-6] [6efb3e94-9a93-4a50-bf4d-2e1476e54a4b]
                o.s.w.s.m.m.a.HttpEntityMethodProcessor - Using 'application/json', given [application/json, text/plain, */*] and supported [application/json, application/*+json]
2026-05-11 19:29:41.786 DEBUG
                [http-nio-8085-exec-6] [6efb3e94-9a93-4a50-bf4d-2e1476e54a4b]
                o.s.w.s.m.m.a.HttpEntityMethodProcessor - Writing [[DistrictMaster(districtId=373, censusDistrictCode=919, districtName=Palghar, censusStateCode=27, di (truncated)...]
2026-05-11 19:29:41.787 DEBUG
                [http-nio-8085-exec-6] [6efb3e94-9a93-4a50-bf4d-2e1476e54a4b]
                o.s.web.servlet.DispatcherServlet - Completed 200 OK
2026-05-11 19:29:42.502 DEBUG
                [Thread-114] []
                o.s.d.r.l.RedisMessageListenerContainer - Stopped RedisMessageListenerContainer
2026-05-11 19:29:42.510 INFO 
                [Thread-114] []
                com.zaxxer.hikari.HikariDataSource - HikariPool-3 - Shutdown initiated...
2026-05-11 19:29:42.563 INFO 
                [Thread-114] []
                com.zaxxer.hikari.HikariDataSource - HikariPool-3 - Shutdown completed.
2026-05-11 19:29:42.703 INFO 
                [restartedMain] []
                c.m.SbrBackEndProjectApplication - Starting SbrBackEndProjectApplication using Java 17.0.12 with PID 38524 (E:\SBR_Workspace\MAHASBR\target\classes started by Jitendra.Ghasle in E:\SBR_Workspace\MAHASBR)
2026-05-11 19:29:42.705 INFO 
                [restartedMain] []
                c.m.SbrBackEndProjectApplication - The following 1 profile is active: "prod"
2026-05-11 19:29:45.446 INFO 
                [restartedMain] []
                com.zaxxer.hikari.HikariDataSource - HikariPool-4 - Starting...
2026-05-11 19:29:45.531 INFO 
                [restartedMain] []
                com.zaxxer.hikari.pool.HikariPool - HikariPool-4 - Added connection oracle.jdbc.driver.T4CConnection@23c3247d
2026-05-11 19:29:45.531 INFO 
                [restartedMain] []
                com.zaxxer.hikari.HikariDataSource - HikariPool-4 - Start completed.
2026-05-11 19:29:46.714 DEBUG
                [restartedMain] []
                o.s.b.w.s.ServletContextInitializerBeans - Mapping filters: springSecurityFilterChain urls=[/*] order=-100, XssFilter urls=[/*] order=1, characterEncodingFilter urls=[/*] order=-2147483648, formContentFilter urls=[/*] order=-9900, requestContextFilter urls=[/*] order=-105, authenticationJwtTokenFilter urls=[/*] order=2147483647, xssFilter urls=[/*] order=2147483647, correlationIdFilter urls=[/*] order=2147483647
2026-05-11 19:29:46.715 DEBUG
                [restartedMain] []
                o.s.b.w.s.ServletContextInitializerBeans - Mapping servlets: dispatcherServlet urls=[/]
2026-05-11 19:29:48.119 WARN 
                [restartedMain] []
                o.s.b.a.o.j.JpaBaseConfiguration$JpaWebConfiguration - spring.jpa.open-in-view is enabled by default. Therefore, database queries may be performed during view rendering. Explicitly configure spring.jpa.open-in-view to disable this warning
2026-05-11 19:29:48.163 DEBUG
                [restartedMain] []
                o.s.w.s.m.m.a.RequestMappingHandlerMapping - 156 mappings in 'requestMappingHandlerMapping'
2026-05-11 19:29:48.281 INFO 
                [restartedMain] []
                c.mahasbr.security.WebSecurityConfig - Configuring HTTP Security...
2026-05-11 19:29:51.290 DEBUG
                [restartedMain] []
                o.s.w.s.h.SimpleUrlHandlerMapping - Patterns [/webjars/**, /**, /swagger-ui*/*swagger-initializer.js, /swagger-ui*/**] in 'resourceHandlerMapping'
2026-05-11 19:29:51.374 DEBUG
                [restartedMain] []
                o.s.w.s.m.m.a.RequestMappingHandlerAdapter - ControllerAdvice beans: 0 @ModelAttribute, 0 @InitBinder, 1 RequestBodyAdvice, 1 ResponseBodyAdvice
2026-05-11 19:29:51.382 DEBUG
                [restartedMain] []
                o.s.w.s.m.m.a.ExceptionHandlerExceptionResolver - ControllerAdvice beans: 3 @ExceptionHandler, 1 ResponseBodyAdvice
2026-05-11 19:29:51.477 DEBUG
                [restartedMain] []
                o.s.d.r.l.RedisMessageListenerContainer - Starting RedisMessageListenerContainer...
2026-05-11 19:29:51.478 DEBUG
                [restartedMain] []
                o.s.d.r.l.RedisMessageListenerContainer - Postpone listening for Redis messages until actual listeners are added
2026-05-11 19:29:52.130 INFO 
                [restartedMain] []
                c.m.SbrBackEndProjectApplication - Started SbrBackEndProjectApplication in 9.465 seconds (process running for 1236.036)
2026-05-11 19:32:04.063 DEBUG
                [Thread-139] []
                o.s.d.r.l.RedisMessageListenerContainer - Stopped RedisMessageListenerContainer
2026-05-11 19:32:04.077 INFO 
                [Thread-139] []
                com.zaxxer.hikari.HikariDataSource - HikariPool-4 - Shutdown initiated...
2026-05-11 19:32:04.123 INFO 
                [Thread-139] []
                com.zaxxer.hikari.HikariDataSource - HikariPool-4 - Shutdown completed.
2026-05-11 19:32:04.398 INFO 
                [restartedMain] []
                c.m.SbrBackEndProjectApplication - Starting SbrBackEndProjectApplication using Java 17.0.12 with PID 38524 (E:\SBR_Workspace\MAHASBR\target\classes started by Jitendra.Ghasle in E:\SBR_Workspace\MAHASBR)
2026-05-11 19:32:04.400 INFO 
                [restartedMain] []
                c.m.SbrBackEndProjectApplication - The following 1 profile is active: "prod"
2026-05-11 19:32:14.816 INFO 
                [restartedMain] []
                com.zaxxer.hikari.HikariDataSource - HikariPool-5 - Starting...
2026-05-11 19:32:14.973 INFO 
                [restartedMain] []
                com.zaxxer.hikari.pool.HikariPool - HikariPool-5 - Added connection oracle.jdbc.driver.T4CConnection@58f20d1f
2026-05-11 19:32:14.973 INFO 
                [restartedMain] []
                com.zaxxer.hikari.HikariDataSource - HikariPool-5 - Start completed.
2026-05-11 19:32:16.647 DEBUG
                [restartedMain] []
                o.s.b.w.s.ServletContextInitializerBeans - Mapping filters: springSecurityFilterChain urls=[/*] order=-100, XssFilter urls=[/*] order=1, characterEncodingFilter urls=[/*] order=-2147483648, formContentFilter urls=[/*] order=-9900, requestContextFilter urls=[/*] order=-105, authenticationJwtTokenFilter urls=[/*] order=2147483647, xssFilter urls=[/*] order=2147483647, correlationIdFilter urls=[/*] order=2147483647
2026-05-11 19:32:16.647 DEBUG
                [restartedMain] []
                o.s.b.w.s.ServletContextInitializerBeans - Mapping servlets: dispatcherServlet urls=[/]
2026-05-11 19:32:17.289 WARN 
                [restartedMain] []
                o.s.b.a.o.j.JpaBaseConfiguration$JpaWebConfiguration - spring.jpa.open-in-view is enabled by default. Therefore, database queries may be performed during view rendering. Explicitly configure spring.jpa.open-in-view to disable this warning
2026-05-11 19:32:17.329 DEBUG
                [restartedMain] []
                o.s.w.s.m.m.a.RequestMappingHandlerMapping - 156 mappings in 'requestMappingHandlerMapping'
2026-05-11 19:32:17.380 INFO 
                [restartedMain] []
                c.mahasbr.security.WebSecurityConfig - Configuring HTTP Security...
2026-05-11 19:32:19.660 DEBUG
                [restartedMain] []
                o.s.w.s.h.SimpleUrlHandlerMapping - Patterns [/webjars/**, /**, /swagger-ui*/*swagger-initializer.js, /swagger-ui*/**] in 'resourceHandlerMapping'
2026-05-11 19:32:19.704 DEBUG
                [restartedMain] []
                o.s.w.s.m.m.a.RequestMappingHandlerAdapter - ControllerAdvice beans: 0 @ModelAttribute, 0 @InitBinder, 1 RequestBodyAdvice, 1 ResponseBodyAdvice
2026-05-11 19:32:19.709 DEBUG
                [restartedMain] []
                o.s.w.s.m.m.a.ExceptionHandlerExceptionResolver - ControllerAdvice beans: 3 @ExceptionHandler, 1 ResponseBodyAdvice
2026-05-11 19:32:19.751 DEBUG
                [restartedMain] []
                o.s.d.r.l.RedisMessageListenerContainer - Starting RedisMessageListenerContainer...
2026-05-11 19:32:19.752 DEBUG
                [restartedMain] []
                o.s.d.r.l.RedisMessageListenerContainer - Postpone listening for Redis messages until actual listeners are added
2026-05-11 19:32:20.222 INFO 
                [restartedMain] []
                c.m.SbrBackEndProjectApplication - Started SbrBackEndProjectApplication in 15.897 seconds (process running for 1384.127)
2026-05-11 19:32:21.776 INFO 
                [http-nio-8085-exec-1] []
                o.s.web.servlet.DispatcherServlet - Initializing Servlet 'dispatcherServlet'
2026-05-11 19:32:21.776 DEBUG
                [http-nio-8085-exec-1] []
                o.s.web.servlet.DispatcherServlet - Detected StandardServletMultipartResolver
2026-05-11 19:32:21.776 DEBUG
                [http-nio-8085-exec-1] []
                o.s.web.servlet.DispatcherServlet - Detected AcceptHeaderLocaleResolver
2026-05-11 19:32:21.776 DEBUG
                [http-nio-8085-exec-1] []
                o.s.web.servlet.DispatcherServlet - Detected FixedThemeResolver
2026-05-11 19:32:21.778 DEBUG
                [http-nio-8085-exec-1] []
                o.s.web.servlet.DispatcherServlet - Detected org.springframework.web.servlet.view.DefaultRequestToViewNameTranslator@6c65aff0
2026-05-11 19:32:21.778 DEBUG
                [http-nio-8085-exec-1] []
                o.s.web.servlet.DispatcherServlet - Detected org.springframework.web.servlet.support.SessionFlashMapManager@318bc922
2026-05-11 19:32:21.778 DEBUG
                [http-nio-8085-exec-1] []
                o.s.web.servlet.DispatcherServlet - enableLoggingRequestDetails='false': request parameters and headers will be masked to prevent unsafe logging of potentially sensitive data
2026-05-11 19:32:21.779 INFO 
                [http-nio-8085-exec-1] []
                o.s.web.servlet.DispatcherServlet - Completed initialization in 3 ms
2026-05-11 19:32:21.784 DEBUG
                [http-nio-8085-exec-1] [c699c3c2-cc15-4c64-b414-402582296ac2]
                o.s.web.servlet.DispatcherServlet - GET "/MAHASBR/citizenSearch/visitor/summary", parameters={}
2026-05-11 19:32:21.784 DEBUG
                [http-nio-8085-exec-1] [c699c3c2-cc15-4c64-b414-402582296ac2]
                o.s.w.s.m.m.a.RequestMappingHandlerMapping - Mapped to com.mahasbr.controller.VisitorController#getVisitSummary()
2026-05-11 19:32:21.803 DEBUG
                [http-nio-8085-exec-1] [c699c3c2-cc15-4c64-b414-402582296ac2]
                o.s.w.s.m.m.a.RequestResponseBodyMethodProcessor - Using 'application/json', given [application/json, text/plain, */*] and supported [application/json, application/*+json]
2026-05-11 19:32:21.804 DEBUG
                [http-nio-8085-exec-1] [c699c3c2-cc15-4c64-b414-402582296ac2]
                o.s.w.s.m.m.a.RequestResponseBodyMethodProcessor - Writing [{todayVisits=7, totalVisits=148}]
2026-05-11 19:32:21.806 DEBUG
                [http-nio-8085-exec-1] [c699c3c2-cc15-4c64-b414-402582296ac2]
                o.s.web.servlet.DispatcherServlet - Completed 200 OK
2026-05-11 19:32:21.855 DEBUG
                [http-nio-8085-exec-2] [09bbc744-bdd4-4c99-9d01-8fdc6d622cdc]
                o.s.web.servlet.DispatcherServlet - POST "/MAHASBR/citizenSearch/visitor", parameters={}
2026-05-11 19:32:21.855 DEBUG
                [http-nio-8085-exec-2] [09bbc744-bdd4-4c99-9d01-8fdc6d622cdc]
                o.s.w.s.m.m.a.RequestMappingHandlerMapping - Mapped to com.mahasbr.controller.VisitorController#recordVisit(HttpServletRequest)
2026-05-11 19:32:21.873 DEBUG
                [http-nio-8085-exec-2] [09bbc744-bdd4-4c99-9d01-8fdc6d622cdc]
                o.s.w.s.m.m.a.RequestResponseBodyMethodProcessor - Using 'application/json', given [application/json, text/plain, */*] and supported [application/json, application/*+json]
2026-05-11 19:32:21.873 DEBUG
                [http-nio-8085-exec-2] [09bbc744-bdd4-4c99-9d01-8fdc6d622cdc]
                o.s.w.s.m.m.a.RequestResponseBodyMethodProcessor - Writing [{message=Visit recorded successfully}]
2026-05-11 19:32:21.874 DEBUG
                [http-nio-8085-exec-2] [09bbc744-bdd4-4c99-9d01-8fdc6d622cdc]
                o.s.web.servlet.DispatcherServlet - Completed 200 OK
2026-05-11 19:32:26.431 DEBUG
                [http-nio-8085-exec-3] [f725f88a-c860-4a45-b1d6-21328c82435f]
                o.s.web.servlet.DispatcherServlet - GET "/MAHASBR/citizenSearch/visitor/summary", parameters={}
2026-05-11 19:32:26.432 DEBUG
                [http-nio-8085-exec-3] [f725f88a-c860-4a45-b1d6-21328c82435f]
                o.s.w.s.m.m.a.RequestMappingHandlerMapping - Mapped to com.mahasbr.controller.VisitorController#getVisitSummary()
2026-05-11 19:32:26.442 DEBUG
                [http-nio-8085-exec-3] [f725f88a-c860-4a45-b1d6-21328c82435f]
                o.s.w.s.m.m.a.RequestResponseBodyMethodProcessor - Using 'application/json', given [application/json, text/plain, */*] and supported [application/json, application/*+json]
2026-05-11 19:32:26.443 DEBUG
                [http-nio-8085-exec-3] [f725f88a-c860-4a45-b1d6-21328c82435f]
                o.s.w.s.m.m.a.RequestResponseBodyMethodProcessor - Writing [{todayVisits=8, totalVisits=149}]
2026-05-11 19:32:26.443 DEBUG
                [http-nio-8085-exec-3] [f725f88a-c860-4a45-b1d6-21328c82435f]
                o.s.web.servlet.DispatcherServlet - Completed 200 OK
2026-05-11 19:32:27.296 DEBUG
                [http-nio-8085-exec-4] [72532d48-7c13-47d7-a55a-756310d69182]
                o.s.web.servlet.DispatcherServlet - GET "/MAHASBR/citizenSearch/visitor/summary", parameters={}
2026-05-11 19:32:27.297 DEBUG
                [http-nio-8085-exec-4] [72532d48-7c13-47d7-a55a-756310d69182]
                o.s.w.s.m.m.a.RequestMappingHandlerMapping - Mapped to com.mahasbr.controller.VisitorController#getVisitSummary()
2026-05-11 19:32:27.308 DEBUG
                [http-nio-8085-exec-4] [72532d48-7c13-47d7-a55a-756310d69182]
                o.s.w.s.m.m.a.RequestResponseBodyMethodProcessor - Using 'application/json', given [application/json, text/plain, */*] and supported [application/json, application/*+json]
2026-05-11 19:32:27.308 DEBUG
                [http-nio-8085-exec-4] [72532d48-7c13-47d7-a55a-756310d69182]
                o.s.w.s.m.m.a.RequestResponseBodyMethodProcessor - Writing [{todayVisits=8, totalVisits=149}]
2026-05-11 19:32:27.309 DEBUG
                [http-nio-8085-exec-4] [72532d48-7c13-47d7-a55a-756310d69182]
                o.s.web.servlet.DispatcherServlet - Completed 200 OK
2026-05-11 19:32:28.628 DEBUG
                [http-nio-8085-exec-5] [46958666-eaa4-42bd-9c78-bb4c2a22ac39]
                o.s.web.servlet.DispatcherServlet - GET "/MAHASBR/citizenSearch/visitor/summary", parameters={}
2026-05-11 19:32:28.629 DEBUG
                [http-nio-8085-exec-5] [46958666-eaa4-42bd-9c78-bb4c2a22ac39]
                o.s.w.s.m.m.a.RequestMappingHandlerMapping - Mapped to com.mahasbr.controller.VisitorController#getVisitSummary()
2026-05-11 19:32:28.649 DEBUG
                [http-nio-8085-exec-5] [46958666-eaa4-42bd-9c78-bb4c2a22ac39]
                o.s.w.s.m.m.a.RequestResponseBodyMethodProcessor - Using 'application/json', given [application/json, text/plain, */*] and supported [application/json, application/*+json]
2026-05-11 19:32:28.650 DEBUG
                [http-nio-8085-exec-5] [46958666-eaa4-42bd-9c78-bb4c2a22ac39]
                o.s.w.s.m.m.a.RequestResponseBodyMethodProcessor - Writing [{todayVisits=8, totalVisits=149}]
2026-05-11 19:32:28.651 DEBUG
                [http-nio-8085-exec-5] [46958666-eaa4-42bd-9c78-bb4c2a22ac39]
                o.s.web.servlet.DispatcherServlet - Completed 200 OK
2026-05-11 19:32:30.357 DEBUG
                [http-nio-8085-exec-6] [a894e975-d096-4212-b438-c23d5e104011]
                o.s.web.servlet.DispatcherServlet - GET "/MAHASBR/citizenSearch/visitor/summary", parameters={}
2026-05-11 19:32:30.360 DEBUG
                [http-nio-8085-exec-6] [a894e975-d096-4212-b438-c23d5e104011]
                o.s.w.s.m.m.a.RequestMappingHandlerMapping - Mapped to com.mahasbr.controller.VisitorController#getVisitSummary()
2026-05-11 19:32:30.369 DEBUG
                [http-nio-8085-exec-6] [a894e975-d096-4212-b438-c23d5e104011]
                o.s.w.s.m.m.a.RequestResponseBodyMethodProcessor - Using 'application/json', given [application/json, text/plain, */*] and supported [application/json, application/*+json]
2026-05-11 19:32:30.370 DEBUG
                [http-nio-8085-exec-6] [a894e975-d096-4212-b438-c23d5e104011]
                o.s.w.s.m.m.a.RequestResponseBodyMethodProcessor - Writing [{todayVisits=8, totalVisits=149}]
2026-05-11 19:32:30.370 DEBUG
                [http-nio-8085-exec-6] [a894e975-d096-4212-b438-c23d5e104011]
                o.s.web.servlet.DispatcherServlet - Completed 200 OK
2026-05-11 19:32:47.255 DEBUG
                [http-nio-8085-exec-8] [47ecb733-0477-44ef-849a-beb39f7e2b83]
                o.s.web.servlet.DispatcherServlet - POST "/MAHASBR/api/auth/signin", parameters={}
2026-05-11 19:32:47.256 DEBUG
                [http-nio-8085-exec-8] [47ecb733-0477-44ef-849a-beb39f7e2b83]
                o.s.w.s.m.m.a.RequestMappingHandlerMapping - Mapped to com.mahasbr.controller.LoginController#authenticateUser(LoginRequest, BindingResult, HttpServletRequest)
2026-05-11 19:32:47.258 DEBUG
                [http-nio-8085-exec-8] [47ecb733-0477-44ef-849a-beb39f7e2b83]
                o.s.w.s.m.m.a.RequestResponseBodyMethodProcessor - Read "application/json;charset=UTF-8" to [LoginRequest(username=CHARITY_MH, password=Pass@123, recaptchaResponse=0cAFcWeA4bNPBEBFbDGskjusd1HkH (truncated)...]
2026-05-11 19:32:47.427 DEBUG
                [http-nio-8085-exec-8] [47ecb733-0477-44ef-849a-beb39f7e2b83]
                o.s.w.s.m.m.a.HttpEntityMethodProcessor - Using 'application/json', given [application/json, text/plain, */*] and supported [application/json, application/*+json]
2026-05-11 19:32:47.428 DEBUG
                [http-nio-8085-exec-8] [47ecb733-0477-44ef-849a-beb39f7e2b83]
                o.s.w.s.m.m.a.HttpEntityMethodProcessor - Writing [JwtResponse(token=eyJhbGciOiJIUzI1NiJ9.eyJyb2xlcyI6WyJST0xFX1JFR19BVVRIX0NTViJdLCJyZWdpc3RyeUlkIjoyM (truncated)...]
2026-05-11 19:32:47.429 DEBUG
                [http-nio-8085-exec-8] [47ecb733-0477-44ef-849a-beb39f7e2b83]
                o.s.web.servlet.DispatcherServlet - Completed 200 OK
2026-05-11 19:32:47.520 DEBUG
                [http-nio-8085-exec-9] [fb449848-4689-43b2-8137-b67bdefe36a8]
                o.s.web.servlet.DispatcherServlet - GET "/MAHASBR/citizenSearch/menus/my", parameters={}
2026-05-11 19:32:47.521 DEBUG
                [http-nio-8085-exec-9] [fb449848-4689-43b2-8137-b67bdefe36a8]
                o.s.w.s.m.m.a.RequestMappingHandlerMapping - Mapped to com.mahasbr.controller.MenuController#getMyMenus(Authentication)
2026-05-11 19:32:47.539 DEBUG
                [http-nio-8085-exec-9] [fb449848-4689-43b2-8137-b67bdefe36a8]
                o.s.w.s.m.m.a.HttpEntityMethodProcessor - Using 'application/json', given [application/json, text/plain, */*] and supported [application/json, application/*+json]
2026-05-11 19:32:47.540 DEBUG
                [http-nio-8085-exec-9] [fb449848-4689-43b2-8137-b67bdefe36a8]
                o.s.w.s.m.m.a.HttpEntityMethodProcessor - Writing [ApiResponse(success=true, message=Menus loaded successfully, data=[MenuDTO(id=18, nameEn=Dashboard,  (truncated)...]
2026-05-11 19:32:47.543 DEBUG
                [http-nio-8085-exec-9] [fb449848-4689-43b2-8137-b67bdefe36a8]
                o.s.web.servlet.DispatcherServlet - Completed 200 OK
2026-05-11 19:32:48.102 DEBUG
                [http-nio-8085-exec-10] [b199abf9-581d-47df-ab83-1e3c9886d394]
                o.s.web.servlet.DispatcherServlet - GET "/MAHASBR/api/auth/registoryData?page=0&size=12&sortBy=siNo", parameters={masked}
2026-05-11 19:32:48.102 DEBUG
                [http-nio-8085-exec-10] [b199abf9-581d-47df-ab83-1e3c9886d394]
                o.s.w.s.m.m.a.RequestMappingHandlerMapping - Mapped to com.mahasbr.controller.PostLoginDashboardController#getMasterRegistoryDetails(int, int, String, Authentication)
2026-05-11 19:32:48.105 DEBUG
                [http-nio-8085-exec-10] [b199abf9-581d-47df-ab83-1e3c9886d394]
                o.s.w.s.m.m.a.ExceptionHandlerExceptionResolver - Using @ExceptionHandler com.mahasbr.config.ExceptionHandlerController#handleGlobalException(Exception, WebRequest)
2026-05-11 19:32:48.106 DEBUG
                [http-nio-8085-exec-10] [b199abf9-581d-47df-ab83-1e3c9886d394]
                o.s.w.s.m.m.a.HttpEntityMethodProcessor - Using 'application/json', given [application/json, text/plain, */*] and supported [text/plain, */*, application/json, application/*+json]
2026-05-11 19:32:48.106 DEBUG
                [http-nio-8085-exec-10] [b199abf9-581d-47df-ab83-1e3c9886d394]
                o.s.w.s.m.m.a.HttpEntityMethodProcessor - Writing ["Internal Server Error"]
2026-05-11 19:32:48.107 DEBUG
                [http-nio-8085-exec-1] [a599ae02-0e42-4c15-a28f-6b69e23a534c]
                o.s.web.servlet.DispatcherServlet - GET "/MAHASBR/api/auth/districts", parameters={}
2026-05-11 19:32:48.107 DEBUG
                [http-nio-8085-exec-2] [46c53e2a-bf5c-45ae-b23e-dc818389552a]
                o.s.web.servlet.DispatcherServlet - GET "/MAHASBR/citizenSearch/menus/my", parameters={}
2026-05-11 19:32:48.107 WARN 
                [http-nio-8085-exec-10] [b199abf9-581d-47df-ab83-1e3c9886d394]
                o.s.w.s.m.m.a.ExceptionHandlerExceptionResolver - Resolved [jakarta.servlet.ServletException: Handler dispatch failed: java.lang.Error: Unresolved compilation problem: <EOL>?The method getAllRegistoryDetails(Pageable) is undefined for the type RegistryApplicationDetailsService<EOL>]
2026-05-11 19:32:48.107 DEBUG
                [http-nio-8085-exec-1] [a599ae02-0e42-4c15-a28f-6b69e23a534c]
                o.s.w.s.m.m.a.RequestMappingHandlerMapping - Mapped to com.mahasbr.controller.PostLoginDashboardController#getAll()
2026-05-11 19:32:48.108 DEBUG
                [http-nio-8085-exec-2] [46c53e2a-bf5c-45ae-b23e-dc818389552a]
                o.s.w.s.m.m.a.RequestMappingHandlerMapping - Mapped to com.mahasbr.controller.MenuController#getMyMenus(Authentication)
2026-05-11 19:32:48.108 DEBUG
                [http-nio-8085-exec-10] [b199abf9-581d-47df-ab83-1e3c9886d394]
                o.s.web.servlet.DispatcherServlet - Completed 500 INTERNAL_SERVER_ERROR
2026-05-11 19:32:48.125 DEBUG
                [http-nio-8085-exec-2] [46c53e2a-bf5c-45ae-b23e-dc818389552a]
                o.s.w.s.m.m.a.HttpEntityMethodProcessor - Using 'application/json', given [application/json, text/plain, */*] and supported [application/json, application/*+json]
2026-05-11 19:32:48.125 DEBUG
                [http-nio-8085-exec-2] [46c53e2a-bf5c-45ae-b23e-dc818389552a]
                o.s.w.s.m.m.a.HttpEntityMethodProcessor - Writing [ApiResponse(success=true, message=Menus loaded successfully, data=[MenuDTO(id=18, nameEn=Dashboard,  (truncated)...]
2026-05-11 19:32:48.126 DEBUG
                [http-nio-8085-exec-2] [46c53e2a-bf5c-45ae-b23e-dc818389552a]
                o.s.web.servlet.DispatcherServlet - Completed 200 OK
2026-05-11 19:32:48.143 DEBUG
                [http-nio-8085-exec-1] [a599ae02-0e42-4c15-a28f-6b69e23a534c]
                o.s.w.s.m.m.a.HttpEntityMethodProcessor - Using 'application/json', given [application/json, text/plain, */*] and supported [application/json, application/*+json]
2026-05-11 19:32:48.144 DEBUG
                [http-nio-8085-exec-1] [a599ae02-0e42-4c15-a28f-6b69e23a534c]
                o.s.w.s.m.m.a.HttpEntityMethodProcessor - Writing [[DistrictMaster(districtId=373, censusDistrictCode=919, districtName=Palghar, censusStateCode=27, di (truncated)...]
2026-05-11 19:32:48.148 DEBUG
                [http-nio-8085-exec-1] [a599ae02-0e42-4c15-a28f-6b69e23a534c]
                o.s.web.servlet.DispatcherServlet - Completed 200 OK
2026-05-11 19:34:00.920 DEBUG
                [Thread-146] []
                o.s.d.r.l.RedisMessageListenerContainer - Stopped RedisMessageListenerContainer
2026-05-11 19:34:00.928 INFO 
                [Thread-146] []
                com.zaxxer.hikari.HikariDataSource - HikariPool-5 - Shutdown initiated...
2026-05-11 19:34:00.976 INFO 
                [Thread-146] []
                com.zaxxer.hikari.HikariDataSource - HikariPool-5 - Shutdown completed.
2026-05-11 19:34:36.576 INFO 
                [restartedMain] []
                c.m.SbrBackEndProjectApplication - Starting SbrBackEndProjectApplication using Java 17.0.12 with PID 38524 (E:\SBR_Workspace\MAHASBR\target\classes started by Jitendra.Ghasle in E:\SBR_Workspace\MAHASBR)
2026-05-11 19:34:36.631 INFO 
                [restartedMain] []
                c.m.SbrBackEndProjectApplication - The following 1 profile is active: "prod"
2026-05-11 19:34:40.333 INFO 
                [restartedMain] []
                com.zaxxer.hikari.HikariDataSource - HikariPool-7 - Starting...
2026-05-11 19:34:40.453 INFO 
                [restartedMain] []
                com.zaxxer.hikari.pool.HikariPool - HikariPool-7 - Added connection oracle.jdbc.driver.T4CConnection@36a4914c
2026-05-11 19:34:40.454 INFO 
                [restartedMain] []
                com.zaxxer.hikari.HikariDataSource - HikariPool-7 - Start completed.
2026-05-11 19:34:41.627 DEBUG
                [restartedMain] []
                o.s.b.w.s.ServletContextInitializerBeans - Mapping filters: springSecurityFilterChain urls=[/*] order=-100, XssFilter urls=[/*] order=1, characterEncodingFilter urls=[/*] order=-2147483648, formContentFilter urls=[/*] order=-9900, requestContextFilter urls=[/*] order=-105, authenticationJwtTokenFilter urls=[/*] order=2147483647, xssFilter urls=[/*] order=2147483647, correlationIdFilter urls=[/*] order=2147483647
2026-05-11 19:34:41.628 DEBUG
                [restartedMain] []
                o.s.b.w.s.ServletContextInitializerBeans - Mapping servlets: dispatcherServlet urls=[/]
2026-05-11 19:34:41.828 WARN 
                [restartedMain] []
                o.s.b.w.s.c.AnnotationConfigServletWebServerApplicationContext - Exception encountered during context initialization - cancelling refresh attempt: org.springframework.beans.factory.UnsatisfiedDependencyException: Error creating bean with name 'citizenDashboardController': Unsatisfied dependency expressed through field 'apiSchedulerService': Error creating bean with name 'apiSchedulerService' defined in file [E:\SBR_Workspace\MAHASBR\target\classes\com\mahasbr\service\ApiSchedulerService.class]: Unsatisfied dependency expressed through constructor parameter 0: Error creating bean with name 'registryApiService' defined in file [E:\SBR_Workspace\MAHASBR\target\classes\com\mahasbr\service\RegistryApiService.class]: Unsatisfied dependency expressed through constructor parameter 5: No qualifying bean of type 'com.mahasbr.mapper.MstRegistryDetailsMapper' available: expected at least 1 bean which qualifies as autowire candidate. Dependency annotations: {}
2026-05-11 19:34:41.828 INFO 
                [restartedMain] []
                com.zaxxer.hikari.HikariDataSource - HikariPool-7 - Shutdown initiated...
2026-05-11 19:34:41.892 INFO 
                [restartedMain] []
                com.zaxxer.hikari.HikariDataSource - HikariPool-7 - Shutdown completed.
2026-05-11 19:34:41.909 ERROR
                [restartedMain] []
                o.s.b.d.LoggingFailureAnalysisReporter - 

***************************
APPLICATION FAILED TO START
***************************

Description:

Parameter 5 of constructor in com.mahasbr.service.RegistryApiService required a bean of type 'com.mahasbr.mapper.MstRegistryDetailsMapper' that could not be found.

The injection point has the following annotations:
	- @org.springframework.beans.factory.annotation.Autowired(required=true)


Action:

Consider defining a bean of type 'com.mahasbr.mapper.MstRegistryDetailsMapper' in your configuration.

2026-05-11 19:40:01.345 INFO 
                [restartedMain] []
                c.m.SbrBackEndProjectApplication - Starting SbrBackEndProjectApplication using Java 17.0.12 with PID 38524 (E:\SBR_Workspace\MAHASBR\target\classes started by Jitendra.Ghasle in E:\SBR_Workspace\MAHASBR)
2026-05-11 19:40:01.345 INFO 
                [restartedMain] []
                c.m.SbrBackEndProjectApplication - The following 1 profile is active: "prod"
2026-05-11 19:40:03.127 INFO 
                [restartedMain] []
                com.zaxxer.hikari.HikariDataSource - HikariPool-8 - Starting...
2026-05-11 19:40:03.257 INFO 
                [restartedMain] []
                com.zaxxer.hikari.pool.HikariPool - HikariPool-8 - Added connection oracle.jdbc.driver.T4CConnection@720d5cd7
2026-05-11 19:40:03.257 INFO 
                [restartedMain] []
                com.zaxxer.hikari.HikariDataSource - HikariPool-8 - Start completed.
2026-05-11 19:40:04.437 DEBUG
                [restartedMain] []
                o.s.b.w.s.ServletContextInitializerBeans - Mapping filters: springSecurityFilterChain urls=[/*] order=-100, XssFilter urls=[/*] order=1, characterEncodingFilter urls=[/*] order=-2147483648, formContentFilter urls=[/*] order=-9900, requestContextFilter urls=[/*] order=-105, authenticationJwtTokenFilter urls=[/*] order=2147483647, xssFilter urls=[/*] order=2147483647, correlationIdFilter urls=[/*] order=2147483647
2026-05-11 19:40:04.438 DEBUG
                [restartedMain] []
                o.s.b.w.s.ServletContextInitializerBeans - Mapping servlets: dispatcherServlet urls=[/]
2026-05-11 19:40:05.057 WARN 
                [restartedMain] []
                o.s.b.a.o.j.JpaBaseConfiguration$JpaWebConfiguration - spring.jpa.open-in-view is enabled by default. Therefore, database queries may be performed during view rendering. Explicitly configure spring.jpa.open-in-view to disable this warning
2026-05-11 19:40:05.106 DEBUG
                [restartedMain] []
                o.s.w.s.m.m.a.RequestMappingHandlerMapping - 156 mappings in 'requestMappingHandlerMapping'
2026-05-11 19:40:05.141 INFO 
                [restartedMain] []
                c.mahasbr.security.WebSecurityConfig - Configuring HTTP Security...
2026-05-11 19:40:07.581 DEBUG
                [restartedMain] []
                o.s.w.s.h.SimpleUrlHandlerMapping - Patterns [/webjars/**, /**, /swagger-ui*/*swagger-initializer.js, /swagger-ui*/**] in 'resourceHandlerMapping'
2026-05-11 19:40:07.731 DEBUG
                [restartedMain] []
                o.s.w.s.m.m.a.RequestMappingHandlerAdapter - ControllerAdvice beans: 0 @ModelAttribute, 0 @InitBinder, 1 RequestBodyAdvice, 1 ResponseBodyAdvice
2026-05-11 19:40:07.738 DEBUG
                [restartedMain] []
                o.s.w.s.m.m.a.ExceptionHandlerExceptionResolver - ControllerAdvice beans: 3 @ExceptionHandler, 1 ResponseBodyAdvice
2026-05-11 19:40:07.813 DEBUG
                [restartedMain] []
                o.s.d.r.l.RedisMessageListenerContainer - Starting RedisMessageListenerContainer...
2026-05-11 19:40:07.813 DEBUG
                [restartedMain] []
                o.s.d.r.l.RedisMessageListenerContainer - Postpone listening for Redis messages until actual listeners are added
2026-05-11 19:40:08.730 INFO 
                [restartedMain] []
                c.m.SbrBackEndProjectApplication - Started SbrBackEndProjectApplication in 7.426 seconds (process running for 1852.625)
2026-05-11 19:41:22.180 INFO 
                [http-nio-8085-exec-3] []
                o.s.web.servlet.DispatcherServlet - Initializing Servlet 'dispatcherServlet'
2026-05-11 19:41:22.182 DEBUG
                [http-nio-8085-exec-3] []
                o.s.web.servlet.DispatcherServlet - Detected StandardServletMultipartResolver
2026-05-11 19:41:22.182 DEBUG
                [http-nio-8085-exec-3] []
                o.s.web.servlet.DispatcherServlet - Detected AcceptHeaderLocaleResolver
2026-05-11 19:41:22.182 DEBUG
                [http-nio-8085-exec-3] []
                o.s.web.servlet.DispatcherServlet - Detected FixedThemeResolver
2026-05-11 19:41:22.184 DEBUG
                [http-nio-8085-exec-3] []
                o.s.web.servlet.DispatcherServlet - Detected org.springframework.web.servlet.view.DefaultRequestToViewNameTranslator@20793585
2026-05-11 19:41:22.185 DEBUG
                [http-nio-8085-exec-3] []
                o.s.web.servlet.DispatcherServlet - Detected org.springframework.web.servlet.support.SessionFlashMapManager@7700df03
2026-05-11 19:41:22.186 DEBUG
                [http-nio-8085-exec-3] []
                o.s.web.servlet.DispatcherServlet - enableLoggingRequestDetails='false': request parameters and headers will be masked to prevent unsafe logging of potentially sensitive data
2026-05-11 19:41:22.186 INFO 
                [http-nio-8085-exec-3] []
                o.s.web.servlet.DispatcherServlet - Completed initialization in 5 ms
2026-05-11 19:41:22.192 DEBUG
                [http-nio-8085-exec-1] [0f6d0818-a67f-4960-a97e-695e48c43ab0]
                o.s.web.servlet.DispatcherServlet - GET "/MAHASBR/citizenSearch/visitor/summary", parameters={}
2026-05-11 19:41:22.192 DEBUG
                [http-nio-8085-exec-2] [4a2181ea-0d24-4e4e-b739-f702497d674e]
                o.s.web.servlet.DispatcherServlet - GET "/MAHASBR/citizenSearch/menus/my", parameters={}
2026-05-11 19:41:22.192 ERROR
                [http-nio-8085-exec-4] [67d1102b-3e58-4eb4-bd63-0a871a3d417d]
                c.mahasbr.filter.AuthEntryPointJwt - Unauthorized error: Full authentication is required to access this resource
2026-05-11 19:41:22.192 ERROR
                [http-nio-8085-exec-3] [aaabbc2c-b0d7-4382-a614-c9be53b28384]
                c.mahasbr.filter.AuthEntryPointJwt - Unauthorized error: Full authentication is required to access this resource
2026-05-11 19:41:22.192 DEBUG
                [http-nio-8085-exec-1] [0f6d0818-a67f-4960-a97e-695e48c43ab0]
                o.s.w.s.m.m.a.RequestMappingHandlerMapping - Mapped to com.mahasbr.controller.VisitorController#getVisitSummary()
2026-05-11 19:41:22.192 DEBUG
                [http-nio-8085-exec-2] [4a2181ea-0d24-4e4e-b739-f702497d674e]
                o.s.w.s.m.m.a.RequestMappingHandlerMapping - Mapped to com.mahasbr.controller.MenuController#getMyMenus(Authentication)
2026-05-11 19:41:22.193 ERROR
                [http-nio-8085-exec-4] [67d1102b-3e58-4eb4-bd63-0a871a3d417d]
                c.mahasbr.filter.AuthEntryPointJwt - Unauthorized error: Full authentication is required to access this resource
2026-05-11 19:41:22.193 ERROR
                [http-nio-8085-exec-3] [aaabbc2c-b0d7-4382-a614-c9be53b28384]
                c.mahasbr.filter.AuthEntryPointJwt - Unauthorized error: Full authentication is required to access this resource
2026-05-11 19:41:22.194 ERROR
                [http-nio-8085-exec-3] []
                c.mahasbr.filter.AuthEntryPointJwt - Unauthorized error: Full authentication is required to access this resource
2026-05-11 19:41:22.194 ERROR
                [http-nio-8085-exec-4] []
                c.mahasbr.filter.AuthEntryPointJwt - Unauthorized error: Full authentication is required to access this resource
2026-05-11 19:41:22.194 ERROR
                [http-nio-8085-exec-3] []
                c.mahasbr.filter.AuthEntryPointJwt - Unauthorized error: Full authentication is required to access this resource
2026-05-11 19:41:22.195 ERROR
                [http-nio-8085-exec-4] []
                c.mahasbr.filter.AuthEntryPointJwt - Unauthorized error: Full authentication is required to access this resource
2026-05-11 19:41:22.195 DEBUG
                [http-nio-8085-exec-2] [4a2181ea-0d24-4e4e-b739-f702497d674e]
                o.s.w.s.m.m.a.HttpEntityMethodProcessor - Using 'application/json', given [application/json, text/plain, */*] and supported [application/json, application/*+json]
2026-05-11 19:41:22.199 DEBUG
                [http-nio-8085-exec-2] [4a2181ea-0d24-4e4e-b739-f702497d674e]
                o.s.w.s.m.m.a.HttpEntityMethodProcessor - Writing [ApiResponse(success=false, message=Unauthorized, data=null)]
2026-05-11 19:41:22.200 DEBUG
                [http-nio-8085-exec-2] [4a2181ea-0d24-4e4e-b739-f702497d674e]
                o.s.web.servlet.DispatcherServlet - Completed 401 UNAUTHORIZED
2026-05-11 19:41:22.212 DEBUG
                [http-nio-8085-exec-1] [0f6d0818-a67f-4960-a97e-695e48c43ab0]
                o.s.w.s.m.m.a.RequestResponseBodyMethodProcessor - Using 'application/json', given [application/json, text/plain, */*] and supported [application/json, application/*+json]
2026-05-11 19:41:22.213 DEBUG
                [http-nio-8085-exec-1] [0f6d0818-a67f-4960-a97e-695e48c43ab0]
                o.s.w.s.m.m.a.RequestResponseBodyMethodProcessor - Writing [{todayVisits=8, totalVisits=149}]
2026-05-11 19:41:22.215 DEBUG
                [http-nio-8085-exec-1] [0f6d0818-a67f-4960-a97e-695e48c43ab0]
                o.s.web.servlet.DispatcherServlet - Completed 200 OK
2026-05-11 19:41:23.087 DEBUG
                [http-nio-8085-exec-6] [5d919fb4-367b-435f-97f1-8173492a4558]
                o.s.web.servlet.DispatcherServlet - GET "/MAHASBR/citizenSearch/visitor/summary", parameters={}
2026-05-11 19:41:23.088 DEBUG
                [http-nio-8085-exec-6] [5d919fb4-367b-435f-97f1-8173492a4558]
                o.s.w.s.m.m.a.RequestMappingHandlerMapping - Mapped to com.mahasbr.controller.VisitorController#getVisitSummary()
2026-05-11 19:41:23.103 DEBUG
                [http-nio-8085-exec-6] [5d919fb4-367b-435f-97f1-8173492a4558]
                o.s.w.s.m.m.a.RequestResponseBodyMethodProcessor - Using 'application/json', given [application/json, text/plain, */*] and supported [application/json, application/*+json]
2026-05-11 19:41:23.104 DEBUG
                [http-nio-8085-exec-6] [5d919fb4-367b-435f-97f1-8173492a4558]
                o.s.w.s.m.m.a.RequestResponseBodyMethodProcessor - Writing [{todayVisits=8, totalVisits=149}]
2026-05-11 19:41:23.105 DEBUG
                [http-nio-8085-exec-6] [5d919fb4-367b-435f-97f1-8173492a4558]
                o.s.web.servlet.DispatcherServlet - Completed 200 OK
2026-05-11 19:41:23.928 DEBUG
                [http-nio-8085-exec-7] [b25168d8-fce4-43c0-87f9-48a27fe2881c]
                o.s.web.servlet.DispatcherServlet - GET "/MAHASBR/citizenSearch/menus/my", parameters={}
2026-05-11 19:41:23.930 DEBUG
                [http-nio-8085-exec-7] [b25168d8-fce4-43c0-87f9-48a27fe2881c]
                o.s.w.s.m.m.a.RequestMappingHandlerMapping - Mapped to com.mahasbr.controller.MenuController#getMyMenus(Authentication)
2026-05-11 19:41:23.932 DEBUG
                [http-nio-8085-exec-9] [855fa11c-6690-4606-a84b-ba0b44e036d9]
                o.s.web.servlet.DispatcherServlet - GET "/MAHASBR/api/auth/districts", parameters={}
2026-05-11 19:41:23.933 DEBUG
                [http-nio-8085-exec-9] [855fa11c-6690-4606-a84b-ba0b44e036d9]
                o.s.w.s.m.m.a.RequestMappingHandlerMapping - Mapped to com.mahasbr.controller.PostLoginDashboardController#getAll()
2026-05-11 19:41:23.937 DEBUG
                [http-nio-8085-exec-8] [7d10efa8-49cf-4ca1-9c6c-2ab48d7c6a01]
                o.s.web.servlet.DispatcherServlet - GET "/MAHASBR/api/auth/registoryData?page=0&size=12&sortBy=siNo", parameters={masked}
2026-05-11 19:41:23.937 DEBUG
                [http-nio-8085-exec-8] [7d10efa8-49cf-4ca1-9c6c-2ab48d7c6a01]
                o.s.w.s.m.m.a.RequestMappingHandlerMapping - Mapped to com.mahasbr.controller.PostLoginDashboardController#getMasterRegistoryDetails(Long, int)
2026-05-11 19:41:23.947 DEBUG
                [http-nio-8085-exec-7] [b25168d8-fce4-43c0-87f9-48a27fe2881c]
                o.s.w.s.m.m.a.HttpEntityMethodProcessor - Using 'application/json', given [application/json, text/plain, */*] and supported [application/json, application/*+json]
2026-05-11 19:41:23.948 DEBUG
                [http-nio-8085-exec-7] [b25168d8-fce4-43c0-87f9-48a27fe2881c]
                o.s.w.s.m.m.a.HttpEntityMethodProcessor - Writing [ApiResponse(success=true, message=Menus loaded successfully, data=[MenuDTO(id=18, nameEn=Dashboard,  (truncated)...]
2026-05-11 19:41:23.950 DEBUG
                [http-nio-8085-exec-7] [b25168d8-fce4-43c0-87f9-48a27fe2881c]
                o.s.web.servlet.DispatcherServlet - Completed 200 OK
2026-05-11 19:41:23.962 DEBUG
                [http-nio-8085-exec-9] [855fa11c-6690-4606-a84b-ba0b44e036d9]
                o.s.w.s.m.m.a.HttpEntityMethodProcessor - Using 'application/json', given [application/json, text/plain, */*] and supported [application/json, application/*+json]
2026-05-11 19:41:23.963 DEBUG
                [http-nio-8085-exec-9] [855fa11c-6690-4606-a84b-ba0b44e036d9]
                o.s.w.s.m.m.a.HttpEntityMethodProcessor - Writing [[DistrictMaster(districtId=373, censusDistrictCode=919, districtName=Palghar, censusStateCode=27, di (truncated)...]
2026-05-11 19:41:23.966 DEBUG
                [http-nio-8085-exec-9] [855fa11c-6690-4606-a84b-ba0b44e036d9]
                o.s.web.servlet.DispatcherServlet - Completed 200 OK
2026-05-11 19:41:24.135 DEBUG
                [http-nio-8085-exec-8] [7d10efa8-49cf-4ca1-9c6c-2ab48d7c6a01]
                o.s.w.s.m.m.a.ExceptionHandlerExceptionResolver - Using @ExceptionHandler com.mahasbr.config.ExceptionHandlerController#handleGlobalException(Exception, WebRequest)
2026-05-11 19:41:24.137 DEBUG
                [http-nio-8085-exec-8] [7d10efa8-49cf-4ca1-9c6c-2ab48d7c6a01]
                o.s.w.s.m.m.a.HttpEntityMethodProcessor - Using 'application/json', given [application/json, text/plain, */*] and supported [text/plain, */*, application/json, application/*+json]
2026-05-11 19:41:24.139 DEBUG
                [http-nio-8085-exec-8] [7d10efa8-49cf-4ca1-9c6c-2ab48d7c6a01]
                o.s.w.s.m.m.a.HttpEntityMethodProcessor - Writing ["Internal Server Error"]
2026-05-11 19:41:24.140 WARN 
                [http-nio-8085-exec-8] [7d10efa8-49cf-4ca1-9c6c-2ab48d7c6a01]
                o.s.w.s.m.m.a.ExceptionHandlerExceptionResolver - Resolved [org.springframework.data.redis.RedisConnectionFailureException: Unable to connect to Redis]
2026-05-11 19:41:24.142 DEBUG
                [http-nio-8085-exec-8] [7d10efa8-49cf-4ca1-9c6c-2ab48d7c6a01]
                o.s.web.servlet.DispatcherServlet - Completed 500 INTERNAL_SERVER_ERROR
2026-05-11 19:41:27.095 DEBUG
                [http-nio-8085-exec-10] [b86901d6-09c6-4d24-b088-fe4e3f4e7808]
                o.s.web.servlet.DispatcherServlet - GET "/MAHASBR/api/auth/registoryData?page=0&size=12&sortBy=siNo", parameters={masked}
2026-05-11 19:41:27.096 DEBUG
                [http-nio-8085-exec-10] [b86901d6-09c6-4d24-b088-fe4e3f4e7808]
                o.s.w.s.m.m.a.RequestMappingHandlerMapping - Mapped to com.mahasbr.controller.PostLoginDashboardController#getMasterRegistoryDetails(Long, int)
2026-05-11 19:41:27.110 DEBUG
                [http-nio-8085-exec-10] [b86901d6-09c6-4d24-b088-fe4e3f4e7808]
                o.s.w.s.m.m.a.ExceptionHandlerExceptionResolver - Using @ExceptionHandler com.mahasbr.config.ExceptionHandlerController#handleGlobalException(Exception, WebRequest)
2026-05-11 19:41:27.110 DEBUG
                [http-nio-8085-exec-10] [b86901d6-09c6-4d24-b088-fe4e3f4e7808]
                o.s.w.s.m.m.a.HttpEntityMethodProcessor - Using 'application/json', given [application/json, text/plain, */*] and supported [text/plain, */*, application/json, application/*+json]
2026-05-11 19:41:27.111 DEBUG
                [http-nio-8085-exec-10] [b86901d6-09c6-4d24-b088-fe4e3f4e7808]
                o.s.w.s.m.m.a.HttpEntityMethodProcessor - Writing ["Internal Server Error"]
2026-05-11 19:41:27.111 WARN 
                [http-nio-8085-exec-10] [b86901d6-09c6-4d24-b088-fe4e3f4e7808]
                o.s.w.s.m.m.a.ExceptionHandlerExceptionResolver - Resolved [org.springframework.data.redis.RedisConnectionFailureException: Unable to connect to Redis]
2026-05-11 19:41:27.111 DEBUG
                [http-nio-8085-exec-10] [b86901d6-09c6-4d24-b088-fe4e3f4e7808]
                o.s.web.servlet.DispatcherServlet - Completed 500 INTERNAL_SERVER_ERROR
2026-05-11 19:41:27.187 DEBUG
                [http-nio-8085-exec-3] [b835d5e8-4219-4726-89f5-c01966e47875]
                o.s.web.servlet.DispatcherServlet - GET "/MAHASBR/api/auth/districts", parameters={}
2026-05-11 19:41:27.187 DEBUG
                [http-nio-8085-exec-3] [b835d5e8-4219-4726-89f5-c01966e47875]
                o.s.w.s.m.m.a.RequestMappingHandlerMapping - Mapped to com.mahasbr.controller.PostLoginDashboardController#getAll()
2026-05-11 19:41:27.214 DEBUG
                [http-nio-8085-exec-3] [b835d5e8-4219-4726-89f5-c01966e47875]
                o.s.w.s.m.m.a.HttpEntityMethodProcessor - Using 'application/json', given [application/json, text/plain, */*] and supported [application/json, application/*+json]
2026-05-11 19:41:27.215 DEBUG
                [http-nio-8085-exec-3] [b835d5e8-4219-4726-89f5-c01966e47875]
                o.s.w.s.m.m.a.HttpEntityMethodProcessor - Writing [[DistrictMaster(districtId=373, censusDistrictCode=919, districtName=Palghar, censusStateCode=27, di (truncated)...]
2026-05-11 19:41:27.216 DEBUG
                [http-nio-8085-exec-3] [b835d5e8-4219-4726-89f5-c01966e47875]
                o.s.web.servlet.DispatcherServlet - Completed 200 OK
2026-05-11 19:41:30.127 DEBUG
                [http-nio-8085-exec-4] [1254581c-eaf7-4d3b-b332-6dad947717d3]
                o.s.web.servlet.DispatcherServlet - GET "/MAHASBR/api/auth/registoryConcernData?page=0&size=10&sortBy=siNo", parameters={masked}
2026-05-11 19:41:30.128 DEBUG
                [http-nio-8085-exec-4] [1254581c-eaf7-4d3b-b332-6dad947717d3]
                o.s.w.s.m.m.a.RequestMappingHandlerMapping - Mapped to com.mahasbr.controller.PostLoginDashboardController#getConcernRegistryDetails(int, int, String)
2026-05-11 19:41:30.143 DEBUG
                [http-nio-8085-exec-4] [1254581c-eaf7-4d3b-b332-6dad947717d3]
                o.s.w.s.m.m.a.HttpEntityMethodProcessor - Using 'application/json', given [application/json, text/plain, */*] and supported [application/json, application/*+json]
2026-05-11 19:41:30.143 DEBUG
                [http-nio-8085-exec-4] [1254581c-eaf7-4d3b-b332-6dad947717d3]
                o.s.w.s.m.m.a.HttpEntityMethodProcessor - Writing [Page 1 of 0 containing UNKNOWN instances]
2026-05-11 19:41:30.145 DEBUG
                [http-nio-8085-exec-4] [1254581c-eaf7-4d3b-b332-6dad947717d3]
                o.s.web.servlet.DispatcherServlet - Completed 200 OK
2026-05-11 19:41:30.955 DEBUG
                [http-nio-8085-exec-2] [e4cbe7b1-ac5e-4e92-9f13-2dcaf502fd79]
                o.s.web.servlet.DispatcherServlet - GET "/MAHASBR/api/auth/registoryData?page=0&size=12&sortBy=siNo", parameters={masked}
2026-05-11 19:41:30.956 DEBUG
                [http-nio-8085-exec-2] [e4cbe7b1-ac5e-4e92-9f13-2dcaf502fd79]
                o.s.w.s.m.m.a.RequestMappingHandlerMapping - Mapped to com.mahasbr.controller.PostLoginDashboardController#getMasterRegistoryDetails(Long, int)
2026-05-11 19:41:30.956 DEBUG
                [http-nio-8085-exec-1] [42b7f850-fdc6-48c1-803e-1e4d5cfcf785]
                o.s.web.servlet.DispatcherServlet - GET "/MAHASBR/api/auth/districts", parameters={}
2026-05-11 19:41:30.957 DEBUG
                [http-nio-8085-exec-1] [42b7f850-fdc6-48c1-803e-1e4d5cfcf785]
                o.s.w.s.m.m.a.RequestMappingHandlerMapping - Mapped to com.mahasbr.controller.PostLoginDashboardController#getAll()
2026-05-11 19:41:30.969 DEBUG
                [http-nio-8085-exec-2] [e4cbe7b1-ac5e-4e92-9f13-2dcaf502fd79]
                o.s.w.s.m.m.a.ExceptionHandlerExceptionResolver - Using @ExceptionHandler com.mahasbr.config.ExceptionHandlerController#handleGlobalException(Exception, WebRequest)
2026-05-11 19:41:30.970 DEBUG
                [http-nio-8085-exec-2] [e4cbe7b1-ac5e-4e92-9f13-2dcaf502fd79]
                o.s.w.s.m.m.a.HttpEntityMethodProcessor - Using 'application/json', given [application/json, text/plain, */*] and supported [text/plain, */*, application/json, application/*+json]
2026-05-11 19:41:30.972 DEBUG
                [http-nio-8085-exec-2] [e4cbe7b1-ac5e-4e92-9f13-2dcaf502fd79]
                o.s.w.s.m.m.a.HttpEntityMethodProcessor - Writing ["Internal Server Error"]
2026-05-11 19:41:30.972 WARN 
                [http-nio-8085-exec-2] [e4cbe7b1-ac5e-4e92-9f13-2dcaf502fd79]
                o.s.w.s.m.m.a.ExceptionHandlerExceptionResolver - Resolved [org.springframework.data.redis.RedisConnectionFailureException: Unable to connect to Redis]
2026-05-11 19:41:30.973 DEBUG
                [http-nio-8085-exec-2] [e4cbe7b1-ac5e-4e92-9f13-2dcaf502fd79]
                o.s.web.servlet.DispatcherServlet - Completed 500 INTERNAL_SERVER_ERROR
2026-05-11 19:41:30.987 DEBUG
                [http-nio-8085-exec-1] [42b7f850-fdc6-48c1-803e-1e4d5cfcf785]
                o.s.w.s.m.m.a.HttpEntityMethodProcessor - Using 'application/json', given [application/json, text/plain, */*] and supported [application/json, application/*+json]
2026-05-11 19:41:30.987 DEBUG
                [http-nio-8085-exec-1] [42b7f850-fdc6-48c1-803e-1e4d5cfcf785]
                o.s.w.s.m.m.a.HttpEntityMethodProcessor - Writing [[DistrictMaster(districtId=373, censusDistrictCode=919, districtName=Palghar, censusStateCode=27, di (truncated)...]
2026-05-11 19:41:30.988 DEBUG
                [http-nio-8085-exec-1] [42b7f850-fdc6-48c1-803e-1e4d5cfcf785]
                o.s.web.servlet.DispatcherServlet - Completed 200 OK
2026-05-11 19:41:47.747 DEBUG
                [Thread-167] []
                o.s.d.r.l.RedisMessageListenerContainer - Stopped RedisMessageListenerContainer
2026-05-11 19:41:47.757 INFO 
                [Thread-167] []
                com.zaxxer.hikari.HikariDataSource - HikariPool-8 - Shutdown initiated...
2026-05-11 19:41:47.806 INFO 
                [Thread-167] []
                com.zaxxer.hikari.HikariDataSource - HikariPool-8 - Shutdown completed.
2026-05-11 19:41:47.967 INFO 
                [restartedMain] []
                c.m.SbrBackEndProjectApplication - Starting SbrBackEndProjectApplication using Java 17.0.12 with PID 38524 (E:\SBR_Workspace\MAHASBR\target\classes started by Jitendra.Ghasle in E:\SBR_Workspace\MAHASBR)
2026-05-11 19:41:47.968 INFO 
                [restartedMain] []
                c.m.SbrBackEndProjectApplication - The following 1 profile is active: "prod"
2026-05-11 19:41:49.306 INFO 
                [restartedMain] []
                com.zaxxer.hikari.HikariDataSource - HikariPool-9 - Starting...
2026-05-11 19:41:49.449 INFO 
                [restartedMain] []
                com.zaxxer.hikari.pool.HikariPool - HikariPool-9 - Added connection oracle.jdbc.driver.T4CConnection@43cb31ab
2026-05-11 19:41:49.449 INFO 
                [restartedMain] []
                com.zaxxer.hikari.HikariDataSource - HikariPool-9 - Start completed.
2026-05-11 19:41:50.566 DEBUG
                [restartedMain] []
                o.s.b.w.s.ServletContextInitializerBeans - Mapping filters: springSecurityFilterChain urls=[/*] order=-100, XssFilter urls=[/*] order=1, characterEncodingFilter urls=[/*] order=-2147483648, formContentFilter urls=[/*] order=-9900, requestContextFilter urls=[/*] order=-105, authenticationJwtTokenFilter urls=[/*] order=2147483647, xssFilter urls=[/*] order=2147483647, correlationIdFilter urls=[/*] order=2147483647
2026-05-11 19:41:50.567 DEBUG
                [restartedMain] []
                o.s.b.w.s.ServletContextInitializerBeans - Mapping servlets: dispatcherServlet urls=[/]
2026-05-11 19:41:51.187 WARN 
                [restartedMain] []
                o.s.b.a.o.j.JpaBaseConfiguration$JpaWebConfiguration - spring.jpa.open-in-view is enabled by default. Therefore, database queries may be performed during view rendering. Explicitly configure spring.jpa.open-in-view to disable this warning
2026-05-11 19:41:51.217 DEBUG
                [restartedMain] []
                o.s.w.s.m.m.a.RequestMappingHandlerMapping - 156 mappings in 'requestMappingHandlerMapping'
2026-05-11 19:41:51.261 INFO 
                [restartedMain] []
                c.mahasbr.security.WebSecurityConfig - Configuring HTTP Security...
2026-05-11 19:41:52.627 DEBUG
                [restartedMain] []
                o.s.w.s.h.SimpleUrlHandlerMapping - Patterns [/webjars/**, /**, /swagger-ui*/*swagger-initializer.js, /swagger-ui*/**] in 'resourceHandlerMapping'
2026-05-11 19:41:52.671 DEBUG
                [restartedMain] []
                o.s.w.s.m.m.a.RequestMappingHandlerAdapter - ControllerAdvice beans: 0 @ModelAttribute, 0 @InitBinder, 1 RequestBodyAdvice, 1 ResponseBodyAdvice
2026-05-11 19:41:52.675 DEBUG
                [restartedMain] []
                o.s.w.s.m.m.a.ExceptionHandlerExceptionResolver - ControllerAdvice beans: 3 @ExceptionHandler, 1 ResponseBodyAdvice
2026-05-11 19:41:52.718 DEBUG
                [restartedMain] []
                o.s.d.r.l.RedisMessageListenerContainer - Starting RedisMessageListenerContainer...
2026-05-11 19:41:52.719 DEBUG
                [restartedMain] []
                o.s.d.r.l.RedisMessageListenerContainer - Postpone listening for Redis messages until actual listeners are added
2026-05-11 19:41:53.250 INFO 
                [restartedMain] []
                c.m.SbrBackEndProjectApplication - Started SbrBackEndProjectApplication in 5.318 seconds (process running for 1957.145)
2026-05-11 19:42:19.499 INFO 
                [http-nio-8085-exec-2] []
                o.s.web.servlet.DispatcherServlet - Initializing Servlet 'dispatcherServlet'
2026-05-11 19:42:19.499 DEBUG
                [http-nio-8085-exec-2] []
                o.s.web.servlet.DispatcherServlet - Detected StandardServletMultipartResolver
2026-05-11 19:42:19.499 DEBUG
                [http-nio-8085-exec-2] []
                o.s.web.servlet.DispatcherServlet - Detected AcceptHeaderLocaleResolver
2026-05-11 19:42:19.500 DEBUG
                [http-nio-8085-exec-2] []
                o.s.web.servlet.DispatcherServlet - Detected FixedThemeResolver
2026-05-11 19:42:19.501 DEBUG
                [http-nio-8085-exec-2] []
                o.s.web.servlet.DispatcherServlet - Detected org.springframework.web.servlet.view.DefaultRequestToViewNameTranslator@5e909575
2026-05-11 19:42:19.502 DEBUG
                [http-nio-8085-exec-2] []
                o.s.web.servlet.DispatcherServlet - Detected org.springframework.web.servlet.support.SessionFlashMapManager@605e85b2
2026-05-11 19:42:19.502 DEBUG
                [http-nio-8085-exec-2] []
                o.s.web.servlet.DispatcherServlet - enableLoggingRequestDetails='false': request parameters and headers will be masked to prevent unsafe logging of potentially sensitive data
2026-05-11 19:42:19.502 INFO 
                [http-nio-8085-exec-2] []
                o.s.web.servlet.DispatcherServlet - Completed initialization in 3 ms
2026-05-11 19:42:19.511 DEBUG
                [http-nio-8085-exec-2] [c51e7e75-7e6d-4571-afc2-f2941c47f28e]
                o.s.web.servlet.DispatcherServlet - GET "/MAHASBR/citizenSearch/menus/my", parameters={}
2026-05-11 19:42:19.511 ERROR
                [http-nio-8085-exec-3] [8bd7e46b-5b81-41a3-b76e-f98421985053]
                c.mahasbr.filter.AuthEntryPointJwt - Unauthorized error: Full authentication is required to access this resource
2026-05-11 19:42:19.511 DEBUG
                [http-nio-8085-exec-1] [a8159880-9777-486d-98a5-26389b6eeed9]
                o.s.web.servlet.DispatcherServlet - GET "/MAHASBR/citizenSearch/visitor/summary", parameters={}
2026-05-11 19:42:19.512 DEBUG
                [http-nio-8085-exec-1] [a8159880-9777-486d-98a5-26389b6eeed9]
                o.s.w.s.m.m.a.RequestMappingHandlerMapping - Mapped to com.mahasbr.controller.VisitorController#getVisitSummary()
2026-05-11 19:42:19.511 ERROR
                [http-nio-8085-exec-4] [4283283e-7bae-411c-a796-6e86eb1dbc76]
                c.mahasbr.filter.AuthEntryPointJwt - Unauthorized error: Full authentication is required to access this resource
2026-05-11 19:42:19.514 ERROR
                [http-nio-8085-exec-4] [4283283e-7bae-411c-a796-6e86eb1dbc76]
                c.mahasbr.filter.AuthEntryPointJwt - Unauthorized error: Full authentication is required to access this resource
2026-05-11 19:42:19.511 DEBUG
                [http-nio-8085-exec-2] [c51e7e75-7e6d-4571-afc2-f2941c47f28e]
                o.s.w.s.m.m.a.RequestMappingHandlerMapping - Mapped to com.mahasbr.controller.MenuController#getMyMenus(Authentication)
2026-05-11 19:42:19.512 ERROR
                [http-nio-8085-exec-3] [8bd7e46b-5b81-41a3-b76e-f98421985053]
                c.mahasbr.filter.AuthEntryPointJwt - Unauthorized error: Full authentication is required to access this resource
2026-05-11 19:42:19.516 ERROR
                [http-nio-8085-exec-4] []
                c.mahasbr.filter.AuthEntryPointJwt - Unauthorized error: Full authentication is required to access this resource
2026-05-11 19:42:19.517 DEBUG
                [http-nio-8085-exec-2] [c51e7e75-7e6d-4571-afc2-f2941c47f28e]
                o.s.w.s.m.m.a.HttpEntityMethodProcessor - Using 'application/json', given [application/json, text/plain, */*] and supported [application/json, application/*+json]
2026-05-11 19:42:19.517 ERROR
                [http-nio-8085-exec-3] []
                c.mahasbr.filter.AuthEntryPointJwt - Unauthorized error: Full authentication is required to access this resource
2026-05-11 19:42:19.518 DEBUG
                [http-nio-8085-exec-2] [c51e7e75-7e6d-4571-afc2-f2941c47f28e]
                o.s.w.s.m.m.a.HttpEntityMethodProcessor - Writing [ApiResponse(success=false, message=Unauthorized, data=null)]
2026-05-11 19:42:19.517 ERROR
                [http-nio-8085-exec-4] []
                c.mahasbr.filter.AuthEntryPointJwt - Unauthorized error: Full authentication is required to access this resource
2026-05-11 19:42:19.518 ERROR
                [http-nio-8085-exec-3] []
                c.mahasbr.filter.AuthEntryPointJwt - Unauthorized error: Full authentication is required to access this resource
2026-05-11 19:42:19.518 DEBUG
                [http-nio-8085-exec-2] [c51e7e75-7e6d-4571-afc2-f2941c47f28e]
                o.s.web.servlet.DispatcherServlet - Completed 401 UNAUTHORIZED
2026-05-11 19:42:19.529 DEBUG
                [http-nio-8085-exec-1] [a8159880-9777-486d-98a5-26389b6eeed9]
                o.s.w.s.m.m.a.RequestResponseBodyMethodProcessor - Using 'application/json', given [application/json, text/plain, */*] and supported [application/json, application/*+json]
2026-05-11 19:42:19.530 DEBUG
                [http-nio-8085-exec-1] [a8159880-9777-486d-98a5-26389b6eeed9]
                o.s.w.s.m.m.a.RequestResponseBodyMethodProcessor - Writing [{todayVisits=8, totalVisits=149}]
2026-05-11 19:42:19.531 DEBUG
                [http-nio-8085-exec-1] [a8159880-9777-486d-98a5-26389b6eeed9]
                o.s.web.servlet.DispatcherServlet - Completed 200 OK
2026-05-11 19:42:20.314 DEBUG
                [http-nio-8085-exec-5] [58ce70d8-d4fc-4c39-a17e-bde0e86c3d74]
                o.s.web.servlet.DispatcherServlet - GET "/MAHASBR/citizenSearch/visitor/summary", parameters={}
2026-05-11 19:42:20.315 DEBUG
                [http-nio-8085-exec-5] [58ce70d8-d4fc-4c39-a17e-bde0e86c3d74]
                o.s.w.s.m.m.a.RequestMappingHandlerMapping - Mapped to com.mahasbr.controller.VisitorController#getVisitSummary()
2026-05-11 19:42:20.325 DEBUG
                [http-nio-8085-exec-5] [58ce70d8-d4fc-4c39-a17e-bde0e86c3d74]
                o.s.w.s.m.m.a.RequestResponseBodyMethodProcessor - Using 'application/json', given [application/json, text/plain, */*] and supported [application/json, application/*+json]
2026-05-11 19:42:20.327 DEBUG
                [http-nio-8085-exec-5] [58ce70d8-d4fc-4c39-a17e-bde0e86c3d74]
                o.s.w.s.m.m.a.RequestResponseBodyMethodProcessor - Writing [{todayVisits=8, totalVisits=149}]
2026-05-11 19:42:20.329 DEBUG
                [http-nio-8085-exec-5] [58ce70d8-d4fc-4c39-a17e-bde0e86c3d74]
                o.s.web.servlet.DispatcherServlet - Completed 200 OK
2026-05-11 19:42:20.677 DEBUG
                [http-nio-8085-exec-9] [fa0ed2a6-79eb-42dc-8fe1-6fe3ba1c138f]
                o.s.web.servlet.DispatcherServlet - GET "/MAHASBR/api/auth/registoryData?page=0&size=12&sortBy=siNo", parameters={masked}
2026-05-11 19:42:20.678 DEBUG
                [http-nio-8085-exec-9] [fa0ed2a6-79eb-42dc-8fe1-6fe3ba1c138f]
                o.s.w.s.m.m.a.RequestMappingHandlerMapping - Mapped to com.mahasbr.controller.PostLoginDashboardController#getMasterRegistoryDetails(Long, int)
2026-05-11 19:42:20.686 DEBUG
                [http-nio-8085-exec-10] [7f742fb6-9e20-4348-be09-20dd4de50649]
                o.s.web.servlet.DispatcherServlet - GET "/MAHASBR/api/auth/districts", parameters={}
2026-05-11 19:42:20.686 DEBUG
                [http-nio-8085-exec-10] [7f742fb6-9e20-4348-be09-20dd4de50649]
                o.s.w.s.m.m.a.RequestMappingHandlerMapping - Mapped to com.mahasbr.controller.PostLoginDashboardController#getAll()
2026-05-11 19:42:20.687 DEBUG
                [http-nio-8085-exec-8] [ffb76c65-8fd3-47cb-967b-f00853381942]
                o.s.web.servlet.DispatcherServlet - GET "/MAHASBR/citizenSearch/menus/my", parameters={}
2026-05-11 19:42:20.688 DEBUG
                [http-nio-8085-exec-8] [ffb76c65-8fd3-47cb-967b-f00853381942]
                o.s.w.s.m.m.a.RequestMappingHandlerMapping - Mapped to com.mahasbr.controller.MenuController#getMyMenus(Authentication)
2026-05-11 19:42:20.690 WARN 
                [http-nio-8085-exec-9] [fa0ed2a6-79eb-42dc-8fe1-6fe3ba1c138f]
                c.m.s.RegistryApplicationDetailsService - [DB] HIT registryData strategy=RegAuthRegistryStrategy userId=2 roles=[ROLE_REG_AUTH_CSV] cursor=null size=12
2026-05-11 19:42:20.705 DEBUG
                [http-nio-8085-exec-8] [ffb76c65-8fd3-47cb-967b-f00853381942]
                o.s.w.s.m.m.a.HttpEntityMethodProcessor - Using 'application/json', given [application/json, text/plain, */*] and supported [application/json, application/*+json]
2026-05-11 19:42:20.706 DEBUG
                [http-nio-8085-exec-8] [ffb76c65-8fd3-47cb-967b-f00853381942]
                o.s.w.s.m.m.a.HttpEntityMethodProcessor - Writing [ApiResponse(success=true, message=Menus loaded successfully, data=[MenuDTO(id=18, nameEn=Dashboard,  (truncated)...]
2026-05-11 19:42:20.707 DEBUG
                [http-nio-8085-exec-8] [ffb76c65-8fd3-47cb-967b-f00853381942]
                o.s.web.servlet.DispatcherServlet - Completed 200 OK
2026-05-11 19:42:20.715 DEBUG
                [http-nio-8085-exec-10] [7f742fb6-9e20-4348-be09-20dd4de50649]
                o.s.w.s.m.m.a.HttpEntityMethodProcessor - Using 'application/json', given [application/json, text/plain, */*] and supported [application/json, application/*+json]
2026-05-11 19:42:20.715 DEBUG
                [http-nio-8085-exec-10] [7f742fb6-9e20-4348-be09-20dd4de50649]
                o.s.w.s.m.m.a.HttpEntityMethodProcessor - Writing [[DistrictMaster(districtId=373, censusDistrictCode=919, districtName=Palghar, censusStateCode=27, di (truncated)...]
2026-05-11 19:42:20.719 DEBUG
                [http-nio-8085-exec-10] [7f742fb6-9e20-4348-be09-20dd4de50649]
                o.s.web.servlet.DispatcherServlet - Completed 200 OK
2026-05-11 19:42:21.303 DEBUG
                [http-nio-8085-exec-9] [fa0ed2a6-79eb-42dc-8fe1-6fe3ba1c138f]
                o.s.w.s.m.m.a.HttpEntityMethodProcessor - Using 'application/json', given [application/json, text/plain, */*] and supported [application/json, application/*+json]
2026-05-11 19:42:21.352 DEBUG
                [http-nio-8085-exec-9] [fa0ed2a6-79eb-42dc-8fe1-6fe3ba1c138f]
                o.s.w.s.m.m.a.HttpEntityMethodProcessor - Writing [SliceResponse[content=[MstRegistryDetailsPageEntity(super=Auditable(createdUserId=null, updatedUserI (truncated)...]
2026-05-11 19:42:21.362 DEBUG
                [http-nio-8085-exec-9] [fa0ed2a6-79eb-42dc-8fe1-6fe3ba1c138f]
                o.s.web.servlet.DispatcherServlet - Completed 200 OK
2026-05-11 19:42:24.695 DEBUG
                [http-nio-8085-exec-7] [e969602b-eff4-4fa5-a28e-6c5bf8f6d08f]
                o.s.web.servlet.DispatcherServlet - GET "/MAHASBR/api/auth/registoryConcernData?page=0&size=10&sortBy=siNo", parameters={masked}
2026-05-11 19:42:24.696 DEBUG
                [http-nio-8085-exec-7] [e969602b-eff4-4fa5-a28e-6c5bf8f6d08f]
                o.s.w.s.m.m.a.RequestMappingHandlerMapping - Mapped to com.mahasbr.controller.PostLoginDashboardController#getConcernRegistryDetails(int, int, String)
2026-05-11 19:42:24.709 DEBUG
                [http-nio-8085-exec-7] [e969602b-eff4-4fa5-a28e-6c5bf8f6d08f]
                o.s.w.s.m.m.a.HttpEntityMethodProcessor - Using 'application/json', given [application/json, text/plain, */*] and supported [application/json, application/*+json]
2026-05-11 19:42:24.709 DEBUG
                [http-nio-8085-exec-7] [e969602b-eff4-4fa5-a28e-6c5bf8f6d08f]
                o.s.w.s.m.m.a.HttpEntityMethodProcessor - Writing [Page 1 of 0 containing UNKNOWN instances]
2026-05-11 19:42:24.711 DEBUG
                [http-nio-8085-exec-7] [e969602b-eff4-4fa5-a28e-6c5bf8f6d08f]
                o.s.web.servlet.DispatcherServlet - Completed 200 OK
2026-05-11 19:42:25.489 DEBUG
                [http-nio-8085-exec-6] [8c56c67e-ae72-4d39-bac7-0976a57d12af]
                o.s.web.servlet.DispatcherServlet - GET "/MAHASBR/api/auth/registoryData?page=0&size=12&sortBy=siNo", parameters={masked}
2026-05-11 19:42:25.489 DEBUG
                [http-nio-8085-exec-4] [02567360-b0c9-4ff6-a521-ecc533d370c8]
                o.s.web.servlet.DispatcherServlet - GET "/MAHASBR/api/auth/districts", parameters={}
2026-05-11 19:42:25.489 DEBUG
                [http-nio-8085-exec-6] [8c56c67e-ae72-4d39-bac7-0976a57d12af]
                o.s.w.s.m.m.a.RequestMappingHandlerMapping - Mapped to com.mahasbr.controller.PostLoginDashboardController#getMasterRegistoryDetails(Long, int)
2026-05-11 19:42:25.489 DEBUG
                [http-nio-8085-exec-4] [02567360-b0c9-4ff6-a521-ecc533d370c8]
                o.s.w.s.m.m.a.RequestMappingHandlerMapping - Mapped to com.mahasbr.controller.PostLoginDashboardController#getAll()
2026-05-11 19:42:25.499 WARN 
                [http-nio-8085-exec-6] [8c56c67e-ae72-4d39-bac7-0976a57d12af]
                c.m.s.RegistryApplicationDetailsService - [DB] HIT registryData strategy=RegAuthRegistryStrategy userId=2 roles=[ROLE_REG_AUTH_CSV] cursor=null size=12
2026-05-11 19:42:25.515 DEBUG
                [http-nio-8085-exec-6] [8c56c67e-ae72-4d39-bac7-0976a57d12af]
                o.s.w.s.m.m.a.HttpEntityMethodProcessor - Using 'application/json', given [application/json, text/plain, */*] and supported [application/json, application/*+json]
2026-05-11 19:42:25.515 DEBUG
                [http-nio-8085-exec-4] [02567360-b0c9-4ff6-a521-ecc533d370c8]
                o.s.w.s.m.m.a.HttpEntityMethodProcessor - Using 'application/json', given [application/json, text/plain, */*] and supported [application/json, application/*+json]
2026-05-11 19:42:25.516 DEBUG
                [http-nio-8085-exec-4] [02567360-b0c9-4ff6-a521-ecc533d370c8]
                o.s.w.s.m.m.a.HttpEntityMethodProcessor - Writing [[DistrictMaster(districtId=373, censusDistrictCode=919, districtName=Palghar, censusStateCode=27, di (truncated)...]
2026-05-11 19:42:25.516 DEBUG
                [http-nio-8085-exec-6] [8c56c67e-ae72-4d39-bac7-0976a57d12af]
                o.s.w.s.m.m.a.HttpEntityMethodProcessor - Writing [SliceResponse[content=[MstRegistryDetailsPageEntity(super=Auditable(createdUserId=null, updatedUserI (truncated)...]
2026-05-11 19:42:25.518 DEBUG
                [http-nio-8085-exec-4] [02567360-b0c9-4ff6-a521-ecc533d370c8]
                o.s.web.servlet.DispatcherServlet - Completed 200 OK
2026-05-11 19:42:25.518 DEBUG
                [http-nio-8085-exec-6] [8c56c67e-ae72-4d39-bac7-0976a57d12af]
                o.s.web.servlet.DispatcherServlet - Completed 200 OK
2026-05-11 19:42:26.462 DEBUG
                [http-nio-8085-exec-3] [fbeb440c-a630-4577-854b-b5016c28e681]
                o.s.web.servlet.DispatcherServlet - GET "/MAHASBR/api/auth/registoryConcernData?page=0&size=10&sortBy=siNo", parameters={masked}
2026-05-11 19:42:26.463 DEBUG
                [http-nio-8085-exec-3] [fbeb440c-a630-4577-854b-b5016c28e681]
                o.s.w.s.m.m.a.RequestMappingHandlerMapping - Mapped to com.mahasbr.controller.PostLoginDashboardController#getConcernRegistryDetails(int, int, String)
2026-05-11 19:42:26.472 DEBUG
                [http-nio-8085-exec-3] [fbeb440c-a630-4577-854b-b5016c28e681]
                o.s.w.s.m.m.a.HttpEntityMethodProcessor - Using 'application/json', given [application/json, text/plain, */*] and supported [application/json, application/*+json]
2026-05-11 19:42:26.472 DEBUG
                [http-nio-8085-exec-3] [fbeb440c-a630-4577-854b-b5016c28e681]
                o.s.w.s.m.m.a.HttpEntityMethodProcessor - Writing [Page 1 of 0 containing UNKNOWN instances]
2026-05-11 19:42:26.473 DEBUG
                [http-nio-8085-exec-3] [fbeb440c-a630-4577-854b-b5016c28e681]
                o.s.web.servlet.DispatcherServlet - Completed 200 OK
2026-05-11 19:42:27.417 DEBUG
                [http-nio-8085-exec-2] [eae740e3-d97e-408e-9373-427b4264791d]
                o.s.web.servlet.DispatcherServlet - GET "/MAHASBR/api/auth/registoryData?page=0&size=12&sortBy=siNo", parameters={masked}
2026-05-11 19:42:27.419 DEBUG
                [http-nio-8085-exec-2] [eae740e3-d97e-408e-9373-427b4264791d]
                o.s.w.s.m.m.a.RequestMappingHandlerMapping - Mapped to com.mahasbr.controller.PostLoginDashboardController#getMasterRegistoryDetails(Long, int)
2026-05-11 19:42:27.421 DEBUG
                [http-nio-8085-exec-1] [becaee86-bc54-4f66-8f48-2f2395e9bd4d]
                o.s.web.servlet.DispatcherServlet - GET "/MAHASBR/api/auth/districts", parameters={}
2026-05-11 19:42:27.422 DEBUG
                [http-nio-8085-exec-1] [becaee86-bc54-4f66-8f48-2f2395e9bd4d]
                o.s.w.s.m.m.a.RequestMappingHandlerMapping - Mapped to com.mahasbr.controller.PostLoginDashboardController#getAll()
2026-05-11 19:42:27.428 WARN 
                [http-nio-8085-exec-2] [eae740e3-d97e-408e-9373-427b4264791d]
                c.m.s.RegistryApplicationDetailsService - [DB] HIT registryData strategy=RegAuthRegistryStrategy userId=2 roles=[ROLE_REG_AUTH_CSV] cursor=null size=12
2026-05-11 19:42:27.439 DEBUG
                [http-nio-8085-exec-2] [eae740e3-d97e-408e-9373-427b4264791d]
                o.s.w.s.m.m.a.HttpEntityMethodProcessor - Using 'application/json', given [application/json, text/plain, */*] and supported [application/json, application/*+json]
2026-05-11 19:42:27.440 DEBUG
                [http-nio-8085-exec-2] [eae740e3-d97e-408e-9373-427b4264791d]
                o.s.w.s.m.m.a.HttpEntityMethodProcessor - Writing [SliceResponse[content=[MstRegistryDetailsPageEntity(super=Auditable(createdUserId=null, updatedUserI (truncated)...]
2026-05-11 19:42:27.441 DEBUG
                [http-nio-8085-exec-2] [eae740e3-d97e-408e-9373-427b4264791d]
                o.s.web.servlet.DispatcherServlet - Completed 200 OK
2026-05-11 19:42:27.447 DEBUG
                [http-nio-8085-exec-1] [becaee86-bc54-4f66-8f48-2f2395e9bd4d]
                o.s.w.s.m.m.a.HttpEntityMethodProcessor - Using 'application/json', given [application/json, text/plain, */*] and supported [application/json, application/*+json]
2026-05-11 19:42:27.448 DEBUG
                [http-nio-8085-exec-1] [becaee86-bc54-4f66-8f48-2f2395e9bd4d]
                o.s.w.s.m.m.a.HttpEntityMethodProcessor - Writing [[DistrictMaster(districtId=373, censusDistrictCode=919, districtName=Palghar, censusStateCode=27, di (truncated)...]
2026-05-11 19:42:27.450 DEBUG
                [http-nio-8085-exec-1] [becaee86-bc54-4f66-8f48-2f2395e9bd4d]
                o.s.web.servlet.DispatcherServlet - Completed 200 OK
2026-05-11 19:42:29.434 DEBUG
                [http-nio-8085-exec-8] [f5d47d3f-ee9b-4f3d-bb15-084fceb16dd4]
                o.s.web.servlet.DispatcherServlet - GET "/MAHASBR/api/auth/registoryData?page=NaN&size=12&sortBy=siNo", parameters={masked}
2026-05-11 19:42:29.435 DEBUG
                [http-nio-8085-exec-8] [f5d47d3f-ee9b-4f3d-bb15-084fceb16dd4]
                o.s.w.s.m.m.a.RequestMappingHandlerMapping - Mapped to com.mahasbr.controller.PostLoginDashboardController#getMasterRegistoryDetails(Long, int)
2026-05-11 19:42:29.447 WARN 
                [http-nio-8085-exec-8] [f5d47d3f-ee9b-4f3d-bb15-084fceb16dd4]
                c.m.s.RegistryApplicationDetailsService - [DB] HIT registryData strategy=RegAuthRegistryStrategy userId=2 roles=[ROLE_REG_AUTH_CSV] cursor=null size=12
2026-05-11 19:42:29.459 DEBUG
                [http-nio-8085-exec-8] [f5d47d3f-ee9b-4f3d-bb15-084fceb16dd4]
                o.s.w.s.m.m.a.HttpEntityMethodProcessor - Using 'application/json', given [application/json, text/plain, */*] and supported [application/json, application/*+json]
2026-05-11 19:42:29.460 DEBUG
                [http-nio-8085-exec-8] [f5d47d3f-ee9b-4f3d-bb15-084fceb16dd4]
                o.s.w.s.m.m.a.HttpEntityMethodProcessor - Writing [SliceResponse[content=[MstRegistryDetailsPageEntity(super=Auditable(createdUserId=null, updatedUserI (truncated)...]
2026-05-11 19:42:29.461 DEBUG
                [http-nio-8085-exec-8] [f5d47d3f-ee9b-4f3d-bb15-084fceb16dd4]
                o.s.web.servlet.DispatcherServlet - Completed 200 OK
2026-05-11 19:42:30.310 DEBUG
                [http-nio-8085-exec-10] [45dcf8e6-4efa-4065-8cb6-e845fdc404c9]
                o.s.web.servlet.DispatcherServlet - GET "/MAHASBR/api/auth/registoryData?page=NaN&size=12&sortBy=siNo", parameters={masked}
2026-05-11 19:42:30.311 DEBUG
                [http-nio-8085-exec-10] [45dcf8e6-4efa-4065-8cb6-e845fdc404c9]
                o.s.w.s.m.m.a.RequestMappingHandlerMapping - Mapped to com.mahasbr.controller.PostLoginDashboardController#getMasterRegistoryDetails(Long, int)
2026-05-11 19:42:30.321 WARN 
                [http-nio-8085-exec-10] [45dcf8e6-4efa-4065-8cb6-e845fdc404c9]
                c.m.s.RegistryApplicationDetailsService - [DB] HIT registryData strategy=RegAuthRegistryStrategy userId=2 roles=[ROLE_REG_AUTH_CSV] cursor=null size=12
2026-05-11 19:42:30.331 DEBUG
                [http-nio-8085-exec-10] [45dcf8e6-4efa-4065-8cb6-e845fdc404c9]
                o.s.w.s.m.m.a.HttpEntityMethodProcessor - Using 'application/json', given [application/json, text/plain, */*] and supported [application/json, application/*+json]
2026-05-11 19:42:30.332 DEBUG
                [http-nio-8085-exec-10] [45dcf8e6-4efa-4065-8cb6-e845fdc404c9]
                o.s.w.s.m.m.a.HttpEntityMethodProcessor - Writing [SliceResponse[content=[MstRegistryDetailsPageEntity(super=Auditable(createdUserId=null, updatedUserI (truncated)...]
2026-05-11 19:42:30.333 DEBUG
                [http-nio-8085-exec-10] [45dcf8e6-4efa-4065-8cb6-e845fdc404c9]
                o.s.web.servlet.DispatcherServlet - Completed 200 OK
2026-05-11 19:42:30.980 DEBUG
                [http-nio-8085-exec-9] [77a20d0d-075b-4b57-b50a-59dbd87de01e]
                o.s.web.servlet.DispatcherServlet - GET "/MAHASBR/api/auth/registoryData?page=NaN&size=12&sortBy=siNo", parameters={masked}
2026-05-11 19:42:30.981 DEBUG
                [http-nio-8085-exec-9] [77a20d0d-075b-4b57-b50a-59dbd87de01e]
                o.s.w.s.m.m.a.RequestMappingHandlerMapping - Mapped to com.mahasbr.controller.PostLoginDashboardController#getMasterRegistoryDetails(Long, int)
2026-05-11 19:42:30.990 WARN 
                [http-nio-8085-exec-9] [77a20d0d-075b-4b57-b50a-59dbd87de01e]
                c.m.s.RegistryApplicationDetailsService - [DB] HIT registryData strategy=RegAuthRegistryStrategy userId=2 roles=[ROLE_REG_AUTH_CSV] cursor=null size=12
2026-05-11 19:42:31.001 DEBUG
                [http-nio-8085-exec-9] [77a20d0d-075b-4b57-b50a-59dbd87de01e]
                o.s.w.s.m.m.a.HttpEntityMethodProcessor - Using 'application/json', given [application/json, text/plain, */*] and supported [application/json, application/*+json]
2026-05-11 19:42:31.002 DEBUG
                [http-nio-8085-exec-9] [77a20d0d-075b-4b57-b50a-59dbd87de01e]
                o.s.w.s.m.m.a.HttpEntityMethodProcessor - Writing [SliceResponse[content=[MstRegistryDetailsPageEntity(super=Auditable(createdUserId=null, updatedUserI (truncated)...]
2026-05-11 19:42:31.003 DEBUG
                [http-nio-8085-exec-9] [77a20d0d-075b-4b57-b50a-59dbd87de01e]
                o.s.web.servlet.DispatcherServlet - Completed 200 OK
2026-05-11 19:42:31.658 DEBUG
                [http-nio-8085-exec-7] [06ade10c-c2d5-4d67-8af9-6ee9ad254582]
                o.s.web.servlet.DispatcherServlet - GET "/MAHASBR/api/auth/registoryData?page=0&size=12&sortBy=siNo", parameters={masked}
2026-05-11 19:42:31.659 DEBUG
                [http-nio-8085-exec-7] [06ade10c-c2d5-4d67-8af9-6ee9ad254582]
                o.s.w.s.m.m.a.RequestMappingHandlerMapping - Mapped to com.mahasbr.controller.PostLoginDashboardController#getMasterRegistoryDetails(Long, int)
2026-05-11 19:42:31.670 WARN 
                [http-nio-8085-exec-7] [06ade10c-c2d5-4d67-8af9-6ee9ad254582]
                c.m.s.RegistryApplicationDetailsService - [DB] HIT registryData strategy=RegAuthRegistryStrategy userId=2 roles=[ROLE_REG_AUTH_CSV] cursor=null size=12
2026-05-11 19:42:31.681 DEBUG
                [http-nio-8085-exec-7] [06ade10c-c2d5-4d67-8af9-6ee9ad254582]
                o.s.w.s.m.m.a.HttpEntityMethodProcessor - Using 'application/json', given [application/json, text/plain, */*] and supported [application/json, application/*+json]
2026-05-11 19:42:31.681 DEBUG
                [http-nio-8085-exec-7] [06ade10c-c2d5-4d67-8af9-6ee9ad254582]
                o.s.w.s.m.m.a.HttpEntityMethodProcessor - Writing [SliceResponse[content=[MstRegistryDetailsPageEntity(super=Auditable(createdUserId=null, updatedUserI (truncated)...]
2026-05-11 19:42:31.682 DEBUG
                [http-nio-8085-exec-7] [06ade10c-c2d5-4d67-8af9-6ee9ad254582]
                o.s.web.servlet.DispatcherServlet - Completed 200 OK
2026-05-11 19:42:33.197 DEBUG
                [http-nio-8085-exec-6] [4f826a5d-6a40-4959-83c6-61e545d41a41]
                o.s.web.servlet.DispatcherServlet - GET "/MAHASBR/api/auth/brn-details/2700000000790070", parameters={}
2026-05-11 19:42:33.197 DEBUG
                [http-nio-8085-exec-6] [4f826a5d-6a40-4959-83c6-61e545d41a41]
                o.s.w.s.m.m.a.RequestMappingHandlerMapping - Mapped to com.mahasbr.controller.PostLoginDashboardController#getBRNDetails(String)
2026-05-11 19:42:33.412 DEBUG
                [http-nio-8085-exec-6] [4f826a5d-6a40-4959-83c6-61e545d41a41]
                o.s.w.s.m.m.a.HttpEntityMethodProcessor - Using 'application/json', given [application/json, text/plain, */*] and supported [application/json, application/*+json]
2026-05-11 19:42:33.413 DEBUG
                [http-nio-8085-exec-6] [4f826a5d-6a40-4959-83c6-61e545d41a41]
                o.s.w.s.m.m.a.HttpEntityMethodProcessor - Writing [Page 1 of 1 containing com.mahasbr.entity.MstRegistryDetailsPageEntity instances]
2026-05-11 19:42:33.413 DEBUG
                [http-nio-8085-exec-6] [4f826a5d-6a40-4959-83c6-61e545d41a41]
                o.s.web.servlet.DispatcherServlet - Completed 200 OK
2026-05-11 19:42:38.307 DEBUG
                [http-nio-8085-exec-2] [4ec09348-ac89-43da-abdf-4ceeaab59879]
                o.s.web.servlet.DispatcherServlet - GET "/MAHASBR/api/auth/districts", parameters={}
2026-05-11 19:42:38.307 DEBUG
                [http-nio-8085-exec-2] [4ec09348-ac89-43da-abdf-4ceeaab59879]
                o.s.w.s.m.m.a.RequestMappingHandlerMapping - Mapped to com.mahasbr.controller.PostLoginDashboardController#getAll()
2026-05-11 19:42:38.311 DEBUG
                [http-nio-8085-exec-3] [089f301b-11b1-4066-ab30-743cc3e748de]
                o.s.web.servlet.DispatcherServlet - GET "/MAHASBR/api/auth/registoryData?page=0&size=12&sortBy=siNo", parameters={masked}
2026-05-11 19:42:38.311 DEBUG
                [http-nio-8085-exec-3] [089f301b-11b1-4066-ab30-743cc3e748de]
                o.s.w.s.m.m.a.RequestMappingHandlerMapping - Mapped to com.mahasbr.controller.PostLoginDashboardController#getMasterRegistoryDetails(Long, int)
2026-05-11 19:42:38.321 WARN 
                [http-nio-8085-exec-3] [089f301b-11b1-4066-ab30-743cc3e748de]
                c.m.s.RegistryApplicationDetailsService - [DB] HIT registryData strategy=RegAuthRegistryStrategy userId=2 roles=[ROLE_REG_AUTH_CSV] cursor=null size=12
2026-05-11 19:42:38.330 DEBUG
                [http-nio-8085-exec-2] [4ec09348-ac89-43da-abdf-4ceeaab59879]
                o.s.w.s.m.m.a.HttpEntityMethodProcessor - Using 'application/json', given [application/json, text/plain, */*] and supported [application/json, application/*+json]
2026-05-11 19:42:38.331 DEBUG
                [http-nio-8085-exec-2] [4ec09348-ac89-43da-abdf-4ceeaab59879]
                o.s.w.s.m.m.a.HttpEntityMethodProcessor - Writing [[DistrictMaster(districtId=373, censusDistrictCode=919, districtName=Palghar, censusStateCode=27, di (truncated)...]
2026-05-11 19:42:38.332 DEBUG
                [http-nio-8085-exec-2] [4ec09348-ac89-43da-abdf-4ceeaab59879]
                o.s.web.servlet.DispatcherServlet - Completed 200 OK
2026-05-11 19:42:38.332 DEBUG
                [http-nio-8085-exec-3] [089f301b-11b1-4066-ab30-743cc3e748de]
                o.s.w.s.m.m.a.HttpEntityMethodProcessor - Using 'application/json', given [application/json, text/plain, */*] and supported [application/json, application/*+json]
2026-05-11 19:42:38.333 DEBUG
                [http-nio-8085-exec-3] [089f301b-11b1-4066-ab30-743cc3e748de]
                o.s.w.s.m.m.a.HttpEntityMethodProcessor - Writing [SliceResponse[content=[MstRegistryDetailsPageEntity(super=Auditable(createdUserId=null, updatedUserI (truncated)...]
2026-05-11 19:42:38.335 DEBUG
                [http-nio-8085-exec-3] [089f301b-11b1-4066-ab30-743cc3e748de]
                o.s.web.servlet.DispatcherServlet - Completed 200 OK
2026-05-11 19:42:41.930 DEBUG
                [http-nio-8085-exec-1] [9ee11832-58e9-40d1-bb81-e4dc28dec934]
                o.s.web.servlet.DispatcherServlet - GET "/MAHASBR/citizenSearch/visitor/summary", parameters={}
2026-05-11 19:42:41.931 DEBUG
                [http-nio-8085-exec-1] [9ee11832-58e9-40d1-bb81-e4dc28dec934]
                o.s.w.s.m.m.a.RequestMappingHandlerMapping - Mapped to com.mahasbr.controller.VisitorController#getVisitSummary()
2026-05-11 19:42:41.940 DEBUG
                [http-nio-8085-exec-5] [88e490ca-4667-4dba-bbb2-3a363d1d7b84]
                o.s.web.servlet.DispatcherServlet - GET "/MAHASBR/citizenSearch/menus/my", parameters={}
2026-05-11 19:42:41.940 DEBUG
                [http-nio-8085-exec-5] [88e490ca-4667-4dba-bbb2-3a363d1d7b84]
                o.s.w.s.m.m.a.RequestMappingHandlerMapping - Mapped to com.mahasbr.controller.MenuController#getMyMenus(Authentication)
2026-05-11 19:42:41.942 DEBUG
                [http-nio-8085-exec-5] [88e490ca-4667-4dba-bbb2-3a363d1d7b84]
                o.s.w.s.m.m.a.HttpEntityMethodProcessor - Using 'application/json', given [application/json, text/plain, */*] and supported [application/json, application/*+json]
2026-05-11 19:42:41.943 DEBUG
                [http-nio-8085-exec-5] [88e490ca-4667-4dba-bbb2-3a363d1d7b84]
                o.s.w.s.m.m.a.HttpEntityMethodProcessor - Writing [ApiResponse(success=false, message=Unauthorized, data=null)]
2026-05-11 19:42:41.944 DEBUG
                [http-nio-8085-exec-5] [88e490ca-4667-4dba-bbb2-3a363d1d7b84]
                o.s.web.servlet.DispatcherServlet - Completed 401 UNAUTHORIZED
2026-05-11 19:42:41.947 DEBUG
                [http-nio-8085-exec-1] [9ee11832-58e9-40d1-bb81-e4dc28dec934]
                o.s.w.s.m.m.a.RequestResponseBodyMethodProcessor - Using 'application/json', given [application/json, text/plain, */*] and supported [application/json, application/*+json]
2026-05-11 19:42:41.949 DEBUG
                [http-nio-8085-exec-1] [9ee11832-58e9-40d1-bb81-e4dc28dec934]
                o.s.w.s.m.m.a.RequestResponseBodyMethodProcessor - Writing [{todayVisits=8, totalVisits=149}]
2026-05-11 19:42:41.949 DEBUG
                [http-nio-8085-exec-1] [9ee11832-58e9-40d1-bb81-e4dc28dec934]
                o.s.web.servlet.DispatcherServlet - Completed 200 OK
2026-05-11 19:42:41.962 ERROR
                [http-nio-8085-exec-8] [ec9d1fb5-1b56-440a-88b0-72800ac3701c]
                c.mahasbr.filter.AuthEntryPointJwt - Unauthorized error: Full authentication is required to access this resource
2026-05-11 19:42:41.962 ERROR
                [http-nio-8085-exec-10] [e09d488f-f064-4e0c-be67-8bb55ea877f2]
                c.mahasbr.filter.AuthEntryPointJwt - Unauthorized error: Full authentication is required to access this resource
2026-05-11 19:42:41.962 ERROR
                [http-nio-8085-exec-8] [ec9d1fb5-1b56-440a-88b0-72800ac3701c]
                c.mahasbr.filter.AuthEntryPointJwt - Unauthorized error: Full authentication is required to access this resource
2026-05-11 19:42:41.962 ERROR
                [http-nio-8085-exec-10] [e09d488f-f064-4e0c-be67-8bb55ea877f2]
                c.mahasbr.filter.AuthEntryPointJwt - Unauthorized error: Full authentication is required to access this resource
2026-05-11 19:42:41.963 ERROR
                [http-nio-8085-exec-8] []
                c.mahasbr.filter.AuthEntryPointJwt - Unauthorized error: Full authentication is required to access this resource
2026-05-11 19:42:41.964 ERROR
                [http-nio-8085-exec-10] []
                c.mahasbr.filter.AuthEntryPointJwt - Unauthorized error: Full authentication is required to access this resource
2026-05-11 19:42:41.964 ERROR
                [http-nio-8085-exec-8] []
                c.mahasbr.filter.AuthEntryPointJwt - Unauthorized error: Full authentication is required to access this resource
2026-05-11 19:42:41.965 ERROR
                [http-nio-8085-exec-10] []
                c.mahasbr.filter.AuthEntryPointJwt - Unauthorized error: Full authentication is required to access this resource
2026-05-11 19:42:43.974 DEBUG
                [http-nio-8085-exec-9] [c39099ea-e19e-47b7-a505-7e2f1b319cb5]
                o.s.web.servlet.DispatcherServlet - GET "/MAHASBR/citizenSearch/visitor/summary", parameters={}
2026-05-11 19:42:43.974 DEBUG
                [http-nio-8085-exec-9] [c39099ea-e19e-47b7-a505-7e2f1b319cb5]
                o.s.w.s.m.m.a.RequestMappingHandlerMapping - Mapped to com.mahasbr.controller.VisitorController#getVisitSummary()
2026-05-11 19:42:43.982 DEBUG
                [http-nio-8085-exec-9] [c39099ea-e19e-47b7-a505-7e2f1b319cb5]
                o.s.w.s.m.m.a.RequestResponseBodyMethodProcessor - Using 'application/json', given [application/json, text/plain, */*] and supported [application/json, application/*+json]
2026-05-11 19:42:43.983 DEBUG
                [http-nio-8085-exec-9] [c39099ea-e19e-47b7-a505-7e2f1b319cb5]
                o.s.w.s.m.m.a.RequestResponseBodyMethodProcessor - Writing [{todayVisits=8, totalVisits=149}]
2026-05-11 19:42:43.984 DEBUG
                [http-nio-8085-exec-9] [c39099ea-e19e-47b7-a505-7e2f1b319cb5]
                o.s.web.servlet.DispatcherServlet - Completed 200 OK
2026-05-11 19:42:45.068 DEBUG
                [http-nio-8085-exec-7] [da525f65-7a34-4a5c-94d2-260b5634ead8]
                o.s.web.servlet.DispatcherServlet - GET "/MAHASBR/citizenSearch/menus/my", parameters={}
2026-05-11 19:42:45.069 DEBUG
                [http-nio-8085-exec-7] [da525f65-7a34-4a5c-94d2-260b5634ead8]
                o.s.w.s.m.m.a.RequestMappingHandlerMapping - Mapped to com.mahasbr.controller.MenuController#getMyMenus(Authentication)
2026-05-11 19:42:45.082 DEBUG
                [http-nio-8085-exec-6] [6d14429d-5992-49cd-96eb-aadf9b32644d]
                o.s.web.servlet.DispatcherServlet - GET "/MAHASBR/api/auth/districts", parameters={}
2026-05-11 19:42:45.082 DEBUG
                [http-nio-8085-exec-6] [6d14429d-5992-49cd-96eb-aadf9b32644d]
                o.s.w.s.m.m.a.RequestMappingHandlerMapping - Mapped to com.mahasbr.controller.PostLoginDashboardController#getAll()
2026-05-11 19:42:45.083 DEBUG
                [http-nio-8085-exec-7] [da525f65-7a34-4a5c-94d2-260b5634ead8]
                o.s.w.s.m.m.a.HttpEntityMethodProcessor - Using 'application/json', given [application/json, text/plain, */*] and supported [application/json, application/*+json]
2026-05-11 19:42:45.084 DEBUG
                [http-nio-8085-exec-7] [da525f65-7a34-4a5c-94d2-260b5634ead8]
                o.s.w.s.m.m.a.HttpEntityMethodProcessor - Writing [ApiResponse(success=true, message=Menus loaded successfully, data=[MenuDTO(id=18, nameEn=Dashboard,  (truncated)...]
2026-05-11 19:42:45.085 DEBUG
                [http-nio-8085-exec-7] [da525f65-7a34-4a5c-94d2-260b5634ead8]
                o.s.web.servlet.DispatcherServlet - Completed 200 OK
2026-05-11 19:42:45.088 DEBUG
                [http-nio-8085-exec-4] [a84281f1-d0d3-435b-9c38-9414a5db0cfd]
                o.s.web.servlet.DispatcherServlet - GET "/MAHASBR/api/auth/registoryData?page=0&size=12&sortBy=siNo", parameters={masked}
2026-05-11 19:42:45.088 DEBUG
                [http-nio-8085-exec-4] [a84281f1-d0d3-435b-9c38-9414a5db0cfd]
                o.s.w.s.m.m.a.RequestMappingHandlerMapping - Mapped to com.mahasbr.controller.PostLoginDashboardController#getMasterRegistoryDetails(Long, int)
2026-05-11 19:42:45.101 WARN 
                [http-nio-8085-exec-4] [a84281f1-d0d3-435b-9c38-9414a5db0cfd]
                c.m.s.RegistryApplicationDetailsService - [DB] HIT registryData strategy=RegAuthRegistryStrategy userId=2 roles=[ROLE_REG_AUTH_CSV] cursor=null size=12
2026-05-11 19:42:45.111 DEBUG
                [http-nio-8085-exec-6] [6d14429d-5992-49cd-96eb-aadf9b32644d]
                o.s.w.s.m.m.a.HttpEntityMethodProcessor - Using 'application/json', given [application/json, text/plain, */*] and supported [application/json, application/*+json]
2026-05-11 19:42:45.112 DEBUG
                [http-nio-8085-exec-6] [6d14429d-5992-49cd-96eb-aadf9b32644d]
                o.s.w.s.m.m.a.HttpEntityMethodProcessor - Writing [[DistrictMaster(districtId=373, censusDistrictCode=919, districtName=Palghar, censusStateCode=27, di (truncated)...]
2026-05-11 19:42:45.113 DEBUG
                [http-nio-8085-exec-6] [6d14429d-5992-49cd-96eb-aadf9b32644d]
                o.s.web.servlet.DispatcherServlet - Completed 200 OK
2026-05-11 19:42:45.114 DEBUG
                [http-nio-8085-exec-4] [a84281f1-d0d3-435b-9c38-9414a5db0cfd]
                o.s.w.s.m.m.a.HttpEntityMethodProcessor - Using 'application/json', given [application/json, text/plain, */*] and supported [application/json, application/*+json]
2026-05-11 19:42:45.117 DEBUG
                [http-nio-8085-exec-4] [a84281f1-d0d3-435b-9c38-9414a5db0cfd]
                o.s.w.s.m.m.a.HttpEntityMethodProcessor - Writing [SliceResponse[content=[MstRegistryDetailsPageEntity(super=Auditable(createdUserId=null, updatedUserI (truncated)...]
2026-05-11 19:42:45.118 DEBUG
                [http-nio-8085-exec-4] [a84281f1-d0d3-435b-9c38-9414a5db0cfd]
                o.s.web.servlet.DispatcherServlet - Completed 200 OK
2026-05-11 19:43:02.944 DEBUG
                [http-nio-8085-exec-2] [f8ef43f1-ce56-42a9-9fa4-c610a11c540e]
                o.s.web.servlet.DispatcherServlet - GET "/MAHASBR/api/auth/registoryConcernData?page=0&size=10&sortBy=siNo", parameters={masked}
2026-05-11 19:43:02.944 DEBUG
                [http-nio-8085-exec-2] [f8ef43f1-ce56-42a9-9fa4-c610a11c540e]
                o.s.w.s.m.m.a.RequestMappingHandlerMapping - Mapped to com.mahasbr.controller.PostLoginDashboardController#getConcernRegistryDetails(int, int, String)
2026-05-11 19:43:02.954 DEBUG
                [http-nio-8085-exec-2] [f8ef43f1-ce56-42a9-9fa4-c610a11c540e]
                o.s.w.s.m.m.a.HttpEntityMethodProcessor - Using 'application/json', given [application/json, text/plain, */*] and supported [application/json, application/*+json]
2026-05-11 19:43:02.954 DEBUG
                [http-nio-8085-exec-2] [f8ef43f1-ce56-42a9-9fa4-c610a11c540e]
                o.s.w.s.m.m.a.HttpEntityMethodProcessor - Writing [Page 1 of 0 containing UNKNOWN instances]
2026-05-11 19:43:02.955 DEBUG
                [http-nio-8085-exec-2] [f8ef43f1-ce56-42a9-9fa4-c610a11c540e]
                o.s.web.servlet.DispatcherServlet - Completed 200 OK
2026-05-11 19:43:03.731 DEBUG
                [http-nio-8085-exec-5] [f0d93ebd-5a84-4dc2-9691-8522f8fcd81e]
                o.s.web.servlet.DispatcherServlet - GET "/MAHASBR/api/auth/districts", parameters={}
2026-05-11 19:43:03.731 DEBUG
                [http-nio-8085-exec-5] [f0d93ebd-5a84-4dc2-9691-8522f8fcd81e]
                o.s.w.s.m.m.a.RequestMappingHandlerMapping - Mapped to com.mahasbr.controller.PostLoginDashboardController#getAll()
2026-05-11 19:43:03.731 DEBUG
                [http-nio-8085-exec-3] [06e59d87-4a20-4c9d-8dee-fcacb74fcf61]
                o.s.web.servlet.DispatcherServlet - GET "/MAHASBR/api/auth/registoryData?page=0&size=12&sortBy=siNo", parameters={masked}
2026-05-11 19:43:03.731 DEBUG
                [http-nio-8085-exec-3] [06e59d87-4a20-4c9d-8dee-fcacb74fcf61]
                o.s.w.s.m.m.a.RequestMappingHandlerMapping - Mapped to com.mahasbr.controller.PostLoginDashboardController#getMasterRegistoryDetails(Long, int)
2026-05-11 19:43:03.741 WARN 
                [http-nio-8085-exec-3] [06e59d87-4a20-4c9d-8dee-fcacb74fcf61]
                c.m.s.RegistryApplicationDetailsService - [DB] HIT registryData strategy=RegAuthRegistryStrategy userId=2 roles=[ROLE_REG_AUTH_CSV] cursor=null size=12
2026-05-11 19:43:03.752 DEBUG
                [http-nio-8085-exec-3] [06e59d87-4a20-4c9d-8dee-fcacb74fcf61]
                o.s.w.s.m.m.a.HttpEntityMethodProcessor - Using 'application/json', given [application/json, text/plain, */*] and supported [application/json, application/*+json]
2026-05-11 19:43:03.753 DEBUG
                [http-nio-8085-exec-3] [06e59d87-4a20-4c9d-8dee-fcacb74fcf61]
                o.s.w.s.m.m.a.HttpEntityMethodProcessor - Writing [SliceResponse[content=[MstRegistryDetailsPageEntity(super=Auditable(createdUserId=null, updatedUserI (truncated)...]
2026-05-11 19:43:03.753 DEBUG
                [http-nio-8085-exec-5] [f0d93ebd-5a84-4dc2-9691-8522f8fcd81e]
                o.s.w.s.m.m.a.HttpEntityMethodProcessor - Using 'application/json', given [application/json, text/plain, */*] and supported [application/json, application/*+json]
2026-05-11 19:43:03.754 DEBUG
                [http-nio-8085-exec-5] [f0d93ebd-5a84-4dc2-9691-8522f8fcd81e]
                o.s.w.s.m.m.a.HttpEntityMethodProcessor - Writing [[DistrictMaster(districtId=373, censusDistrictCode=919, districtName=Palghar, censusStateCode=27, di (truncated)...]
2026-05-11 19:43:03.754 DEBUG
                [http-nio-8085-exec-3] [06e59d87-4a20-4c9d-8dee-fcacb74fcf61]
                o.s.web.servlet.DispatcherServlet - Completed 200 OK
2026-05-11 19:43:03.755 DEBUG
                [http-nio-8085-exec-5] [f0d93ebd-5a84-4dc2-9691-8522f8fcd81e]
                o.s.web.servlet.DispatcherServlet - Completed 200 OK
2026-05-11 19:44:16.624 ERROR
                [http-nio-8085-exec-3] [f68ec3e4-96a9-4298-8eac-8ad359a785dd]
                c.mahasbr.filter.AuthEntryPointJwt - Unauthorized error: Full authentication is required to access this resource
2026-05-11 19:44:16.626 ERROR
                [http-nio-8085-exec-3] [f68ec3e4-96a9-4298-8eac-8ad359a785dd]
                c.mahasbr.filter.AuthEntryPointJwt - Unauthorized error: Full authentication is required to access this resource
2026-05-11 19:44:16.625 ERROR
                [http-nio-8085-exec-2] [285b5311-cbcf-4f9b-8393-605a1caa2320]
                c.mahasbr.filter.AuthEntryPointJwt - Unauthorized error: Full authentication is required to access this resource
2026-05-11 19:44:16.628 DEBUG
                [http-nio-8085-exec-6] [128c444d-f824-44f4-aafd-a64212d49997]
                o.s.web.servlet.DispatcherServlet - GET "/MAHASBR/citizenSearch/visitor/summary", parameters={}
2026-05-11 19:44:16.628 DEBUG
                [http-nio-8085-exec-4] [590e7199-627f-4190-84cc-cf2382db4c89]
                o.s.web.servlet.DispatcherServlet - GET "/MAHASBR/citizenSearch/menus/my", parameters={}
2026-05-11 19:44:16.629 ERROR
                [http-nio-8085-exec-2] [285b5311-cbcf-4f9b-8393-605a1caa2320]
                c.mahasbr.filter.AuthEntryPointJwt - Unauthorized error: Full authentication is required to access this resource
2026-05-11 19:44:16.630 DEBUG
                [http-nio-8085-exec-6] [128c444d-f824-44f4-aafd-a64212d49997]
                o.s.w.s.m.m.a.RequestMappingHandlerMapping - Mapped to com.mahasbr.controller.VisitorController#getVisitSummary()
2026-05-11 19:44:16.630 ERROR
                [http-nio-8085-exec-3] []
                c.mahasbr.filter.AuthEntryPointJwt - Unauthorized error: Full authentication is required to access this resource
2026-05-11 19:44:16.631 ERROR
                [http-nio-8085-exec-3] []
                c.mahasbr.filter.AuthEntryPointJwt - Unauthorized error: Full authentication is required to access this resource
2026-05-11 19:44:16.630 DEBUG
                [http-nio-8085-exec-4] [590e7199-627f-4190-84cc-cf2382db4c89]
                o.s.w.s.m.m.a.RequestMappingHandlerMapping - Mapped to com.mahasbr.controller.MenuController#getMyMenus(Authentication)
2026-05-11 19:44:16.631 ERROR
                [http-nio-8085-exec-2] []
                c.mahasbr.filter.AuthEntryPointJwt - Unauthorized error: Full authentication is required to access this resource
2026-05-11 19:44:16.632 ERROR
                [http-nio-8085-exec-2] []
                c.mahasbr.filter.AuthEntryPointJwt - Unauthorized error: Full authentication is required to access this resource
2026-05-11 19:44:16.632 DEBUG
                [http-nio-8085-exec-4] [590e7199-627f-4190-84cc-cf2382db4c89]
                o.s.w.s.m.m.a.HttpEntityMethodProcessor - Using 'application/json', given [application/json, text/plain, */*] and supported [application/json, application/*+json]
2026-05-11 19:44:16.633 DEBUG
                [http-nio-8085-exec-4] [590e7199-627f-4190-84cc-cf2382db4c89]
                o.s.w.s.m.m.a.HttpEntityMethodProcessor - Writing [ApiResponse(success=false, message=Unauthorized, data=null)]
2026-05-11 19:44:16.634 DEBUG
                [http-nio-8085-exec-4] [590e7199-627f-4190-84cc-cf2382db4c89]
                o.s.web.servlet.DispatcherServlet - Completed 401 UNAUTHORIZED
2026-05-11 19:44:16.646 DEBUG
                [http-nio-8085-exec-6] [128c444d-f824-44f4-aafd-a64212d49997]
                o.s.w.s.m.m.a.RequestResponseBodyMethodProcessor - Using 'application/json', given [application/json, text/plain, */*] and supported [application/json, application/*+json]
2026-05-11 19:44:16.647 DEBUG
                [http-nio-8085-exec-6] [128c444d-f824-44f4-aafd-a64212d49997]
                o.s.w.s.m.m.a.RequestResponseBodyMethodProcessor - Writing [{todayVisits=8, totalVisits=149}]
2026-05-11 19:44:16.648 DEBUG
                [http-nio-8085-exec-6] [128c444d-f824-44f4-aafd-a64212d49997]
                o.s.web.servlet.DispatcherServlet - Completed 200 OK
2026-05-11 19:44:23.156 DEBUG
                [http-nio-8085-exec-5] [32b8eba1-c353-4624-96c4-d808eb194e10]
                o.s.web.servlet.DispatcherServlet - GET "/MAHASBR/citizenSearch/visitor/summary", parameters={}
2026-05-11 19:44:23.157 DEBUG
                [http-nio-8085-exec-5] [32b8eba1-c353-4624-96c4-d808eb194e10]
                o.s.w.s.m.m.a.RequestMappingHandlerMapping - Mapped to com.mahasbr.controller.VisitorController#getVisitSummary()
2026-05-11 19:44:23.165 DEBUG
                [http-nio-8085-exec-5] [32b8eba1-c353-4624-96c4-d808eb194e10]
                o.s.w.s.m.m.a.RequestResponseBodyMethodProcessor - Using 'application/json', given [application/json, text/plain, */*] and supported [application/json, application/*+json]
2026-05-11 19:44:23.165 DEBUG
                [http-nio-8085-exec-5] [32b8eba1-c353-4624-96c4-d808eb194e10]
                o.s.w.s.m.m.a.RequestResponseBodyMethodProcessor - Writing [{todayVisits=8, totalVisits=149}]
2026-05-11 19:44:23.166 DEBUG
                [http-nio-8085-exec-5] [32b8eba1-c353-4624-96c4-d808eb194e10]
                o.s.web.servlet.DispatcherServlet - Completed 200 OK
2026-05-11 19:44:25.299 DEBUG
                [http-nio-8085-exec-1] [ce86f145-11b8-4e11-9929-8d2e38f9a15f]
                o.s.web.servlet.DispatcherServlet - GET "/MAHASBR/citizenSearch/visitor/summary", parameters={}
2026-05-11 19:44:25.299 DEBUG
                [http-nio-8085-exec-1] [ce86f145-11b8-4e11-9929-8d2e38f9a15f]
                o.s.w.s.m.m.a.RequestMappingHandlerMapping - Mapped to com.mahasbr.controller.VisitorController#getVisitSummary()
2026-05-11 19:44:25.308 DEBUG
                [http-nio-8085-exec-8] [ce914be0-b252-4218-896e-0ac10b065104]
                o.s.web.servlet.DispatcherServlet - POST "/MAHASBR/citizenSearch/visitor", parameters={}
2026-05-11 19:44:25.309 DEBUG
                [http-nio-8085-exec-8] [ce914be0-b252-4218-896e-0ac10b065104]
                o.s.w.s.m.m.a.RequestMappingHandlerMapping - Mapped to com.mahasbr.controller.VisitorController#recordVisit(HttpServletRequest)
2026-05-11 19:44:25.314 DEBUG
                [http-nio-8085-exec-1] [ce86f145-11b8-4e11-9929-8d2e38f9a15f]
                o.s.w.s.m.m.a.RequestResponseBodyMethodProcessor - Using 'application/json', given [application/json, text/plain, */*] and supported [application/json, application/*+json]
2026-05-11 19:44:25.314 DEBUG
                [http-nio-8085-exec-1] [ce86f145-11b8-4e11-9929-8d2e38f9a15f]
                o.s.w.s.m.m.a.RequestResponseBodyMethodProcessor - Writing [{todayVisits=8, totalVisits=149}]
2026-05-11 19:44:25.315 DEBUG
                [http-nio-8085-exec-1] [ce86f145-11b8-4e11-9929-8d2e38f9a15f]
                o.s.web.servlet.DispatcherServlet - Completed 200 OK
2026-05-11 19:44:25.331 DEBUG
                [http-nio-8085-exec-8] [ce914be0-b252-4218-896e-0ac10b065104]
                o.s.w.s.m.m.a.RequestResponseBodyMethodProcessor - Using 'application/json', given [application/json, text/plain, */*] and supported [application/json, application/*+json]
2026-05-11 19:44:25.332 DEBUG
                [http-nio-8085-exec-8] [ce914be0-b252-4218-896e-0ac10b065104]
                o.s.w.s.m.m.a.RequestResponseBodyMethodProcessor - Writing [{message=Visit recorded successfully}]
2026-05-11 19:44:25.332 DEBUG
                [http-nio-8085-exec-8] [ce914be0-b252-4218-896e-0ac10b065104]
                o.s.web.servlet.DispatcherServlet - Completed 200 OK
2026-05-11 19:44:28.367 DEBUG
                [http-nio-8085-exec-10] [5a0323a7-d632-4f0b-88db-c0d804680fde]
                o.s.web.servlet.DispatcherServlet - GET "/MAHASBR/citizenSearch/visitor/summary", parameters={}
2026-05-11 19:44:28.368 DEBUG
                [http-nio-8085-exec-10] [5a0323a7-d632-4f0b-88db-c0d804680fde]
                o.s.w.s.m.m.a.RequestMappingHandlerMapping - Mapped to com.mahasbr.controller.VisitorController#getVisitSummary()
2026-05-11 19:44:28.373 DEBUG
                [http-nio-8085-exec-7] [066afaed-4250-4756-9a46-454433372b17]
                o.s.web.servlet.DispatcherServlet - POST "/MAHASBR/citizenSearch/visitor", parameters={}
2026-05-11 19:44:28.374 DEBUG
                [http-nio-8085-exec-7] [066afaed-4250-4756-9a46-454433372b17]
                o.s.w.s.m.m.a.RequestMappingHandlerMapping - Mapped to com.mahasbr.controller.VisitorController#recordVisit(HttpServletRequest)
2026-05-11 19:44:28.382 DEBUG
                [http-nio-8085-exec-10] [5a0323a7-d632-4f0b-88db-c0d804680fde]
                o.s.w.s.m.m.a.RequestResponseBodyMethodProcessor - Using 'application/json', given [application/json, text/plain, */*] and supported [application/json, application/*+json]
2026-05-11 19:44:28.382 DEBUG
                [http-nio-8085-exec-10] [5a0323a7-d632-4f0b-88db-c0d804680fde]
                o.s.w.s.m.m.a.RequestResponseBodyMethodProcessor - Writing [{todayVisits=9, totalVisits=150}]
2026-05-11 19:44:28.383 DEBUG
                [http-nio-8085-exec-10] [5a0323a7-d632-4f0b-88db-c0d804680fde]
                o.s.web.servlet.DispatcherServlet - Completed 200 OK
2026-05-11 19:44:28.389 DEBUG
                [http-nio-8085-exec-7] [066afaed-4250-4756-9a46-454433372b17]
                o.s.w.s.m.m.a.RequestResponseBodyMethodProcessor - Using 'application/json', given [application/json, text/plain, */*] and supported [application/json, application/*+json]
2026-05-11 19:44:28.390 DEBUG
                [http-nio-8085-exec-7] [066afaed-4250-4756-9a46-454433372b17]
                o.s.w.s.m.m.a.RequestResponseBodyMethodProcessor - Writing [{message=Visit recorded successfully}]
2026-05-11 19:44:28.390 DEBUG
                [http-nio-8085-exec-7] [066afaed-4250-4756-9a46-454433372b17]
                o.s.web.servlet.DispatcherServlet - Completed 200 OK
2026-05-11 19:44:30.104 DEBUG
                [http-nio-8085-exec-9] [05a73ac3-adbb-4164-ad6c-5b594f2ec4ff]
                o.s.web.servlet.DispatcherServlet - GET "/MAHASBR/citizenSearch/visitor/summary", parameters={}
2026-05-11 19:44:30.104 DEBUG
                [http-nio-8085-exec-9] [05a73ac3-adbb-4164-ad6c-5b594f2ec4ff]
                o.s.w.s.m.m.a.RequestMappingHandlerMapping - Mapped to com.mahasbr.controller.VisitorController#getVisitSummary()
2026-05-11 19:44:30.104 DEBUG
                [http-nio-8085-exec-3] [a6918958-e372-4feb-8116-2f264a46afad]
                o.s.web.servlet.DispatcherServlet - POST "/MAHASBR/citizenSearch/visitor", parameters={}
2026-05-11 19:44:30.106 DEBUG
                [http-nio-8085-exec-3] [a6918958-e372-4feb-8116-2f264a46afad]
                o.s.w.s.m.m.a.RequestMappingHandlerMapping - Mapped to com.mahasbr.controller.VisitorController#recordVisit(HttpServletRequest)
2026-05-11 19:44:30.115 DEBUG
                [http-nio-8085-exec-9] [05a73ac3-adbb-4164-ad6c-5b594f2ec4ff]
                o.s.w.s.m.m.a.RequestResponseBodyMethodProcessor - Using 'application/json', given [application/json, text/plain, */*] and supported [application/json, application/*+json]
2026-05-11 19:44:30.116 DEBUG
                [http-nio-8085-exec-9] [05a73ac3-adbb-4164-ad6c-5b594f2ec4ff]
                o.s.w.s.m.m.a.RequestResponseBodyMethodProcessor - Writing [{todayVisits=10, totalVisits=151}]
2026-05-11 19:44:30.117 DEBUG
                [http-nio-8085-exec-9] [05a73ac3-adbb-4164-ad6c-5b594f2ec4ff]
                o.s.web.servlet.DispatcherServlet - Completed 200 OK
2026-05-11 19:44:30.123 DEBUG
                [http-nio-8085-exec-3] [a6918958-e372-4feb-8116-2f264a46afad]
                o.s.w.s.m.m.a.RequestResponseBodyMethodProcessor - Using 'application/json', given [application/json, text/plain, */*] and supported [application/json, application/*+json]
2026-05-11 19:44:30.124 DEBUG
                [http-nio-8085-exec-3] [a6918958-e372-4feb-8116-2f264a46afad]
                o.s.w.s.m.m.a.RequestResponseBodyMethodProcessor - Writing [{message=Visit recorded successfully}]
2026-05-11 19:44:30.124 DEBUG
                [http-nio-8085-exec-3] [a6918958-e372-4feb-8116-2f264a46afad]
                o.s.web.servlet.DispatcherServlet - Completed 200 OK
2026-05-11 19:44:34.688 DEBUG
                [http-nio-8085-exec-2] [09eaf2db-96d7-4657-b476-9b422697bb46]
                o.s.web.servlet.DispatcherServlet - GET "/MAHASBR/citizenSearch/visitor/summary", parameters={}
2026-05-11 19:44:34.688 DEBUG
                [http-nio-8085-exec-2] [09eaf2db-96d7-4657-b476-9b422697bb46]
                o.s.w.s.m.m.a.RequestMappingHandlerMapping - Mapped to com.mahasbr.controller.VisitorController#getVisitSummary()
2026-05-11 19:44:34.699 DEBUG
                [http-nio-8085-exec-2] [09eaf2db-96d7-4657-b476-9b422697bb46]
                o.s.w.s.m.m.a.RequestResponseBodyMethodProcessor - Using 'application/json', given [application/json, text/plain, */*] and supported [application/json, application/*+json]
2026-05-11 19:44:34.700 DEBUG
                [http-nio-8085-exec-2] [09eaf2db-96d7-4657-b476-9b422697bb46]
                o.s.w.s.m.m.a.RequestResponseBodyMethodProcessor - Writing [{todayVisits=11, totalVisits=152}]
2026-05-11 19:44:34.701 DEBUG
                [http-nio-8085-exec-2] [09eaf2db-96d7-4657-b476-9b422697bb46]
                o.s.web.servlet.DispatcherServlet - Completed 200 OK
2026-05-11 19:44:36.154 DEBUG
                [http-nio-8085-exec-4] [3a6b70f3-3a47-4a36-b6ef-b6ad1439e540]
                o.s.web.servlet.DispatcherServlet - GET "/MAHASBR/citizenSearch/districts", parameters={}
2026-05-11 19:44:36.157 DEBUG
                [http-nio-8085-exec-4] [3a6b70f3-3a47-4a36-b6ef-b6ad1439e540]
                o.s.w.s.m.m.a.RequestMappingHandlerMapping - Mapped to com.mahasbr.controller.SearchBRNController#getAll()
2026-05-11 19:44:36.183 DEBUG
                [http-nio-8085-exec-4] [3a6b70f3-3a47-4a36-b6ef-b6ad1439e540]
                o.s.w.s.m.m.a.HttpEntityMethodProcessor - Using 'application/json', given [application/json, text/plain, */*] and supported [application/json, application/*+json]
2026-05-11 19:44:36.183 DEBUG
                [http-nio-8085-exec-4] [3a6b70f3-3a47-4a36-b6ef-b6ad1439e540]
                o.s.w.s.m.m.a.HttpEntityMethodProcessor - Writing [[DistrictMaster(districtId=373, censusDistrictCode=919, districtName=Palghar, censusStateCode=27, di (truncated)...]
2026-05-11 19:44:36.184 DEBUG
                [http-nio-8085-exec-4] [3a6b70f3-3a47-4a36-b6ef-b6ad1439e540]
                o.s.web.servlet.DispatcherServlet - Completed 200 OK
2026-05-11 19:44:37.638 DEBUG
                [http-nio-8085-exec-6] [57a5dbe3-70b7-46bd-bf6a-b8045cbbe3cf]
                o.s.web.servlet.DispatcherServlet - GET "/MAHASBR/citizenSearch/visitor/summary", parameters={}
2026-05-11 19:44:37.639 DEBUG
                [http-nio-8085-exec-6] [57a5dbe3-70b7-46bd-bf6a-b8045cbbe3cf]
                o.s.w.s.m.m.a.RequestMappingHandlerMapping - Mapped to com.mahasbr.controller.VisitorController#getVisitSummary()
2026-05-11 19:44:37.653 DEBUG
                [http-nio-8085-exec-6] [57a5dbe3-70b7-46bd-bf6a-b8045cbbe3cf]
                o.s.w.s.m.m.a.RequestResponseBodyMethodProcessor - Using 'application/json', given [application/json, text/plain, */*] and supported [application/json, application/*+json]
2026-05-11 19:44:37.653 DEBUG
                [http-nio-8085-exec-6] [57a5dbe3-70b7-46bd-bf6a-b8045cbbe3cf]
                o.s.w.s.m.m.a.RequestResponseBodyMethodProcessor - Writing [{todayVisits=11, totalVisits=152}]
2026-05-11 19:44:37.654 DEBUG
                [http-nio-8085-exec-6] [57a5dbe3-70b7-46bd-bf6a-b8045cbbe3cf]
                o.s.web.servlet.DispatcherServlet - Completed 200 OK
2026-05-11 19:44:37.824 DEBUG
                [http-nio-8085-exec-5] [c03b8314-282a-4057-a777-cbba35395c6f]
                o.s.web.servlet.DispatcherServlet - GET "/MAHASBR/citizenSearch/circulars", parameters={}
2026-05-11 19:44:37.826 DEBUG
                [http-nio-8085-exec-5] [c03b8314-282a-4057-a777-cbba35395c6f]
                o.s.w.s.m.m.a.RequestMappingHandlerMapping - Mapped to com.mahasbr.controller.SearchBRNController#getAllCirculars()
2026-05-11 19:44:37.840 DEBUG
                [http-nio-8085-exec-5] [c03b8314-282a-4057-a777-cbba35395c6f]
                o.s.w.s.m.m.a.HttpEntityMethodProcessor - Using 'application/json', given [application/json, text/plain, */*] and supported [application/json, application/*+json]
2026-05-11 19:44:37.842 DEBUG
                [http-nio-8085-exec-5] [c03b8314-282a-4057-a777-cbba35395c6f]
                o.s.w.s.m.m.a.HttpEntityMethodProcessor - Writing [[com.mahasbr.dto.CircularResponseDTO@657d4c87]]
2026-05-11 19:44:37.843 DEBUG
                [http-nio-8085-exec-5] [c03b8314-282a-4057-a777-cbba35395c6f]
                o.s.web.servlet.DispatcherServlet - Completed 200 OK
2026-05-11 19:44:39.855 DEBUG
                [http-nio-8085-exec-8] [623461d9-0536-41d1-80c2-0bf2fed4ad51]
                o.s.web.servlet.DispatcherServlet - GET "/MAHASBR/citizenSearch/visitor/summary", parameters={}
2026-05-11 19:44:39.856 DEBUG
                [http-nio-8085-exec-8] [623461d9-0536-41d1-80c2-0bf2fed4ad51]
                o.s.w.s.m.m.a.RequestMappingHandlerMapping - Mapped to com.mahasbr.controller.VisitorController#getVisitSummary()
2026-05-11 19:44:39.867 DEBUG
                [http-nio-8085-exec-8] [623461d9-0536-41d1-80c2-0bf2fed4ad51]
                o.s.w.s.m.m.a.RequestResponseBodyMethodProcessor - Using 'application/json', given [application/json, text/plain, */*] and supported [application/json, application/*+json]
2026-05-11 19:44:39.868 DEBUG
                [http-nio-8085-exec-8] [623461d9-0536-41d1-80c2-0bf2fed4ad51]
                o.s.w.s.m.m.a.RequestResponseBodyMethodProcessor - Writing [{todayVisits=11, totalVisits=152}]
2026-05-11 19:44:39.869 DEBUG
                [http-nio-8085-exec-8] [623461d9-0536-41d1-80c2-0bf2fed4ad51]
                o.s.web.servlet.DispatcherServlet - Completed 200 OK
2026-05-11 19:44:39.872 DEBUG
                [http-nio-8085-exec-10] [cb81fa3e-ed01-45ec-99de-c49afcc135a4]
                o.s.web.servlet.DispatcherServlet - GET "/MAHASBR/citizenSearch/circulars", parameters={}
2026-05-11 19:44:39.874 DEBUG
                [http-nio-8085-exec-10] [cb81fa3e-ed01-45ec-99de-c49afcc135a4]
                o.s.w.s.m.m.a.RequestMappingHandlerMapping - Mapped to com.mahasbr.controller.SearchBRNController#getAllCirculars()
2026-05-11 19:44:39.887 DEBUG
                [http-nio-8085-exec-10] [cb81fa3e-ed01-45ec-99de-c49afcc135a4]
                o.s.w.s.m.m.a.HttpEntityMethodProcessor - Using 'application/json', given [application/json, text/plain, */*] and supported [application/json, application/*+json]
2026-05-11 19:44:39.892 DEBUG
                [http-nio-8085-exec-10] [cb81fa3e-ed01-45ec-99de-c49afcc135a4]
                o.s.w.s.m.m.a.HttpEntityMethodProcessor - Writing [[com.mahasbr.dto.CircularResponseDTO@cc3a1c7]]
2026-05-11 19:44:39.895 DEBUG
                [http-nio-8085-exec-10] [cb81fa3e-ed01-45ec-99de-c49afcc135a4]
                o.s.web.servlet.DispatcherServlet - Completed 200 OK
2026-05-11 19:44:53.813 DEBUG
                [http-nio-8085-exec-7] [ae4ecdfa-ecd9-4eca-8014-5da8c56e0cf3]
                o.s.web.servlet.DispatcherServlet - GET "/MAHASBR/citizenSearch/menus/my", parameters={}
2026-05-11 19:44:53.813 DEBUG
                [http-nio-8085-exec-7] [ae4ecdfa-ecd9-4eca-8014-5da8c56e0cf3]
                o.s.w.s.m.m.a.RequestMappingHandlerMapping - Mapped to com.mahasbr.controller.MenuController#getMyMenus(Authentication)
2026-05-11 19:44:53.817 DEBUG
                [http-nio-8085-exec-9] [722b1201-32be-408a-ae92-699555e1ffcc]
                o.s.web.servlet.DispatcherServlet - GET "/MAHASBR/api/auth/registoryData?page=0&size=12&sortBy=siNo", parameters={masked}
2026-05-11 19:44:53.818 DEBUG
                [http-nio-8085-exec-9] [722b1201-32be-408a-ae92-699555e1ffcc]
                o.s.w.s.m.m.a.RequestMappingHandlerMapping - Mapped to com.mahasbr.controller.PostLoginDashboardController#getMasterRegistoryDetails(Long, int)
2026-05-11 19:44:53.819 DEBUG
                [http-nio-8085-exec-3] [ca80c4c6-b03f-44f4-9763-2cbf53697066]
                o.s.web.servlet.DispatcherServlet - GET "/MAHASBR/api/auth/districts", parameters={}
2026-05-11 19:44:53.819 DEBUG
                [http-nio-8085-exec-3] [ca80c4c6-b03f-44f4-9763-2cbf53697066]
                o.s.w.s.m.m.a.RequestMappingHandlerMapping - Mapped to com.mahasbr.controller.PostLoginDashboardController#getAll()
2026-05-11 19:44:53.825 DEBUG
                [http-nio-8085-exec-7] [ae4ecdfa-ecd9-4eca-8014-5da8c56e0cf3]
                o.s.w.s.m.m.a.HttpEntityMethodProcessor - Using 'application/json', given [application/json, text/plain, */*] and supported [application/json, application/*+json]
2026-05-11 19:44:53.825 DEBUG
                [http-nio-8085-exec-7] [ae4ecdfa-ecd9-4eca-8014-5da8c56e0cf3]
                o.s.w.s.m.m.a.HttpEntityMethodProcessor - Writing [ApiResponse(success=true, message=Menus loaded successfully, data=[MenuDTO(id=18, nameEn=Dashboard,  (truncated)...]
2026-05-11 19:44:53.825 DEBUG
                [http-nio-8085-exec-7] [ae4ecdfa-ecd9-4eca-8014-5da8c56e0cf3]
                o.s.web.servlet.DispatcherServlet - Completed 200 OK
2026-05-11 19:44:53.828 WARN 
                [http-nio-8085-exec-9] [722b1201-32be-408a-ae92-699555e1ffcc]
                c.m.s.RegistryApplicationDetailsService - [DB] HIT registryData strategy=RegAuthRegistryStrategy userId=2 roles=[ROLE_REG_AUTH_CSV] cursor=null size=12
2026-05-11 19:44:53.841 DEBUG
                [http-nio-8085-exec-9] [722b1201-32be-408a-ae92-699555e1ffcc]
                o.s.w.s.m.m.a.HttpEntityMethodProcessor - Using 'application/json', given [application/json, text/plain, */*] and supported [application/json, application/*+json]
2026-05-11 19:44:53.841 DEBUG
                [http-nio-8085-exec-9] [722b1201-32be-408a-ae92-699555e1ffcc]
                o.s.w.s.m.m.a.HttpEntityMethodProcessor - Writing [SliceResponse[content=[MstRegistryDetailsPageEntity(super=Auditable(createdUserId=null, updatedUserI (truncated)...]
2026-05-11 19:44:53.842 DEBUG
                [http-nio-8085-exec-9] [722b1201-32be-408a-ae92-699555e1ffcc]
                o.s.web.servlet.DispatcherServlet - Completed 200 OK
2026-05-11 19:44:53.849 DEBUG
                [http-nio-8085-exec-3] [ca80c4c6-b03f-44f4-9763-2cbf53697066]
                o.s.w.s.m.m.a.HttpEntityMethodProcessor - Using 'application/json', given [application/json, text/plain, */*] and supported [application/json, application/*+json]
2026-05-11 19:44:53.850 DEBUG
                [http-nio-8085-exec-3] [ca80c4c6-b03f-44f4-9763-2cbf53697066]
                o.s.w.s.m.m.a.HttpEntityMethodProcessor - Writing [[DistrictMaster(districtId=373, censusDistrictCode=919, districtName=Palghar, censusStateCode=27, di (truncated)...]
2026-05-11 19:44:53.851 DEBUG
                [http-nio-8085-exec-3] [ca80c4c6-b03f-44f4-9763-2cbf53697066]
                o.s.web.servlet.DispatcherServlet - Completed 200 OK
2026-05-11 19:44:56.286 DEBUG
                [http-nio-8085-exec-2] [4b38f564-fbac-4763-9166-a13aa877a37b]
                o.s.web.servlet.DispatcherServlet - GET "/MAHASBR/api/auth/registoryData?page=NaN&size=12&sortBy=siNo", parameters={masked}
2026-05-11 19:44:56.286 DEBUG
                [http-nio-8085-exec-2] [4b38f564-fbac-4763-9166-a13aa877a37b]
                o.s.w.s.m.m.a.RequestMappingHandlerMapping - Mapped to com.mahasbr.controller.PostLoginDashboardController#getMasterRegistoryDetails(Long, int)
2026-05-11 19:44:56.296 WARN 
                [http-nio-8085-exec-2] [4b38f564-fbac-4763-9166-a13aa877a37b]
                c.m.s.RegistryApplicationDetailsService - [DB] HIT registryData strategy=RegAuthRegistryStrategy userId=2 roles=[ROLE_REG_AUTH_CSV] cursor=null size=12
2026-05-11 19:44:56.306 DEBUG
                [http-nio-8085-exec-2] [4b38f564-fbac-4763-9166-a13aa877a37b]
                o.s.w.s.m.m.a.HttpEntityMethodProcessor - Using 'application/json', given [application/json, text/plain, */*] and supported [application/json, application/*+json]
2026-05-11 19:44:56.308 DEBUG
                [http-nio-8085-exec-2] [4b38f564-fbac-4763-9166-a13aa877a37b]
                o.s.w.s.m.m.a.HttpEntityMethodProcessor - Writing [SliceResponse[content=[MstRegistryDetailsPageEntity(super=Auditable(createdUserId=null, updatedUserI (truncated)...]
2026-05-11 19:44:56.309 DEBUG
                [http-nio-8085-exec-2] [4b38f564-fbac-4763-9166-a13aa877a37b]
                o.s.web.servlet.DispatcherServlet - Completed 200 OK
2026-05-11 19:44:59.126 DEBUG
                [http-nio-8085-exec-6] [8383d7f2-7e75-4689-b4f9-ae3891578f55]
                o.s.web.servlet.DispatcherServlet - GET "/MAHASBR/api/auth/registoryData?page=NaN&size=12&sortBy=siNo", parameters={masked}
2026-05-11 19:44:59.127 DEBUG
                [http-nio-8085-exec-6] [8383d7f2-7e75-4689-b4f9-ae3891578f55]
                o.s.w.s.m.m.a.RequestMappingHandlerMapping - Mapped to com.mahasbr.controller.PostLoginDashboardController#getMasterRegistoryDetails(Long, int)
2026-05-11 19:44:59.127 DEBUG
                [http-nio-8085-exec-4] [a1631460-cdcc-4966-9d01-9cf01d9c33fc]
                o.s.web.servlet.DispatcherServlet - GET "/MAHASBR/api/auth/registoryData?page=0&size=12&sortBy=siNo", parameters={masked}
2026-05-11 19:44:59.128 DEBUG
                [http-nio-8085-exec-4] [a1631460-cdcc-4966-9d01-9cf01d9c33fc]
                o.s.w.s.m.m.a.RequestMappingHandlerMapping - Mapped to com.mahasbr.controller.PostLoginDashboardController#getMasterRegistoryDetails(Long, int)
2026-05-11 19:44:59.138 WARN 
                [http-nio-8085-exec-6] [8383d7f2-7e75-4689-b4f9-ae3891578f55]
                c.m.s.RegistryApplicationDetailsService - [DB] HIT registryData strategy=RegAuthRegistryStrategy userId=2 roles=[ROLE_REG_AUTH_CSV] cursor=null size=12
2026-05-11 19:44:59.140 WARN 
                [http-nio-8085-exec-4] [a1631460-cdcc-4966-9d01-9cf01d9c33fc]
                c.m.s.RegistryApplicationDetailsService - [DB] HIT registryData strategy=RegAuthRegistryStrategy userId=2 roles=[ROLE_REG_AUTH_CSV] cursor=null size=12
2026-05-11 19:44:59.149 DEBUG
                [http-nio-8085-exec-6] [8383d7f2-7e75-4689-b4f9-ae3891578f55]
                o.s.w.s.m.m.a.HttpEntityMethodProcessor - Using 'application/json', given [application/json, text/plain, */*] and supported [application/json, application/*+json]
2026-05-11 19:44:59.150 DEBUG
                [http-nio-8085-exec-6] [8383d7f2-7e75-4689-b4f9-ae3891578f55]
                o.s.w.s.m.m.a.HttpEntityMethodProcessor - Writing [SliceResponse[content=[MstRegistryDetailsPageEntity(super=Auditable(createdUserId=null, updatedUserI (truncated)...]
2026-05-11 19:44:59.151 DEBUG
                [http-nio-8085-exec-6] [8383d7f2-7e75-4689-b4f9-ae3891578f55]
                o.s.web.servlet.DispatcherServlet - Completed 200 OK
2026-05-11 19:44:59.153 DEBUG
                [http-nio-8085-exec-4] [a1631460-cdcc-4966-9d01-9cf01d9c33fc]
                o.s.w.s.m.m.a.HttpEntityMethodProcessor - Using 'application/json', given [application/json, text/plain, */*] and supported [application/json, application/*+json]
2026-05-11 19:44:59.154 DEBUG
                [http-nio-8085-exec-4] [a1631460-cdcc-4966-9d01-9cf01d9c33fc]
                o.s.w.s.m.m.a.HttpEntityMethodProcessor - Writing [SliceResponse[content=[MstRegistryDetailsPageEntity(super=Auditable(createdUserId=null, updatedUserI (truncated)...]
2026-05-11 19:44:59.156 DEBUG
                [http-nio-8085-exec-4] [a1631460-cdcc-4966-9d01-9cf01d9c33fc]
                o.s.web.servlet.DispatcherServlet - Completed 200 OK
2026-05-11 19:44:59.286 DEBUG
                [http-nio-8085-exec-5] [dc3b0346-3e4b-43f8-8f14-6d4903ae09e7]
                o.s.web.servlet.DispatcherServlet - GET "/MAHASBR/api/auth/registoryData?page=NaN&size=12&sortBy=siNo", parameters={masked}
2026-05-11 19:44:59.286 DEBUG
                [http-nio-8085-exec-5] [dc3b0346-3e4b-43f8-8f14-6d4903ae09e7]
                o.s.w.s.m.m.a.RequestMappingHandlerMapping - Mapped to com.mahasbr.controller.PostLoginDashboardController#getMasterRegistoryDetails(Long, int)
2026-05-11 19:44:59.296 WARN 
                [http-nio-8085-exec-5] [dc3b0346-3e4b-43f8-8f14-6d4903ae09e7]
                c.m.s.RegistryApplicationDetailsService - [DB] HIT registryData strategy=RegAuthRegistryStrategy userId=2 roles=[ROLE_REG_AUTH_CSV] cursor=null size=12
2026-05-11 19:44:59.304 DEBUG
                [http-nio-8085-exec-5] [dc3b0346-3e4b-43f8-8f14-6d4903ae09e7]
                o.s.w.s.m.m.a.HttpEntityMethodProcessor - Using 'application/json', given [application/json, text/plain, */*] and supported [application/json, application/*+json]
2026-05-11 19:44:59.305 DEBUG
                [http-nio-8085-exec-5] [dc3b0346-3e4b-43f8-8f14-6d4903ae09e7]
                o.s.w.s.m.m.a.HttpEntityMethodProcessor - Writing [SliceResponse[content=[MstRegistryDetailsPageEntity(super=Auditable(createdUserId=null, updatedUserI (truncated)...]
2026-05-11 19:44:59.306 DEBUG
                [http-nio-8085-exec-5] [dc3b0346-3e4b-43f8-8f14-6d4903ae09e7]
                o.s.web.servlet.DispatcherServlet - Completed 200 OK
2026-05-11 19:45:00.207 DEBUG
                [http-nio-8085-exec-1] [abab4616-e111-41bf-816d-b8831ec19fac]
                o.s.web.servlet.DispatcherServlet - GET "/MAHASBR/api/auth/registoryData?page=NaN&size=12&sortBy=siNo", parameters={masked}
2026-05-11 19:45:00.207 DEBUG
                [http-nio-8085-exec-1] [abab4616-e111-41bf-816d-b8831ec19fac]
                o.s.w.s.m.m.a.RequestMappingHandlerMapping - Mapped to com.mahasbr.controller.PostLoginDashboardController#getMasterRegistoryDetails(Long, int)
2026-05-11 19:45:00.218 WARN 
                [http-nio-8085-exec-1] [abab4616-e111-41bf-816d-b8831ec19fac]
                c.m.s.RegistryApplicationDetailsService - [DB] HIT registryData strategy=RegAuthRegistryStrategy userId=2 roles=[ROLE_REG_AUTH_CSV] cursor=null size=12
2026-05-11 19:45:00.231 DEBUG
                [http-nio-8085-exec-1] [abab4616-e111-41bf-816d-b8831ec19fac]
                o.s.w.s.m.m.a.HttpEntityMethodProcessor - Using 'application/json', given [application/json, text/plain, */*] and supported [application/json, application/*+json]
2026-05-11 19:45:00.231 DEBUG
                [http-nio-8085-exec-1] [abab4616-e111-41bf-816d-b8831ec19fac]
                o.s.w.s.m.m.a.HttpEntityMethodProcessor - Writing [SliceResponse[content=[MstRegistryDetailsPageEntity(super=Auditable(createdUserId=null, updatedUserI (truncated)...]
2026-05-11 19:45:00.232 DEBUG
                [http-nio-8085-exec-1] [abab4616-e111-41bf-816d-b8831ec19fac]
                o.s.web.servlet.DispatcherServlet - Completed 200 OK
2026-05-11 19:45:00.864 DEBUG
                [http-nio-8085-exec-8] [d31a3ecb-cd32-4193-9884-35cf71f78e0a]
                o.s.web.servlet.DispatcherServlet - GET "/MAHASBR/api/auth/registoryData?page=NaN&size=12&sortBy=siNo", parameters={masked}
2026-05-11 19:45:00.864 DEBUG
                [http-nio-8085-exec-8] [d31a3ecb-cd32-4193-9884-35cf71f78e0a]
                o.s.w.s.m.m.a.RequestMappingHandlerMapping - Mapped to com.mahasbr.controller.PostLoginDashboardController#getMasterRegistoryDetails(Long, int)
2026-05-11 19:45:00.879 WARN 
                [http-nio-8085-exec-8] [d31a3ecb-cd32-4193-9884-35cf71f78e0a]
                c.m.s.RegistryApplicationDetailsService - [DB] HIT registryData strategy=RegAuthRegistryStrategy userId=2 roles=[ROLE_REG_AUTH_CSV] cursor=null size=12
2026-05-11 19:45:00.890 DEBUG
                [http-nio-8085-exec-8] [d31a3ecb-cd32-4193-9884-35cf71f78e0a]
                o.s.w.s.m.m.a.HttpEntityMethodProcessor - Using 'application/json', given [application/json, text/plain, */*] and supported [application/json, application/*+json]
2026-05-11 19:45:00.891 DEBUG
                [http-nio-8085-exec-8] [d31a3ecb-cd32-4193-9884-35cf71f78e0a]
                o.s.w.s.m.m.a.HttpEntityMethodProcessor - Writing [SliceResponse[content=[MstRegistryDetailsPageEntity(super=Auditable(createdUserId=null, updatedUserI (truncated)...]
2026-05-11 19:45:00.892 DEBUG
                [http-nio-8085-exec-8] [d31a3ecb-cd32-4193-9884-35cf71f78e0a]
                o.s.web.servlet.DispatcherServlet - Completed 200 OK
2026-05-11 19:45:01.332 DEBUG
                [http-nio-8085-exec-10] [a8a63c76-67ec-425c-bcb0-5f40622c73fa]
                o.s.web.servlet.DispatcherServlet - GET "/MAHASBR/api/auth/registoryData?page=NaN&size=12&sortBy=siNo", parameters={masked}
2026-05-11 19:45:01.333 DEBUG
                [http-nio-8085-exec-10] [a8a63c76-67ec-425c-bcb0-5f40622c73fa]
                o.s.w.s.m.m.a.RequestMappingHandlerMapping - Mapped to com.mahasbr.controller.PostLoginDashboardController#getMasterRegistoryDetails(Long, int)
2026-05-11 19:45:01.343 WARN 
                [http-nio-8085-exec-10] [a8a63c76-67ec-425c-bcb0-5f40622c73fa]
                c.m.s.RegistryApplicationDetailsService - [DB] HIT registryData strategy=RegAuthRegistryStrategy userId=2 roles=[ROLE_REG_AUTH_CSV] cursor=null size=12
2026-05-11 19:45:01.354 DEBUG
                [http-nio-8085-exec-10] [a8a63c76-67ec-425c-bcb0-5f40622c73fa]
                o.s.w.s.m.m.a.HttpEntityMethodProcessor - Using 'application/json', given [application/json, text/plain, */*] and supported [application/json, application/*+json]
2026-05-11 19:45:01.355 DEBUG
                [http-nio-8085-exec-10] [a8a63c76-67ec-425c-bcb0-5f40622c73fa]
                o.s.w.s.m.m.a.HttpEntityMethodProcessor - Writing [SliceResponse[content=[MstRegistryDetailsPageEntity(super=Auditable(createdUserId=null, updatedUserI (truncated)...]
2026-05-11 19:45:01.356 DEBUG
                [http-nio-8085-exec-10] [a8a63c76-67ec-425c-bcb0-5f40622c73fa]
                o.s.web.servlet.DispatcherServlet - Completed 200 OK
2026-05-11 19:45:01.988 DEBUG
                [http-nio-8085-exec-7] [496eb592-36d3-43a5-b918-891e9f2d62e2]
                o.s.web.servlet.DispatcherServlet - GET "/MAHASBR/api/auth/registoryData?page=NaN&size=12&sortBy=siNo", parameters={masked}
2026-05-11 19:45:01.989 DEBUG
                [http-nio-8085-exec-7] [496eb592-36d3-43a5-b918-891e9f2d62e2]
                o.s.w.s.m.m.a.RequestMappingHandlerMapping - Mapped to com.mahasbr.controller.PostLoginDashboardController#getMasterRegistoryDetails(Long, int)
2026-05-11 19:45:01.999 WARN 
                [http-nio-8085-exec-7] [496eb592-36d3-43a5-b918-891e9f2d62e2]
                c.m.s.RegistryApplicationDetailsService - [DB] HIT registryData strategy=RegAuthRegistryStrategy userId=2 roles=[ROLE_REG_AUTH_CSV] cursor=null size=12
2026-05-11 19:45:02.009 DEBUG
                [http-nio-8085-exec-7] [496eb592-36d3-43a5-b918-891e9f2d62e2]
                o.s.w.s.m.m.a.HttpEntityMethodProcessor - Using 'application/json', given [application/json, text/plain, */*] and supported [application/json, application/*+json]
2026-05-11 19:45:02.009 DEBUG
                [http-nio-8085-exec-7] [496eb592-36d3-43a5-b918-891e9f2d62e2]
                o.s.w.s.m.m.a.HttpEntityMethodProcessor - Writing [SliceResponse[content=[MstRegistryDetailsPageEntity(super=Auditable(createdUserId=null, updatedUserI (truncated)...]
2026-05-11 19:45:02.010 DEBUG
                [http-nio-8085-exec-7] [496eb592-36d3-43a5-b918-891e9f2d62e2]
                o.s.web.servlet.DispatcherServlet - Completed 200 OK
2026-05-11 19:45:02.478 DEBUG
                [http-nio-8085-exec-9] [083d3c04-7f2d-4306-b67e-083c07bf5636]
                o.s.web.servlet.DispatcherServlet - GET "/MAHASBR/api/auth/registoryData?page=0&size=12&sortBy=siNo", parameters={masked}
2026-05-11 19:45:02.478 DEBUG
                [http-nio-8085-exec-9] [083d3c04-7f2d-4306-b67e-083c07bf5636]
                o.s.w.s.m.m.a.RequestMappingHandlerMapping - Mapped to com.mahasbr.controller.PostLoginDashboardController#getMasterRegistoryDetails(Long, int)
2026-05-11 19:45:02.493 WARN 
                [http-nio-8085-exec-9] [083d3c04-7f2d-4306-b67e-083c07bf5636]
                c.m.s.RegistryApplicationDetailsService - [DB] HIT registryData strategy=RegAuthRegistryStrategy userId=2 roles=[ROLE_REG_AUTH_CSV] cursor=null size=12
2026-05-11 19:45:02.504 DEBUG
                [http-nio-8085-exec-9] [083d3c04-7f2d-4306-b67e-083c07bf5636]
                o.s.w.s.m.m.a.HttpEntityMethodProcessor - Using 'application/json', given [application/json, text/plain, */*] and supported [application/json, application/*+json]
2026-05-11 19:45:02.505 DEBUG
                [http-nio-8085-exec-9] [083d3c04-7f2d-4306-b67e-083c07bf5636]
                o.s.w.s.m.m.a.HttpEntityMethodProcessor - Writing [SliceResponse[content=[MstRegistryDetailsPageEntity(super=Auditable(createdUserId=null, updatedUserI (truncated)...]
2026-05-11 19:45:02.506 DEBUG
                [http-nio-8085-exec-9] [083d3c04-7f2d-4306-b67e-083c07bf5636]
                o.s.web.servlet.DispatcherServlet - Completed 200 OK
2026-05-11 19:45:22.819 DEBUG
                [Thread-197] []
                o.s.d.r.l.RedisMessageListenerContainer - Stopped RedisMessageListenerContainer
2026-05-11 19:45:22.824 INFO 
                [Thread-197] []
                com.zaxxer.hikari.HikariDataSource - HikariPool-9 - Shutdown initiated...
2026-05-11 19:45:22.869 INFO 
                [Thread-197] []
                com.zaxxer.hikari.HikariDataSource - HikariPool-9 - Shutdown completed.
2026-05-11 19:45:23.031 INFO 
                [restartedMain] []
                c.m.SbrBackEndProjectApplication - Starting SbrBackEndProjectApplication using Java 17.0.12 with PID 38524 (E:\SBR_Workspace\MAHASBR\target\classes started by Jitendra.Ghasle in E:\SBR_Workspace\MAHASBR)
2026-05-11 19:45:23.031 INFO 
                [restartedMain] []
                c.m.SbrBackEndProjectApplication - The following 1 profile is active: "prod"
2026-05-11 19:45:24.432 INFO 
                [restartedMain] []
                com.zaxxer.hikari.HikariDataSource - HikariPool-10 - Starting...
2026-05-11 19:45:24.560 INFO 
                [restartedMain] []
                com.zaxxer.hikari.pool.HikariPool - HikariPool-10 - Added connection oracle.jdbc.driver.T4CConnection@106f17e3
2026-05-11 19:45:24.561 INFO 
                [restartedMain] []
                com.zaxxer.hikari.HikariDataSource - HikariPool-10 - Start completed.
2026-05-11 19:45:25.648 DEBUG
                [restartedMain] []
                o.s.b.w.s.ServletContextInitializerBeans - Mapping filters: springSecurityFilterChain urls=[/*] order=-100, XssFilter urls=[/*] order=1, characterEncodingFilter urls=[/*] order=-2147483648, formContentFilter urls=[/*] order=-9900, requestContextFilter urls=[/*] order=-105, authenticationJwtTokenFilter urls=[/*] order=2147483647, xssFilter urls=[/*] order=2147483647, correlationIdFilter urls=[/*] order=2147483647
2026-05-11 19:45:25.648 DEBUG
                [restartedMain] []
                o.s.b.w.s.ServletContextInitializerBeans - Mapping servlets: dispatcherServlet urls=[/]
2026-05-11 19:45:26.048 WARN 
                [restartedMain] []
                o.s.b.w.s.c.AnnotationConfigServletWebServerApplicationContext - Exception encountered during context initialization - cancelling refresh attempt: org.springframework.beans.factory.BeanCreationException: Error creating bean with name 'postLoginDashboardController' defined in file [E:\SBR_Workspace\MAHASBR\target\classes\com\mahasbr\controller\PostLoginDashboardController.class]: Failed to instantiate [com.mahasbr.controller.PostLoginDashboardController]: Constructor threw exception
2026-05-11 19:45:26.049 INFO 
                [restartedMain] []
                com.zaxxer.hikari.HikariDataSource - HikariPool-10 - Shutdown initiated...
2026-05-11 19:45:26.098 INFO 
                [restartedMain] []
                com.zaxxer.hikari.HikariDataSource - HikariPool-10 - Shutdown completed.
2026-05-11 19:45:26.101 WARN 
                [restartedMain] []
                o.a.c.loader.WebappClassLoaderBase - The web application [MAHASBR] appears to have started a thread named [OJDBC-WORKER-THREAD-8] but has failed to stop it. This is very likely to create a memory leak. Stack trace of thread:
 java.base@17.0.12/jdk.internal.misc.Unsafe.park(Native Method)
 java.base@17.0.12/java.util.concurrent.locks.LockSupport.parkNanos(LockSupport.java:252)
 java.base@17.0.12/java.util.concurrent.SynchronousQueue$TransferStack.transfer(SynchronousQueue.java:401)
 java.base@17.0.12/java.util.concurrent.SynchronousQueue.poll(SynchronousQueue.java:903)
 java.base@17.0.12/java.util.concurrent.ThreadPoolExecutor.getTask(ThreadPoolExecutor.java:1061)
 java.base@17.0.12/java.util.concurrent.ThreadPoolExecutor.runWorker(ThreadPoolExecutor.java:1122)
 java.base@17.0.12/java.util.concurrent.ThreadPoolExecutor$Worker.run(ThreadPoolExecutor.java:635)
 java.base@17.0.12/java.lang.Thread.run(Thread.java:842)
2026-05-11 19:45:26.109 ERROR
                [restartedMain] []
                o.s.boot.SpringApplication - Application run failed
org.springframework.beans.factory.BeanCreationException: Error creating bean with name 'postLoginDashboardController' defined in file [E:\SBR_Workspace\MAHASBR\target\classes\com\mahasbr\controller\PostLoginDashboardController.class]: Failed to instantiate [com.mahasbr.controller.PostLoginDashboardController]: Constructor threw exception
	at org.springframework.beans.factory.support.AbstractAutowireCapableBeanFactory.instantiateBean(AbstractAutowireCapableBeanFactory.java:1337)
	at org.springframework.beans.factory.support.AbstractAutowireCapableBeanFactory.createBeanInstance(AbstractAutowireCapableBeanFactory.java:1222)
	at org.springframework.beans.factory.support.AbstractAutowireCapableBeanFactory.doCreateBean(AbstractAutowireCapableBeanFactory.java:562)
	at org.springframework.beans.factory.support.AbstractAutowireCapableBeanFactory.createBean(AbstractAutowireCapableBeanFactory.java:522)
	at org.springframework.beans.factory.support.AbstractBeanFactory.lambda$doGetBean$0(AbstractBeanFactory.java:337)
	at org.springframework.beans.factory.support.DefaultSingletonBeanRegistry.getSingleton(DefaultSingletonBeanRegistry.java:234)
	at org.springframework.beans.factory.support.AbstractBeanFactory.doGetBean(AbstractBeanFactory.java:335)
	at org.springframework.beans.factory.support.AbstractBeanFactory.getBean(AbstractBeanFactory.java:200)
	at org.springframework.beans.factory.support.DefaultListableBeanFactory.preInstantiateSingletons(DefaultListableBeanFactory.java:975)
	at org.springframework.context.support.AbstractApplicationContext.finishBeanFactoryInitialization(AbstractApplicationContext.java:971)
	at org.springframework.context.support.AbstractApplicationContext.refresh(AbstractApplicationContext.java:625)
	at org.springframework.boot.web.servlet.context.ServletWebServerApplicationContext.refresh(ServletWebServerApplicationContext.java:146)
	at org.springframework.boot.SpringApplication.refresh(SpringApplication.java:754)
	at org.springframework.boot.SpringApplication.refreshContext(SpringApplication.java:456)
	at org.springframework.boot.SpringApplication.run(SpringApplication.java:335)
	at org.springframework.boot.SpringApplication.run(SpringApplication.java:1363)
	at org.springframework.boot.SpringApplication.run(SpringApplication.java:1352)
	at com.mahasbr.SbrBackEndProjectApplication.main(SbrBackEndProjectApplication.java:34)
	at java.base/jdk.internal.reflect.NativeMethodAccessorImpl.invoke0(Native Method)
	at java.base/jdk.internal.reflect.NativeMethodAccessorImpl.invoke(NativeMethodAccessorImpl.java:77)
	at java.base/jdk.internal.reflect.DelegatingMethodAccessorImpl.invoke(DelegatingMethodAccessorImpl.java:43)
	at java.base/java.lang.reflect.Method.invoke(Method.java:568)
	at org.springframework.boot.devtools.restart.RestartLauncher.run(RestartLauncher.java:50)
Caused by: org.springframework.beans.BeanInstantiationException: Failed to instantiate [com.mahasbr.controller.PostLoginDashboardController]: Constructor threw exception
	at org.springframework.beans.BeanUtils.instantiateClass(BeanUtils.java:221)
	at org.springframework.beans.factory.support.SimpleInstantiationStrategy.instantiate(SimpleInstantiationStrategy.java:94)
	at org.springframework.beans.factory.support.AbstractAutowireCapableBeanFactory.instantiateBean(AbstractAutowireCapableBeanFactory.java:1331)
	... 22 common frames omitted
Caused by: java.lang.Error: Unresolved compilation problems: 
	Syntax error on tokens, delete these tokens
	SliceResponse cannot be resolved to a type
	registryApplicationDetailsService cannot be resolved
	SliceResponse cannot be resolved to a type
	objectMapper cannot be resolved
	TypeReference cannot be resolved to a type
	SliceResponse cannot be resolved to a type

	at com.mahasbr.controller.PostLoginDashboardController.<init>(PostLoginDashboardController.java:77)
	at java.base/jdk.internal.reflect.NativeConstructorAccessorImpl.newInstance0(Native Method)
	at java.base/jdk.internal.reflect.NativeConstructorAccessorImpl.newInstance(NativeConstructorAccessorImpl.java:77)
	at java.base/jdk.internal.reflect.DelegatingConstructorAccessorImpl.newInstance(DelegatingConstructorAccessorImpl.java:45)
	at java.base/java.lang.reflect.Constructor.newInstanceWithCaller(Constructor.java:499)
	at java.base/java.lang.reflect.Constructor.newInstance(Constructor.java:480)
	at org.springframework.beans.BeanUtils.instantiateClass(BeanUtils.java:195)
	... 24 common frames omitted
2026-05-11 19:47:34.876 INFO 
                [restartedMain] []
                c.m.SbrBackEndProjectApplication - Starting SbrBackEndProjectApplication using Java 17.0.12 with PID 38524 (E:\SBR_Workspace\MAHASBR\target\classes started by Jitendra.Ghasle in E:\SBR_Workspace\MAHASBR)
2026-05-11 19:47:34.877 INFO 
                [restartedMain] []
                c.m.SbrBackEndProjectApplication - The following 1 profile is active: "prod"
2026-05-11 19:47:36.235 INFO 
                [restartedMain] []
                com.zaxxer.hikari.HikariDataSource - HikariPool-11 - Starting...
2026-05-11 19:47:36.333 INFO 
                [restartedMain] []
                com.zaxxer.hikari.pool.HikariPool - HikariPool-11 - Added connection oracle.jdbc.driver.T4CConnection@1a96e2c6
2026-05-11 19:47:36.333 INFO 
                [restartedMain] []
                com.zaxxer.hikari.HikariDataSource - HikariPool-11 - Start completed.
2026-05-11 19:47:37.989 DEBUG
                [restartedMain] []
                o.s.b.w.s.ServletContextInitializerBeans - Mapping filters: springSecurityFilterChain urls=[/*] order=-100, XssFilter urls=[/*] order=1, characterEncodingFilter urls=[/*] order=-2147483648, formContentFilter urls=[/*] order=-9900, requestContextFilter urls=[/*] order=-105, authenticationJwtTokenFilter urls=[/*] order=2147483647, xssFilter urls=[/*] order=2147483647, correlationIdFilter urls=[/*] order=2147483647
2026-05-11 19:47:37.990 DEBUG
                [restartedMain] []
                o.s.b.w.s.ServletContextInitializerBeans - Mapping servlets: dispatcherServlet urls=[/]
2026-05-11 19:47:38.668 WARN 
                [restartedMain] []
                o.s.b.a.o.j.JpaBaseConfiguration$JpaWebConfiguration - spring.jpa.open-in-view is enabled by default. Therefore, database queries may be performed during view rendering. Explicitly configure spring.jpa.open-in-view to disable this warning
2026-05-11 19:47:38.710 DEBUG
                [restartedMain] []
                o.s.w.s.m.m.a.RequestMappingHandlerMapping - 156 mappings in 'requestMappingHandlerMapping'
2026-05-11 19:47:38.752 INFO 
                [restartedMain] []
                c.mahasbr.security.WebSecurityConfig - Configuring HTTP Security...
2026-05-11 19:47:39.995 DEBUG
                [restartedMain] []
                o.s.w.s.h.SimpleUrlHandlerMapping - Patterns [/webjars/**, /**, /swagger-ui*/*swagger-initializer.js, /swagger-ui*/**] in 'resourceHandlerMapping'
2026-05-11 19:47:40.036 DEBUG
                [restartedMain] []
                o.s.w.s.m.m.a.RequestMappingHandlerAdapter - ControllerAdvice beans: 0 @ModelAttribute, 0 @InitBinder, 1 RequestBodyAdvice, 1 ResponseBodyAdvice
2026-05-11 19:47:40.042 DEBUG
                [restartedMain] []
                o.s.w.s.m.m.a.ExceptionHandlerExceptionResolver - ControllerAdvice beans: 3 @ExceptionHandler, 1 ResponseBodyAdvice
2026-05-11 19:47:40.084 DEBUG
                [restartedMain] []
                o.s.d.r.l.RedisMessageListenerContainer - Starting RedisMessageListenerContainer...
2026-05-11 19:47:40.084 DEBUG
                [restartedMain] []
                o.s.d.r.l.RedisMessageListenerContainer - Postpone listening for Redis messages until actual listeners are added
2026-05-11 19:47:40.500 INFO 
                [restartedMain] []
                c.m.SbrBackEndProjectApplication - Started SbrBackEndProjectApplication in 5.659 seconds (process running for 2304.393)
2026-05-11 19:47:45.453 INFO 
                [http-nio-8085-exec-3] []
                o.s.web.servlet.DispatcherServlet - Initializing Servlet 'dispatcherServlet'
2026-05-11 19:47:45.454 DEBUG
                [http-nio-8085-exec-3] []
                o.s.web.servlet.DispatcherServlet - Detected StandardServletMultipartResolver
2026-05-11 19:47:45.454 DEBUG
                [http-nio-8085-exec-3] []
                o.s.web.servlet.DispatcherServlet - Detected AcceptHeaderLocaleResolver
2026-05-11 19:47:45.454 DEBUG
                [http-nio-8085-exec-3] []
                o.s.web.servlet.DispatcherServlet - Detected FixedThemeResolver
2026-05-11 19:47:45.457 DEBUG
                [http-nio-8085-exec-3] []
                o.s.web.servlet.DispatcherServlet - Detected org.springframework.web.servlet.view.DefaultRequestToViewNameTranslator@b497a87
2026-05-11 19:47:45.459 DEBUG
                [http-nio-8085-exec-3] []
                o.s.web.servlet.DispatcherServlet - Detected org.springframework.web.servlet.support.SessionFlashMapManager@1fbf435d
2026-05-11 19:47:45.460 DEBUG
                [http-nio-8085-exec-3] []
                o.s.web.servlet.DispatcherServlet - enableLoggingRequestDetails='false': request parameters and headers will be masked to prevent unsafe logging of potentially sensitive data
2026-05-11 19:47:45.460 INFO 
                [http-nio-8085-exec-3] []
                o.s.web.servlet.DispatcherServlet - Completed initialization in 6 ms
2026-05-11 19:47:45.468 DEBUG
                [http-nio-8085-exec-3] [d6f7b93d-ea30-41b1-9e21-8ed43e2e9c35]
                o.s.web.servlet.DispatcherServlet - GET "/MAHASBR/citizenSearch/menus/my", parameters={}
2026-05-11 19:47:45.468 DEBUG
                [http-nio-8085-exec-1] [2906e026-36eb-43c3-8395-a4aaf4924104]
                o.s.web.servlet.DispatcherServlet - GET "/MAHASBR/citizenSearch/visitor/summary", parameters={}
2026-05-11 19:47:45.468 ERROR
                [http-nio-8085-exec-2] [67e47ca8-f4b7-4664-b133-41b315f33c23]
                c.mahasbr.filter.AuthEntryPointJwt - Unauthorized error: Full authentication is required to access this resource
2026-05-11 19:47:45.468 ERROR
                [http-nio-8085-exec-4] [8cc49508-fdfc-4736-94cb-2ce589d8fb4a]
                c.mahasbr.filter.AuthEntryPointJwt - Unauthorized error: Full authentication is required to access this resource
2026-05-11 19:47:45.468 DEBUG
                [http-nio-8085-exec-3] [d6f7b93d-ea30-41b1-9e21-8ed43e2e9c35]
                o.s.w.s.m.m.a.RequestMappingHandlerMapping - Mapped to com.mahasbr.controller.MenuController#getMyMenus(Authentication)
2026-05-11 19:47:45.468 DEBUG
                [http-nio-8085-exec-1] [2906e026-36eb-43c3-8395-a4aaf4924104]
                o.s.w.s.m.m.a.RequestMappingHandlerMapping - Mapped to com.mahasbr.controller.VisitorController#getVisitSummary()
2026-05-11 19:47:45.468 ERROR
                [http-nio-8085-exec-2] [67e47ca8-f4b7-4664-b133-41b315f33c23]
                c.mahasbr.filter.AuthEntryPointJwt - Unauthorized error: Full authentication is required to access this resource
2026-05-11 19:47:45.468 ERROR
                [http-nio-8085-exec-4] [8cc49508-fdfc-4736-94cb-2ce589d8fb4a]
                c.mahasbr.filter.AuthEntryPointJwt - Unauthorized error: Full authentication is required to access this resource
2026-05-11 19:47:45.470 ERROR
                [http-nio-8085-exec-4] []
                c.mahasbr.filter.AuthEntryPointJwt - Unauthorized error: Full authentication is required to access this resource
2026-05-11 19:47:45.470 ERROR
                [http-nio-8085-exec-2] []
                c.mahasbr.filter.AuthEntryPointJwt - Unauthorized error: Full authentication is required to access this resource
2026-05-11 19:47:45.470 DEBUG
                [http-nio-8085-exec-3] [d6f7b93d-ea30-41b1-9e21-8ed43e2e9c35]
                o.s.w.s.m.m.a.HttpEntityMethodProcessor - Using 'application/json', given [application/json, text/plain, */*] and supported [application/json, application/*+json]
2026-05-11 19:47:45.471 ERROR
                [http-nio-8085-exec-4] []
                c.mahasbr.filter.AuthEntryPointJwt - Unauthorized error: Full authentication is required to access this resource
2026-05-11 19:47:45.471 ERROR
                [http-nio-8085-exec-2] []
                c.mahasbr.filter.AuthEntryPointJwt - Unauthorized error: Full authentication is required to access this resource
2026-05-11 19:47:45.471 DEBUG
                [http-nio-8085-exec-3] [d6f7b93d-ea30-41b1-9e21-8ed43e2e9c35]
                o.s.w.s.m.m.a.HttpEntityMethodProcessor - Writing [ApiResponse(success=false, message=Unauthorized, data=null)]
2026-05-11 19:47:45.472 DEBUG
                [http-nio-8085-exec-3] [d6f7b93d-ea30-41b1-9e21-8ed43e2e9c35]
                o.s.web.servlet.DispatcherServlet - Completed 401 UNAUTHORIZED
2026-05-11 19:47:45.485 DEBUG
                [http-nio-8085-exec-1] [2906e026-36eb-43c3-8395-a4aaf4924104]
                o.s.w.s.m.m.a.RequestResponseBodyMethodProcessor - Using 'application/json', given [application/json, text/plain, */*] and supported [application/json, application/*+json]
2026-05-11 19:47:45.485 DEBUG
                [http-nio-8085-exec-1] [2906e026-36eb-43c3-8395-a4aaf4924104]
                o.s.w.s.m.m.a.RequestResponseBodyMethodProcessor - Writing [{todayVisits=11, totalVisits=152}]
2026-05-11 19:47:45.486 DEBUG
                [http-nio-8085-exec-1] [2906e026-36eb-43c3-8395-a4aaf4924104]
                o.s.web.servlet.DispatcherServlet - Completed 200 OK
2026-05-11 19:47:48.958 DEBUG
                [http-nio-8085-exec-5] [b3e3527d-aa1a-4de7-92d8-b9f9c510a957]
                o.s.web.servlet.DispatcherServlet - GET "/MAHASBR/citizenSearch/visitor/summary", parameters={}
2026-05-11 19:47:48.959 DEBUG
                [http-nio-8085-exec-5] [b3e3527d-aa1a-4de7-92d8-b9f9c510a957]
                o.s.w.s.m.m.a.RequestMappingHandlerMapping - Mapped to com.mahasbr.controller.VisitorController#getVisitSummary()
2026-05-11 19:47:48.969 DEBUG
                [http-nio-8085-exec-5] [b3e3527d-aa1a-4de7-92d8-b9f9c510a957]
                o.s.w.s.m.m.a.RequestResponseBodyMethodProcessor - Using 'application/json', given [application/json, text/plain, */*] and supported [application/json, application/*+json]
2026-05-11 19:47:48.970 DEBUG
                [http-nio-8085-exec-5] [b3e3527d-aa1a-4de7-92d8-b9f9c510a957]
                o.s.w.s.m.m.a.RequestResponseBodyMethodProcessor - Writing [{todayVisits=11, totalVisits=152}]
2026-05-11 19:47:48.971 DEBUG
                [http-nio-8085-exec-5] [b3e3527d-aa1a-4de7-92d8-b9f9c510a957]
                o.s.web.servlet.DispatcherServlet - Completed 200 OK
2026-05-11 19:47:52.684 DEBUG
                [http-nio-8085-exec-6] [084eea0c-3636-47bb-96a3-37104e3eb910]
                o.s.web.servlet.DispatcherServlet - GET "/MAHASBR/citizenSearch/menus/my", parameters={}
2026-05-11 19:47:52.685 DEBUG
                [http-nio-8085-exec-6] [084eea0c-3636-47bb-96a3-37104e3eb910]
                o.s.w.s.m.m.a.RequestMappingHandlerMapping - Mapped to com.mahasbr.controller.MenuController#getMyMenus(Authentication)
2026-05-11 19:47:52.691 DEBUG
                [http-nio-8085-exec-7] [3eb6bd90-886c-4de9-9312-2f86bbcc6582]
                o.s.web.servlet.DispatcherServlet - GET "/MAHASBR/api/auth/registoryData?page=0&size=12&sortBy=siNo", parameters={masked}
2026-05-11 19:47:52.692 DEBUG
                [http-nio-8085-exec-7] [3eb6bd90-886c-4de9-9312-2f86bbcc6582]
                o.s.w.s.m.m.a.RequestMappingHandlerMapping - Mapped to com.mahasbr.controller.PostLoginDashboardController#getMasterRegistoryDetails(int, int, String, Authentication)
2026-05-11 19:47:52.696 DEBUG
                [http-nio-8085-exec-8] [b0406c56-826b-44a6-a6ca-3f79a9a06632]
                o.s.web.servlet.DispatcherServlet - GET "/MAHASBR/api/auth/districts", parameters={}
2026-05-11 19:47:52.697 DEBUG
                [http-nio-8085-exec-8] [b0406c56-826b-44a6-a6ca-3f79a9a06632]
                o.s.w.s.m.m.a.RequestMappingHandlerMapping - Mapped to com.mahasbr.controller.PostLoginDashboardController#getAll()
2026-05-11 19:47:52.709 DEBUG
                [http-nio-8085-exec-6] [084eea0c-3636-47bb-96a3-37104e3eb910]
                o.s.w.s.m.m.a.HttpEntityMethodProcessor - Using 'application/json', given [application/json, text/plain, */*] and supported [application/json, application/*+json]
2026-05-11 19:47:52.710 DEBUG
                [http-nio-8085-exec-6] [084eea0c-3636-47bb-96a3-37104e3eb910]
                o.s.w.s.m.m.a.HttpEntityMethodProcessor - Writing [ApiResponse(success=true, message=Menus loaded successfully, data=[MenuDTO(id=18, nameEn=Dashboard,  (truncated)...]
2026-05-11 19:47:52.712 DEBUG
                [http-nio-8085-exec-6] [084eea0c-3636-47bb-96a3-37104e3eb910]
                o.s.web.servlet.DispatcherServlet - Completed 200 OK
2026-05-11 19:47:52.729 DEBUG
                [http-nio-8085-exec-8] [b0406c56-826b-44a6-a6ca-3f79a9a06632]
                o.s.w.s.m.m.a.HttpEntityMethodProcessor - Using 'application/json', given [application/json, text/plain, */*] and supported [application/json, application/*+json]
2026-05-11 19:47:52.729 DEBUG
                [http-nio-8085-exec-8] [b0406c56-826b-44a6-a6ca-3f79a9a06632]
                o.s.w.s.m.m.a.HttpEntityMethodProcessor - Writing [[DistrictMaster(districtId=373, censusDistrictCode=919, districtName=Palghar, censusStateCode=27, di (truncated)...]
2026-05-11 19:47:52.733 DEBUG
                [http-nio-8085-exec-8] [b0406c56-826b-44a6-a6ca-3f79a9a06632]
                o.s.web.servlet.DispatcherServlet - Completed 200 OK
2026-05-11 19:47:53.074 DEBUG
                [http-nio-8085-exec-7] [3eb6bd90-886c-4de9-9312-2f86bbcc6582]
                o.s.w.s.m.m.a.HttpEntityMethodProcessor - Using 'application/json', given [application/json, text/plain, */*] and supported [application/json, application/*+json]
2026-05-11 19:47:53.074 DEBUG
                [http-nio-8085-exec-7] [3eb6bd90-886c-4de9-9312-2f86bbcc6582]
                o.s.w.s.m.m.a.HttpEntityMethodProcessor - Writing [Page 1 of 39047 containing com.mahasbr.entity.MstRegistryDetailsPageEntity instances]
2026-05-11 19:47:53.079 DEBUG
                [http-nio-8085-exec-7] [3eb6bd90-886c-4de9-9312-2f86bbcc6582]
                o.s.web.servlet.DispatcherServlet - Completed 200 OK
2026-05-11 19:47:57.317 DEBUG
                [http-nio-8085-exec-10] [5ee2766e-4f95-4af4-8fa3-9df24f405dbb]
                o.s.web.servlet.DispatcherServlet - GET "/MAHASBR/api/auth/registoryData?page=1&size=12&sortBy=siNo", parameters={masked}
2026-05-11 19:47:57.317 DEBUG
                [http-nio-8085-exec-10] [5ee2766e-4f95-4af4-8fa3-9df24f405dbb]
                o.s.w.s.m.m.a.RequestMappingHandlerMapping - Mapped to com.mahasbr.controller.PostLoginDashboardController#getMasterRegistoryDetails(int, int, String, Authentication)
2026-05-11 19:47:57.945 DEBUG
                [http-nio-8085-exec-10] [5ee2766e-4f95-4af4-8fa3-9df24f405dbb]
                o.s.w.s.m.m.a.HttpEntityMethodProcessor - Using 'application/json', given [application/json, text/plain, */*] and supported [application/json, application/*+json]
2026-05-11 19:47:57.945 DEBUG
                [http-nio-8085-exec-10] [5ee2766e-4f95-4af4-8fa3-9df24f405dbb]
                o.s.w.s.m.m.a.HttpEntityMethodProcessor - Writing [Page 2 of 39047 containing com.mahasbr.entity.MstRegistryDetailsPageEntity instances]
2026-05-11 19:47:57.950 DEBUG
                [http-nio-8085-exec-10] [5ee2766e-4f95-4af4-8fa3-9df24f405dbb]
                o.s.web.servlet.DispatcherServlet - Completed 200 OK
2026-05-11 19:47:58.280 DEBUG
                [http-nio-8085-exec-4] [ad5a194f-b44f-4ad7-8dcd-e9e020b073d0]
                o.s.web.servlet.DispatcherServlet - GET "/MAHASBR/api/auth/registoryData?page=2&size=12&sortBy=siNo", parameters={masked}
2026-05-11 19:47:58.281 DEBUG
                [http-nio-8085-exec-4] [ad5a194f-b44f-4ad7-8dcd-e9e020b073d0]
                o.s.w.s.m.m.a.RequestMappingHandlerMapping - Mapped to com.mahasbr.controller.PostLoginDashboardController#getMasterRegistoryDetails(int, int, String, Authentication)
2026-05-11 19:47:58.906 DEBUG
                [http-nio-8085-exec-4] [ad5a194f-b44f-4ad7-8dcd-e9e020b073d0]
                o.s.w.s.m.m.a.HttpEntityMethodProcessor - Using 'application/json', given [application/json, text/plain, */*] and supported [application/json, application/*+json]
2026-05-11 19:47:58.907 DEBUG
                [http-nio-8085-exec-4] [ad5a194f-b44f-4ad7-8dcd-e9e020b073d0]
                o.s.w.s.m.m.a.HttpEntityMethodProcessor - Writing [Page 3 of 39047 containing com.mahasbr.entity.MstRegistryDetailsPageEntity instances]
2026-05-11 19:47:58.908 DEBUG
                [http-nio-8085-exec-4] [ad5a194f-b44f-4ad7-8dcd-e9e020b073d0]
                o.s.web.servlet.DispatcherServlet - Completed 200 OK
2026-05-11 19:47:59.078 DEBUG
                [http-nio-8085-exec-1] [6f398dcd-9374-49b6-80c6-c5a764fc1d07]
                o.s.web.servlet.DispatcherServlet - GET "/MAHASBR/api/auth/registoryData?page=3&size=12&sortBy=siNo", parameters={masked}
2026-05-11 19:47:59.079 DEBUG
                [http-nio-8085-exec-1] [6f398dcd-9374-49b6-80c6-c5a764fc1d07]
                o.s.w.s.m.m.a.RequestMappingHandlerMapping - Mapped to com.mahasbr.controller.PostLoginDashboardController#getMasterRegistoryDetails(int, int, String, Authentication)
2026-05-11 19:47:59.700 DEBUG
                [http-nio-8085-exec-1] [6f398dcd-9374-49b6-80c6-c5a764fc1d07]
                o.s.w.s.m.m.a.HttpEntityMethodProcessor - Using 'application/json', given [application/json, text/plain, */*] and supported [application/json, application/*+json]
2026-05-11 19:47:59.700 DEBUG
                [http-nio-8085-exec-1] [6f398dcd-9374-49b6-80c6-c5a764fc1d07]
                o.s.w.s.m.m.a.HttpEntityMethodProcessor - Writing [Page 4 of 39047 containing com.mahasbr.entity.MstRegistryDetailsPageEntity instances]
2026-05-11 19:47:59.703 DEBUG
                [http-nio-8085-exec-1] [6f398dcd-9374-49b6-80c6-c5a764fc1d07]
                o.s.web.servlet.DispatcherServlet - Completed 200 OK
2026-05-11 19:48:00.555 DEBUG
                [http-nio-8085-exec-6] [82110b17-f866-4cc4-8fc5-65815e73fbe5]
                o.s.web.servlet.DispatcherServlet - GET "/MAHASBR/api/auth/registoryData?page=4&size=12&sortBy=siNo", parameters={masked}
2026-05-11 19:48:00.556 DEBUG
                [http-nio-8085-exec-6] [82110b17-f866-4cc4-8fc5-65815e73fbe5]
                o.s.w.s.m.m.a.RequestMappingHandlerMapping - Mapped to com.mahasbr.controller.PostLoginDashboardController#getMasterRegistoryDetails(int, int, String, Authentication)
2026-05-11 19:48:01.173 DEBUG
                [http-nio-8085-exec-6] [82110b17-f866-4cc4-8fc5-65815e73fbe5]
                o.s.w.s.m.m.a.HttpEntityMethodProcessor - Using 'application/json', given [application/json, text/plain, */*] and supported [application/json, application/*+json]
2026-05-11 19:48:01.173 DEBUG
                [http-nio-8085-exec-6] [82110b17-f866-4cc4-8fc5-65815e73fbe5]
                o.s.w.s.m.m.a.HttpEntityMethodProcessor - Writing [Page 5 of 39047 containing com.mahasbr.entity.MstRegistryDetailsPageEntity instances]
2026-05-11 19:48:01.175 DEBUG
                [http-nio-8085-exec-6] [82110b17-f866-4cc4-8fc5-65815e73fbe5]
                o.s.web.servlet.DispatcherServlet - Completed 200 OK
2026-05-11 19:48:13.246 DEBUG
                [http-nio-8085-exec-7] [e3369e18-96d6-4572-b83d-9617c5799155]
                o.s.web.servlet.DispatcherServlet - GET "/MAHASBR/api/auth/registoryData?page=39046&size=12&sortBy=siNo", parameters={masked}
2026-05-11 19:48:13.247 DEBUG
                [http-nio-8085-exec-7] [e3369e18-96d6-4572-b83d-9617c5799155]
                o.s.w.s.m.m.a.RequestMappingHandlerMapping - Mapped to com.mahasbr.controller.PostLoginDashboardController#getMasterRegistoryDetails(int, int, String, Authentication)
2026-05-11 19:48:14.845 DEBUG
                [http-nio-8085-exec-10] [013b0e52-7570-4dba-8df1-a5ec79af7803]
                o.s.web.servlet.DispatcherServlet - GET "/MAHASBR/api/auth/registoryData?page=39045&size=12&sortBy=siNo", parameters={masked}
2026-05-11 19:48:14.845 DEBUG
                [http-nio-8085-exec-10] [013b0e52-7570-4dba-8df1-a5ec79af7803]
                o.s.w.s.m.m.a.RequestMappingHandlerMapping - Mapped to com.mahasbr.controller.PostLoginDashboardController#getMasterRegistoryDetails(int, int, String, Authentication)
2026-05-11 19:48:15.564 DEBUG
                [http-nio-8085-exec-7] [e3369e18-96d6-4572-b83d-9617c5799155]
                o.s.w.s.m.m.a.HttpEntityMethodProcessor - Using 'application/json', given [application/json, text/plain, */*] and supported [application/json, application/*+json]
2026-05-11 19:48:15.566 DEBUG
                [http-nio-8085-exec-7] [e3369e18-96d6-4572-b83d-9617c5799155]
                o.s.w.s.m.m.a.HttpEntityMethodProcessor - Writing [Page 39047 of 39047 containing com.mahasbr.entity.MstRegistryDetailsPageEntity instances]
2026-05-11 19:48:15.568 DEBUG
                [http-nio-8085-exec-7] [e3369e18-96d6-4572-b83d-9617c5799155]
                o.s.web.servlet.DispatcherServlet - Completed 200 OK
2026-05-11 19:48:17.339 DEBUG
                [http-nio-8085-exec-10] [013b0e52-7570-4dba-8df1-a5ec79af7803]
                o.s.w.s.m.m.a.HttpEntityMethodProcessor - Using 'application/json', given [application/json, text/plain, */*] and supported [application/json, application/*+json]
2026-05-11 19:48:17.339 DEBUG
                [http-nio-8085-exec-10] [013b0e52-7570-4dba-8df1-a5ec79af7803]
                o.s.w.s.m.m.a.HttpEntityMethodProcessor - Writing [Page 39046 of 39047 containing com.mahasbr.entity.MstRegistryDetailsPageEntity instances]
2026-05-11 19:48:17.340 DEBUG
                [http-nio-8085-exec-10] [013b0e52-7570-4dba-8df1-a5ec79af7803]
                o.s.web.servlet.DispatcherServlet - Completed 200 OK
2026-05-11 19:48:18.685 DEBUG
                [http-nio-8085-exec-4] [49a24486-2520-4893-9a64-f18369684c94]
                o.s.web.servlet.DispatcherServlet - GET "/MAHASBR/api/auth/registoryData?page=39044&size=12&sortBy=siNo", parameters={masked}
2026-05-11 19:48:18.686 DEBUG
                [http-nio-8085-exec-4] [49a24486-2520-4893-9a64-f18369684c94]
                o.s.w.s.m.m.a.RequestMappingHandlerMapping - Mapped to com.mahasbr.controller.PostLoginDashboardController#getMasterRegistoryDetails(int, int, String, Authentication)
2026-05-11 19:48:19.749 DEBUG
                [http-nio-8085-exec-3] [b99394a7-64f5-4abe-9d52-43b32b98b345]
                o.s.web.servlet.DispatcherServlet - GET "/MAHASBR/api/auth/registoryData?page=39045&size=12&sortBy=siNo", parameters={masked}
2026-05-11 19:48:19.749 DEBUG
                [http-nio-8085-exec-3] [b99394a7-64f5-4abe-9d52-43b32b98b345]
                o.s.w.s.m.m.a.RequestMappingHandlerMapping - Mapped to com.mahasbr.controller.PostLoginDashboardController#getMasterRegistoryDetails(int, int, String, Authentication)
2026-05-11 19:48:21.185 DEBUG
                [http-nio-8085-exec-1] [095ae93d-f1fd-4065-b394-bfeac9a4c5af]
                o.s.web.servlet.DispatcherServlet - GET "/MAHASBR/api/auth/registoryData?page=39046&size=12&sortBy=siNo", parameters={masked}
2026-05-11 19:48:21.186 DEBUG
                [http-nio-8085-exec-1] [095ae93d-f1fd-4065-b394-bfeac9a4c5af]
                o.s.w.s.m.m.a.RequestMappingHandlerMapping - Mapped to com.mahasbr.controller.PostLoginDashboardController#getMasterRegistoryDetails(int, int, String, Authentication)
2026-05-11 19:48:21.843 DEBUG
                [http-nio-8085-exec-4] [49a24486-2520-4893-9a64-f18369684c94]
                o.s.w.s.m.m.a.HttpEntityMethodProcessor - Using 'application/json', given [application/json, text/plain, */*] and supported [application/json, application/*+json]
2026-05-11 19:48:21.845 DEBUG
                [http-nio-8085-exec-4] [49a24486-2520-4893-9a64-f18369684c94]
                o.s.w.s.m.m.a.HttpEntityMethodProcessor - Writing [Page 39045 of 39047 containing com.mahasbr.entity.MstRegistryDetailsPageEntity instances]
2026-05-11 19:48:21.848 DEBUG
                [http-nio-8085-exec-4] [49a24486-2520-4893-9a64-f18369684c94]
                o.s.web.servlet.DispatcherServlet - Completed 200 OK
2026-05-11 19:48:23.062 DEBUG
                [http-nio-8085-exec-3] [b99394a7-64f5-4abe-9d52-43b32b98b345]
                o.s.w.s.m.m.a.HttpEntityMethodProcessor - Using 'application/json', given [application/json, text/plain, */*] and supported [application/json, application/*+json]
2026-05-11 19:48:23.063 DEBUG
                [http-nio-8085-exec-3] [b99394a7-64f5-4abe-9d52-43b32b98b345]
                o.s.w.s.m.m.a.HttpEntityMethodProcessor - Writing [Page 39046 of 39047 containing com.mahasbr.entity.MstRegistryDetailsPageEntity instances]
2026-05-11 19:48:23.065 DEBUG
                [http-nio-8085-exec-3] [b99394a7-64f5-4abe-9d52-43b32b98b345]
                o.s.web.servlet.DispatcherServlet - Completed 200 OK
2026-05-11 19:48:23.090 DEBUG
                [http-nio-8085-exec-5] [5e909497-37e7-4e4e-b53b-0fcef1f30586]
                o.s.web.servlet.DispatcherServlet - GET "/MAHASBR/api/auth/registoryData?page=0&size=12&sortBy=siNo", parameters={masked}
2026-05-11 19:48:23.090 DEBUG
                [http-nio-8085-exec-5] [5e909497-37e7-4e4e-b53b-0fcef1f30586]
                o.s.w.s.m.m.a.RequestMappingHandlerMapping - Mapped to com.mahasbr.controller.PostLoginDashboardController#getMasterRegistoryDetails(int, int, String, Authentication)
2026-05-11 19:48:23.212 DEBUG
                [http-nio-8085-exec-5] [5e909497-37e7-4e4e-b53b-0fcef1f30586]
                o.s.w.s.m.m.a.HttpEntityMethodProcessor - Using 'application/json', given [application/json, text/plain, */*] and supported [application/json, application/*+json]
2026-05-11 19:48:23.213 DEBUG
                [http-nio-8085-exec-5] [5e909497-37e7-4e4e-b53b-0fcef1f30586]
                o.s.w.s.m.m.a.HttpEntityMethodProcessor - Writing [Page 1 of 39047 containing com.mahasbr.entity.MstRegistryDetailsPageEntity instances]
2026-05-11 19:48:23.214 DEBUG
                [http-nio-8085-exec-5] [5e909497-37e7-4e4e-b53b-0fcef1f30586]
                o.s.web.servlet.DispatcherServlet - Completed 200 OK
2026-05-11 19:48:24.074 DEBUG
                [http-nio-8085-exec-1] [095ae93d-f1fd-4065-b394-bfeac9a4c5af]
                o.s.w.s.m.m.a.HttpEntityMethodProcessor - Using 'application/json', given [application/json, text/plain, */*] and supported [application/json, application/*+json]
2026-05-11 19:48:24.075 DEBUG
                [http-nio-8085-exec-1] [095ae93d-f1fd-4065-b394-bfeac9a4c5af]
                o.s.w.s.m.m.a.HttpEntityMethodProcessor - Writing [Page 39047 of 39047 containing com.mahasbr.entity.MstRegistryDetailsPageEntity instances]
2026-05-11 19:48:24.076 DEBUG
                [http-nio-8085-exec-1] [095ae93d-f1fd-4065-b394-bfeac9a4c5af]
                o.s.web.servlet.DispatcherServlet - Completed 200 OK
2026-05-11 19:48:26.233 DEBUG
                [http-nio-8085-exec-6] [5ae964b6-0c1c-4d26-a579-f869f39ed1a7]
                o.s.web.servlet.DispatcherServlet - GET "/MAHASBR/api/auth/registoryData?page=1&size=12&sortBy=siNo", parameters={masked}
2026-05-11 19:48:26.234 DEBUG
                [http-nio-8085-exec-6] [5ae964b6-0c1c-4d26-a579-f869f39ed1a7]
                o.s.w.s.m.m.a.RequestMappingHandlerMapping - Mapped to com.mahasbr.controller.PostLoginDashboardController#getMasterRegistoryDetails(int, int, String, Authentication)
2026-05-11 19:48:26.860 DEBUG
                [http-nio-8085-exec-6] [5ae964b6-0c1c-4d26-a579-f869f39ed1a7]
                o.s.w.s.m.m.a.HttpEntityMethodProcessor - Using 'application/json', given [application/json, text/plain, */*] and supported [application/json, application/*+json]
2026-05-11 19:48:26.861 DEBUG
                [http-nio-8085-exec-6] [5ae964b6-0c1c-4d26-a579-f869f39ed1a7]
                o.s.w.s.m.m.a.HttpEntityMethodProcessor - Writing [Page 2 of 39047 containing com.mahasbr.entity.MstRegistryDetailsPageEntity instances]
2026-05-11 19:48:26.861 DEBUG
                [http-nio-8085-exec-6] [5ae964b6-0c1c-4d26-a579-f869f39ed1a7]
                o.s.web.servlet.DispatcherServlet - Completed 200 OK
2026-05-11 19:48:26.935 DEBUG
                [http-nio-8085-exec-8] [3128568e-6cd3-42cc-b8e1-05771fec76e3]
                o.s.web.servlet.DispatcherServlet - GET "/MAHASBR/api/auth/registoryData?page=2&size=12&sortBy=siNo", parameters={masked}
2026-05-11 19:48:26.936 DEBUG
                [http-nio-8085-exec-8] [3128568e-6cd3-42cc-b8e1-05771fec76e3]
                o.s.w.s.m.m.a.RequestMappingHandlerMapping - Mapped to com.mahasbr.controller.PostLoginDashboardController#getMasterRegistoryDetails(int, int, String, Authentication)
2026-05-11 19:48:27.555 DEBUG
                [http-nio-8085-exec-8] [3128568e-6cd3-42cc-b8e1-05771fec76e3]
                o.s.w.s.m.m.a.HttpEntityMethodProcessor - Using 'application/json', given [application/json, text/plain, */*] and supported [application/json, application/*+json]
2026-05-11 19:48:27.556 DEBUG
                [http-nio-8085-exec-8] [3128568e-6cd3-42cc-b8e1-05771fec76e3]
                o.s.w.s.m.m.a.HttpEntityMethodProcessor - Writing [Page 3 of 39047 containing com.mahasbr.entity.MstRegistryDetailsPageEntity instances]
2026-05-11 19:48:27.557 DEBUG
                [http-nio-8085-exec-8] [3128568e-6cd3-42cc-b8e1-05771fec76e3]
                o.s.web.servlet.DispatcherServlet - Completed 200 OK
2026-05-11 19:48:28.663 DEBUG
                [http-nio-8085-exec-9] [58b15cd6-3e2d-4ef5-a5df-aea21696a7b5]
                o.s.web.servlet.DispatcherServlet - GET "/MAHASBR/api/auth/registoryData?page=1&size=12&sortBy=siNo", parameters={masked}
2026-05-11 19:48:28.663 DEBUG
                [http-nio-8085-exec-9] [58b15cd6-3e2d-4ef5-a5df-aea21696a7b5]
                o.s.w.s.m.m.a.RequestMappingHandlerMapping - Mapped to com.mahasbr.controller.PostLoginDashboardController#getMasterRegistoryDetails(int, int, String, Authentication)
2026-05-11 19:48:29.287 DEBUG
                [http-nio-8085-exec-9] [58b15cd6-3e2d-4ef5-a5df-aea21696a7b5]
                o.s.w.s.m.m.a.HttpEntityMethodProcessor - Using 'application/json', given [application/json, text/plain, */*] and supported [application/json, application/*+json]
2026-05-11 19:48:29.287 DEBUG
                [http-nio-8085-exec-9] [58b15cd6-3e2d-4ef5-a5df-aea21696a7b5]
                o.s.w.s.m.m.a.HttpEntityMethodProcessor - Writing [Page 2 of 39047 containing com.mahasbr.entity.MstRegistryDetailsPageEntity instances]
2026-05-11 19:48:29.288 DEBUG
                [http-nio-8085-exec-9] [58b15cd6-3e2d-4ef5-a5df-aea21696a7b5]
                o.s.web.servlet.DispatcherServlet - Completed 200 OK
2026-05-11 19:48:29.851 DEBUG
                [http-nio-8085-exec-7] [21f6e895-1aef-4185-9686-3a32971116bd]
                o.s.web.servlet.DispatcherServlet - GET "/MAHASBR/api/auth/registoryData?page=2&size=12&sortBy=siNo", parameters={masked}
2026-05-11 19:48:29.852 DEBUG
                [http-nio-8085-exec-7] [21f6e895-1aef-4185-9686-3a32971116bd]
                o.s.w.s.m.m.a.RequestMappingHandlerMapping - Mapped to com.mahasbr.controller.PostLoginDashboardController#getMasterRegistoryDetails(int, int, String, Authentication)
2026-05-11 19:48:30.491 DEBUG
                [http-nio-8085-exec-7] [21f6e895-1aef-4185-9686-3a32971116bd]
                o.s.w.s.m.m.a.HttpEntityMethodProcessor - Using 'application/json', given [application/json, text/plain, */*] and supported [application/json, application/*+json]
2026-05-11 19:48:30.491 DEBUG
                [http-nio-8085-exec-7] [21f6e895-1aef-4185-9686-3a32971116bd]
                o.s.w.s.m.m.a.HttpEntityMethodProcessor - Writing [Page 3 of 39047 containing com.mahasbr.entity.MstRegistryDetailsPageEntity instances]
2026-05-11 19:48:30.492 DEBUG
                [http-nio-8085-exec-7] [21f6e895-1aef-4185-9686-3a32971116bd]
                o.s.web.servlet.DispatcherServlet - Completed 200 OK
2026-05-11 19:48:35.522 DEBUG
                [http-nio-8085-exec-10] [a212f926-ea85-4bfd-966f-fb42f7d1cd1b]
                o.s.web.servlet.DispatcherServlet - GET "/MAHASBR/api/auth/registoryData?page=0&size=12&sortBy=siNo", parameters={masked}
2026-05-11 19:48:35.522 DEBUG
                [http-nio-8085-exec-10] [a212f926-ea85-4bfd-966f-fb42f7d1cd1b]
                o.s.w.s.m.m.a.RequestMappingHandlerMapping - Mapped to com.mahasbr.controller.PostLoginDashboardController#getMasterRegistoryDetails(int, int, String, Authentication)
2026-05-11 19:48:35.624 DEBUG
                [http-nio-8085-exec-10] [a212f926-ea85-4bfd-966f-fb42f7d1cd1b]
                o.s.w.s.m.m.a.HttpEntityMethodProcessor - Using 'application/json', given [application/json, text/plain, */*] and supported [application/json, application/*+json]
2026-05-11 19:48:35.625 DEBUG
                [http-nio-8085-exec-10] [a212f926-ea85-4bfd-966f-fb42f7d1cd1b]
                o.s.w.s.m.m.a.HttpEntityMethodProcessor - Writing [Page 1 of 39047 containing com.mahasbr.entity.MstRegistryDetailsPageEntity instances]
2026-05-11 19:48:35.626 DEBUG
                [http-nio-8085-exec-10] [a212f926-ea85-4bfd-966f-fb42f7d1cd1b]
                o.s.web.servlet.DispatcherServlet - Completed 200 OK
2026-05-11 19:48:37.576 DEBUG
                [http-nio-8085-exec-2] [edb595ae-732b-41d2-9af2-0fc1367d719c]
                o.s.web.servlet.DispatcherServlet - GET "/MAHASBR/api/auth/registoryData?page=1&size=12&sortBy=siNo", parameters={masked}
2026-05-11 19:48:37.577 DEBUG
                [http-nio-8085-exec-2] [edb595ae-732b-41d2-9af2-0fc1367d719c]
                o.s.w.s.m.m.a.RequestMappingHandlerMapping - Mapped to com.mahasbr.controller.PostLoginDashboardController#getMasterRegistoryDetails(int, int, String, Authentication)
2026-05-11 19:48:38.194 DEBUG
                [http-nio-8085-exec-2] [edb595ae-732b-41d2-9af2-0fc1367d719c]
                o.s.w.s.m.m.a.HttpEntityMethodProcessor - Using 'application/json', given [application/json, text/plain, */*] and supported [application/json, application/*+json]
2026-05-11 19:48:38.195 DEBUG
                [http-nio-8085-exec-2] [edb595ae-732b-41d2-9af2-0fc1367d719c]
                o.s.w.s.m.m.a.HttpEntityMethodProcessor - Writing [Page 2 of 39047 containing com.mahasbr.entity.MstRegistryDetailsPageEntity instances]
2026-05-11 19:48:38.197 DEBUG
                [http-nio-8085-exec-2] [edb595ae-732b-41d2-9af2-0fc1367d719c]
                o.s.web.servlet.DispatcherServlet - Completed 200 OK
2026-05-11 19:48:38.423 DEBUG
                [http-nio-8085-exec-4] [dbdd6b4b-1f1f-429b-9d0c-f3b4d443ff3f]
                o.s.web.servlet.DispatcherServlet - GET "/MAHASBR/api/auth/registoryData?page=2&size=12&sortBy=siNo", parameters={masked}
2026-05-11 19:48:38.424 DEBUG
                [http-nio-8085-exec-4] [dbdd6b4b-1f1f-429b-9d0c-f3b4d443ff3f]
                o.s.w.s.m.m.a.RequestMappingHandlerMapping - Mapped to com.mahasbr.controller.PostLoginDashboardController#getMasterRegistoryDetails(int, int, String, Authentication)
2026-05-11 19:48:39.051 DEBUG
                [http-nio-8085-exec-4] [dbdd6b4b-1f1f-429b-9d0c-f3b4d443ff3f]
                o.s.w.s.m.m.a.HttpEntityMethodProcessor - Using 'application/json', given [application/json, text/plain, */*] and supported [application/json, application/*+json]
2026-05-11 19:48:39.052 DEBUG
                [http-nio-8085-exec-4] [dbdd6b4b-1f1f-429b-9d0c-f3b4d443ff3f]
                o.s.w.s.m.m.a.HttpEntityMethodProcessor - Writing [Page 3 of 39047 containing com.mahasbr.entity.MstRegistryDetailsPageEntity instances]
2026-05-11 19:48:39.054 DEBUG
                [http-nio-8085-exec-4] [dbdd6b4b-1f1f-429b-9d0c-f3b4d443ff3f]
                o.s.web.servlet.DispatcherServlet - Completed 200 OK
2026-05-11 19:48:39.770 DEBUG
                [http-nio-8085-exec-3] [a2409566-3fc3-4e31-9487-f0dfd595da3e]
                o.s.web.servlet.DispatcherServlet - GET "/MAHASBR/api/auth/registoryData?page=3&size=12&sortBy=siNo", parameters={masked}
2026-05-11 19:48:39.771 DEBUG
                [http-nio-8085-exec-3] [a2409566-3fc3-4e31-9487-f0dfd595da3e]
                o.s.w.s.m.m.a.RequestMappingHandlerMapping - Mapped to com.mahasbr.controller.PostLoginDashboardController#getMasterRegistoryDetails(int, int, String, Authentication)
2026-05-11 19:48:40.415 DEBUG
                [http-nio-8085-exec-3] [a2409566-3fc3-4e31-9487-f0dfd595da3e]
                o.s.w.s.m.m.a.HttpEntityMethodProcessor - Using 'application/json', given [application/json, text/plain, */*] and supported [application/json, application/*+json]
2026-05-11 19:48:40.416 DEBUG
                [http-nio-8085-exec-3] [a2409566-3fc3-4e31-9487-f0dfd595da3e]
                o.s.w.s.m.m.a.HttpEntityMethodProcessor - Writing [Page 4 of 39047 containing com.mahasbr.entity.MstRegistryDetailsPageEntity instances]
2026-05-11 19:48:40.417 DEBUG
                [http-nio-8085-exec-3] [a2409566-3fc3-4e31-9487-f0dfd595da3e]
                o.s.web.servlet.DispatcherServlet - Completed 200 OK
2026-05-11 19:48:41.011 DEBUG
                [http-nio-8085-exec-5] [687eb16a-218c-4f9c-8052-cf17a6b83a75]
                o.s.web.servlet.DispatcherServlet - GET "/MAHASBR/api/auth/registoryData?page=4&size=12&sortBy=siNo", parameters={masked}
2026-05-11 19:48:41.011 DEBUG
                [http-nio-8085-exec-5] [687eb16a-218c-4f9c-8052-cf17a6b83a75]
                o.s.w.s.m.m.a.RequestMappingHandlerMapping - Mapped to com.mahasbr.controller.PostLoginDashboardController#getMasterRegistoryDetails(int, int, String, Authentication)
2026-05-11 19:48:41.652 DEBUG
                [http-nio-8085-exec-5] [687eb16a-218c-4f9c-8052-cf17a6b83a75]
                o.s.w.s.m.m.a.HttpEntityMethodProcessor - Using 'application/json', given [application/json, text/plain, */*] and supported [application/json, application/*+json]
2026-05-11 19:48:41.653 DEBUG
                [http-nio-8085-exec-5] [687eb16a-218c-4f9c-8052-cf17a6b83a75]
                o.s.w.s.m.m.a.HttpEntityMethodProcessor - Writing [Page 5 of 39047 containing com.mahasbr.entity.MstRegistryDetailsPageEntity instances]
2026-05-11 19:48:41.654 DEBUG
                [http-nio-8085-exec-5] [687eb16a-218c-4f9c-8052-cf17a6b83a75]
                o.s.web.servlet.DispatcherServlet - Completed 200 OK
2026-05-11 19:48:41.838 DEBUG
                [http-nio-8085-exec-1] [7f5dbfb2-c676-433f-acba-9916a2637f1f]
                o.s.web.servlet.DispatcherServlet - GET "/MAHASBR/api/auth/registoryData?page=39046&size=12&sortBy=siNo", parameters={masked}
2026-05-11 19:48:41.838 DEBUG
                [http-nio-8085-exec-1] [7f5dbfb2-c676-433f-acba-9916a2637f1f]
                o.s.w.s.m.m.a.RequestMappingHandlerMapping - Mapped to com.mahasbr.controller.PostLoginDashboardController#getMasterRegistoryDetails(int, int, String, Authentication)
2026-05-11 19:48:44.055 DEBUG
                [http-nio-8085-exec-1] [7f5dbfb2-c676-433f-acba-9916a2637f1f]
                o.s.w.s.m.m.a.HttpEntityMethodProcessor - Using 'application/json', given [application/json, text/plain, */*] and supported [application/json, application/*+json]
2026-05-11 19:48:44.056 DEBUG
                [http-nio-8085-exec-1] [7f5dbfb2-c676-433f-acba-9916a2637f1f]
                o.s.w.s.m.m.a.HttpEntityMethodProcessor - Writing [Page 39047 of 39047 containing com.mahasbr.entity.MstRegistryDetailsPageEntity instances]
2026-05-11 19:48:44.057 DEBUG
                [http-nio-8085-exec-1] [7f5dbfb2-c676-433f-acba-9916a2637f1f]
                o.s.web.servlet.DispatcherServlet - Completed 200 OK
2026-05-11 19:50:03.377 DEBUG
                [http-nio-8085-exec-2] [13b201ab-ffa0-42d3-9d39-10879aef7da1]
                o.s.web.servlet.DispatcherServlet - GET "/MAHASBR/api/auth/registoryData?page=0&size=12&sortBy=siNo", parameters={masked}
2026-05-11 19:50:03.378 DEBUG
                [http-nio-8085-exec-2] [13b201ab-ffa0-42d3-9d39-10879aef7da1]
                o.s.w.s.m.m.a.RequestMappingHandlerMapping - Mapped to com.mahasbr.controller.PostLoginDashboardController#getMasterRegistoryDetails(int, int, String, Authentication)
2026-05-11 19:50:03.491 DEBUG
                [http-nio-8085-exec-2] [13b201ab-ffa0-42d3-9d39-10879aef7da1]
                o.s.w.s.m.m.a.HttpEntityMethodProcessor - Using 'application/json', given [application/json, text/plain, */*] and supported [application/json, application/*+json]
2026-05-11 19:50:03.492 DEBUG
                [http-nio-8085-exec-2] [13b201ab-ffa0-42d3-9d39-10879aef7da1]
                o.s.w.s.m.m.a.HttpEntityMethodProcessor - Writing [Page 1 of 39047 containing com.mahasbr.entity.MstRegistryDetailsPageEntity instances]
2026-05-11 19:50:03.497 DEBUG
                [http-nio-8085-exec-2] [13b201ab-ffa0-42d3-9d39-10879aef7da1]
                o.s.web.servlet.DispatcherServlet - Completed 200 OK
2026-05-11 19:50:06.559 DEBUG
                [http-nio-8085-exec-4] [7016e6c2-f4ed-4c2c-8e91-98a7d40b51c6]
                o.s.web.servlet.DispatcherServlet - GET "/MAHASBR/api/auth/registoryData?page=1&size=12&sortBy=siNo", parameters={masked}
2026-05-11 19:50:06.576 DEBUG
                [http-nio-8085-exec-4] [7016e6c2-f4ed-4c2c-8e91-98a7d40b51c6]
                o.s.w.s.m.m.a.RequestMappingHandlerMapping - Mapped to com.mahasbr.controller.PostLoginDashboardController#getMasterRegistoryDetails(int, int, String, Authentication)
2026-05-11 19:50:07.224 DEBUG
                [http-nio-8085-exec-4] [7016e6c2-f4ed-4c2c-8e91-98a7d40b51c6]
                o.s.w.s.m.m.a.HttpEntityMethodProcessor - Using 'application/json', given [application/json, text/plain, */*] and supported [application/json, application/*+json]
2026-05-11 19:50:07.224 DEBUG
                [http-nio-8085-exec-4] [7016e6c2-f4ed-4c2c-8e91-98a7d40b51c6]
                o.s.w.s.m.m.a.HttpEntityMethodProcessor - Writing [Page 2 of 39047 containing com.mahasbr.entity.MstRegistryDetailsPageEntity instances]
2026-05-11 19:50:07.225 DEBUG
                [http-nio-8085-exec-4] [7016e6c2-f4ed-4c2c-8e91-98a7d40b51c6]
                o.s.web.servlet.DispatcherServlet - Completed 200 OK
2026-05-11 19:50:07.683 DEBUG
                [http-nio-8085-exec-3] [bc82237d-aef5-4dca-a19d-f6745d331b31]
                o.s.web.servlet.DispatcherServlet - GET "/MAHASBR/api/auth/registoryData?page=2&size=12&sortBy=siNo", parameters={masked}
2026-05-11 19:50:07.683 DEBUG
                [http-nio-8085-exec-3] [bc82237d-aef5-4dca-a19d-f6745d331b31]
                o.s.w.s.m.m.a.RequestMappingHandlerMapping - Mapped to com.mahasbr.controller.PostLoginDashboardController#getMasterRegistoryDetails(int, int, String, Authentication)
2026-05-11 19:50:08.358 DEBUG
                [http-nio-8085-exec-3] [bc82237d-aef5-4dca-a19d-f6745d331b31]
                o.s.w.s.m.m.a.HttpEntityMethodProcessor - Using 'application/json', given [application/json, text/plain, */*] and supported [application/json, application/*+json]
2026-05-11 19:50:08.359 DEBUG
                [http-nio-8085-exec-3] [bc82237d-aef5-4dca-a19d-f6745d331b31]
                o.s.w.s.m.m.a.HttpEntityMethodProcessor - Writing [Page 3 of 39047 containing com.mahasbr.entity.MstRegistryDetailsPageEntity instances]
2026-05-11 19:50:08.360 DEBUG
                [http-nio-8085-exec-3] [bc82237d-aef5-4dca-a19d-f6745d331b31]
                o.s.web.servlet.DispatcherServlet - Completed 200 OK
2026-05-11 19:56:38.006 DEBUG
                [http-nio-8085-exec-6] [122cab00-f59e-49d8-8e32-033aab18a217]
                o.s.web.servlet.DispatcherServlet - GET "/MAHASBR/citizenSearch/visitor/summary", parameters={}
2026-05-11 19:56:38.007 ERROR
                [http-nio-8085-exec-9] [f9c00631-c5a0-4d29-8647-54621a7aa03f]
                c.mahasbr.filter.AuthEntryPointJwt - Unauthorized error: Full authentication is required to access this resource
2026-05-11 19:56:38.008 DEBUG
                [http-nio-8085-exec-6] [122cab00-f59e-49d8-8e32-033aab18a217]
                o.s.w.s.m.m.a.RequestMappingHandlerMapping - Mapped to com.mahasbr.controller.VisitorController#getVisitSummary()
2026-05-11 19:56:38.008 ERROR
                [http-nio-8085-exec-9] [f9c00631-c5a0-4d29-8647-54621a7aa03f]
                c.mahasbr.filter.AuthEntryPointJwt - Unauthorized error: Full authentication is required to access this resource
2026-05-11 19:56:38.008 ERROR
                [http-nio-8085-exec-1] [44c6428c-2678-48e5-ac0b-acbe96f7ded9]
                c.mahasbr.filter.AuthEntryPointJwt - Unauthorized error: Full authentication is required to access this resource
2026-05-11 19:56:38.009 DEBUG
                [http-nio-8085-exec-8] [a50ac94d-de51-40e0-b10d-ade14a7e0200]
                o.s.web.servlet.DispatcherServlet - GET "/MAHASBR/citizenSearch/menus/my", parameters={}
2026-05-11 19:56:38.013 ERROR
                [http-nio-8085-exec-9] []
                c.mahasbr.filter.AuthEntryPointJwt - Unauthorized error: Full authentication is required to access this resource
2026-05-11 19:56:38.013 ERROR
                [http-nio-8085-exec-1] [44c6428c-2678-48e5-ac0b-acbe96f7ded9]
                c.mahasbr.filter.AuthEntryPointJwt - Unauthorized error: Full authentication is required to access this resource
2026-05-11 19:56:38.013 DEBUG
                [http-nio-8085-exec-8] [a50ac94d-de51-40e0-b10d-ade14a7e0200]
                o.s.w.s.m.m.a.RequestMappingHandlerMapping - Mapped to com.mahasbr.controller.MenuController#getMyMenus(Authentication)
2026-05-11 19:56:38.014 ERROR
                [http-nio-8085-exec-9] []
                c.mahasbr.filter.AuthEntryPointJwt - Unauthorized error: Full authentication is required to access this resource
2026-05-11 19:56:38.015 DEBUG
                [http-nio-8085-exec-8] [a50ac94d-de51-40e0-b10d-ade14a7e0200]
                o.s.w.s.m.m.a.HttpEntityMethodProcessor - Using 'application/json', given [application/json, text/plain, */*] and supported [application/json, application/*+json]
2026-05-11 19:56:38.015 ERROR
                [http-nio-8085-exec-1] []
                c.mahasbr.filter.AuthEntryPointJwt - Unauthorized error: Full authentication is required to access this resource
2026-05-11 19:56:38.015 ERROR
                [http-nio-8085-exec-1] []
                c.mahasbr.filter.AuthEntryPointJwt - Unauthorized error: Full authentication is required to access this resource
2026-05-11 19:56:38.015 DEBUG
                [http-nio-8085-exec-8] [a50ac94d-de51-40e0-b10d-ade14a7e0200]
                o.s.w.s.m.m.a.HttpEntityMethodProcessor - Writing [ApiResponse(success=false, message=Unauthorized, data=null)]
2026-05-11 19:56:38.016 DEBUG
                [http-nio-8085-exec-8] [a50ac94d-de51-40e0-b10d-ade14a7e0200]
                o.s.web.servlet.DispatcherServlet - Completed 401 UNAUTHORIZED
2026-05-11 19:56:38.027 DEBUG
                [http-nio-8085-exec-6] [122cab00-f59e-49d8-8e32-033aab18a217]
                o.s.w.s.m.m.a.RequestResponseBodyMethodProcessor - Using 'application/json', given [application/json, text/plain, */*] and supported [application/json, application/*+json]
2026-05-11 19:56:38.027 DEBUG
                [http-nio-8085-exec-6] [122cab00-f59e-49d8-8e32-033aab18a217]
                o.s.w.s.m.m.a.RequestResponseBodyMethodProcessor - Writing [{todayVisits=11, totalVisits=152}]
2026-05-11 19:56:38.028 DEBUG
                [http-nio-8085-exec-6] [122cab00-f59e-49d8-8e32-033aab18a217]
                o.s.web.servlet.DispatcherServlet - Completed 200 OK
2026-05-11 19:56:50.141 DEBUG
                [http-nio-8085-exec-7] [55120841-47b6-4f25-b9ad-45d35464e3b4]
                o.s.web.servlet.DispatcherServlet - GET "/MAHASBR/citizenSearch/visitor/summary", parameters={}
2026-05-11 19:56:50.141 DEBUG
                [http-nio-8085-exec-7] [55120841-47b6-4f25-b9ad-45d35464e3b4]
                o.s.w.s.m.m.a.RequestMappingHandlerMapping - Mapped to com.mahasbr.controller.VisitorController#getVisitSummary()
2026-05-11 19:56:50.150 DEBUG
                [http-nio-8085-exec-7] [55120841-47b6-4f25-b9ad-45d35464e3b4]
                o.s.w.s.m.m.a.RequestResponseBodyMethodProcessor - Using 'application/json', given [application/json, text/plain, */*] and supported [application/json, application/*+json]
2026-05-11 19:56:50.150 DEBUG
                [http-nio-8085-exec-7] [55120841-47b6-4f25-b9ad-45d35464e3b4]
                o.s.w.s.m.m.a.RequestResponseBodyMethodProcessor - Writing [{todayVisits=11, totalVisits=152}]
2026-05-11 19:56:50.151 DEBUG
                [http-nio-8085-exec-7] [55120841-47b6-4f25-b9ad-45d35464e3b4]
                o.s.web.servlet.DispatcherServlet - Completed 200 OK
2026-05-11 19:56:51.106 DEBUG
                [http-nio-8085-exec-4] [1887ee73-51be-4894-81fb-c388dc05eeff]
                o.s.web.servlet.DispatcherServlet - GET "/MAHASBR/citizenSearch/menus/my", parameters={}
2026-05-11 19:56:51.106 DEBUG
                [http-nio-8085-exec-4] [1887ee73-51be-4894-81fb-c388dc05eeff]
                o.s.w.s.m.m.a.RequestMappingHandlerMapping - Mapped to com.mahasbr.controller.MenuController#getMyMenus(Authentication)
2026-05-11 19:56:51.107 DEBUG
                [http-nio-8085-exec-3] [310999cb-9ea4-4685-b95f-2025948cf777]
                o.s.web.servlet.DispatcherServlet - GET "/MAHASBR/api/auth/registoryData?page=0&size=12&sortBy=siNo", parameters={masked}
2026-05-11 19:56:51.107 DEBUG
                [http-nio-8085-exec-3] [310999cb-9ea4-4685-b95f-2025948cf777]
                o.s.w.s.m.m.a.RequestMappingHandlerMapping - Mapped to com.mahasbr.controller.PostLoginDashboardController#getMasterRegistoryDetails(int, int, String, Authentication)
2026-05-11 19:56:51.109 DEBUG
                [http-nio-8085-exec-5] [9d5f8cba-ec04-44ee-b689-7ec735e03d10]
                o.s.web.servlet.DispatcherServlet - GET "/MAHASBR/api/auth/districts", parameters={}
2026-05-11 19:56:51.109 DEBUG
                [http-nio-8085-exec-5] [9d5f8cba-ec04-44ee-b689-7ec735e03d10]
                o.s.w.s.m.m.a.RequestMappingHandlerMapping - Mapped to com.mahasbr.controller.PostLoginDashboardController#getAll()
2026-05-11 19:56:51.120 DEBUG
                [http-nio-8085-exec-4] [1887ee73-51be-4894-81fb-c388dc05eeff]
                o.s.w.s.m.m.a.HttpEntityMethodProcessor - Using 'application/json', given [application/json, text/plain, */*] and supported [application/json, application/*+json]
2026-05-11 19:56:51.120 DEBUG
                [http-nio-8085-exec-4] [1887ee73-51be-4894-81fb-c388dc05eeff]
                o.s.w.s.m.m.a.HttpEntityMethodProcessor - Writing [ApiResponse(success=true, message=Menus loaded successfully, data=[MenuDTO(id=18, nameEn=Dashboard,  (truncated)...]
2026-05-11 19:56:51.121 DEBUG
                [http-nio-8085-exec-4] [1887ee73-51be-4894-81fb-c388dc05eeff]
                o.s.web.servlet.DispatcherServlet - Completed 200 OK
2026-05-11 19:56:51.138 DEBUG
                [http-nio-8085-exec-5] [9d5f8cba-ec04-44ee-b689-7ec735e03d10]
                o.s.w.s.m.m.a.HttpEntityMethodProcessor - Using 'application/json', given [application/json, text/plain, */*] and supported [application/json, application/*+json]
2026-05-11 19:56:51.139 DEBUG
                [http-nio-8085-exec-5] [9d5f8cba-ec04-44ee-b689-7ec735e03d10]
                o.s.w.s.m.m.a.HttpEntityMethodProcessor - Writing [[DistrictMaster(districtId=373, censusDistrictCode=919, districtName=Palghar, censusStateCode=27, di (truncated)...]
2026-05-11 19:56:51.140 DEBUG
                [http-nio-8085-exec-5] [9d5f8cba-ec04-44ee-b689-7ec735e03d10]
                o.s.web.servlet.DispatcherServlet - Completed 200 OK
2026-05-11 19:56:51.213 DEBUG
                [http-nio-8085-exec-3] [310999cb-9ea4-4685-b95f-2025948cf777]
                o.s.w.s.m.m.a.HttpEntityMethodProcessor - Using 'application/json', given [application/json, text/plain, */*] and supported [application/json, application/*+json]
2026-05-11 19:56:51.215 DEBUG
                [http-nio-8085-exec-3] [310999cb-9ea4-4685-b95f-2025948cf777]
                o.s.w.s.m.m.a.HttpEntityMethodProcessor - Writing [Page 1 of 39047 containing com.mahasbr.entity.MstRegistryDetailsPageEntity instances]
2026-05-11 19:56:51.218 DEBUG
                [http-nio-8085-exec-3] [310999cb-9ea4-4685-b95f-2025948cf777]
                o.s.web.servlet.DispatcherServlet - Completed 200 OK
2026-05-11 19:58:19.481 DEBUG
                [SpringApplicationShutdownHook] []
                o.s.d.r.l.RedisMessageListenerContainer - Stopped RedisMessageListenerContainer
2026-05-11 19:58:19.486 INFO 
                [SpringApplicationShutdownHook] []
                com.zaxxer.hikari.HikariDataSource - HikariPool-11 - Shutdown initiated...
2026-05-11 19:58:19.533 INFO 
                [SpringApplicationShutdownHook] []
                com.zaxxer.hikari.HikariDataSource - HikariPool-11 - Shutdown completed.
